customer_id,signup_month,activity_month,mrr,plan_tier,region
C00001,2023-01,2023-01,200.0,Pro,NA
C00002,2023-01,2023-01,50.0,Starter,NA
C00002,2023-01,2023-02,50.0,Starter,NA
C00002,2023-01,2023-03,60.0,Starter,NA
C00002,2023-01,2023-04,60.0,Starter,NA
C00002,2023-01,2023-05,60.0,Starter,NA
C00002,2023-01,2023-06,60.0,Starter,NA
C00002,2023-01,2023-07,60.0,Starter,NA
C00002,2023-01,2023-08,72.0,Starter,NA
C00002,2023-01,2023-09,72.0,Starter,NA
C00002,2023-01,2023-10,86.4,Starter,NA
C00002,2023-01,2023-11,103.68,Starter,NA
C00002,2023-01,2023-12,103.68,Starter,NA
C00002,2023-01,2024-01,103.68,Starter,NA
C00002,2023-01,2024-02,103.68,Starter,NA
C00002,2023-01,2024-03,124.42,Starter,NA
C00002,2023-01,2024-04,124.42,Starter,NA
C00002,2023-01,2024-05,124.42,Starter,NA
C00002,2023-01,2024-06,124.42,Starter,NA
C00002,2023-01,2024-07,124.42,Starter,NA
C00002,2023-01,2024-08,149.3,Starter,NA
C00002,2023-01,2024-09,149.3,Starter,NA
C00002,2023-01,2024-10,149.3,Starter,NA
C00002,2023-01,2024-11,179.16,Starter,NA
C00002,2023-01,2024-12,179.16,Starter,NA
C00003,2023-01,2023-01,200.0,Pro,EMEA
C00003,2023-01,2023-02,240.0,Pro,EMEA
C00003,2023-01,2023-03,288.0,Pro,EMEA
C00003,2023-01,2023-04,288.0,Pro,EMEA
C00003,2023-01,2023-05,345.6,Pro,EMEA
C00003,2023-01,2023-06,414.72,Pro,EMEA
C00003,2023-01,2023-07,414.72,Pro,EMEA
C00003,2023-01,2023-08,414.72,Pro,EMEA
C00004,2023-01,2023-01,800.0,Enterprise,EMEA
C00004,2023-01,2023-02,960.0,Enterprise,EMEA
C00004,2023-01,2023-03,960.0,Enterprise,EMEA
C00004,2023-01,2023-04,960.0,Enterprise,EMEA
C00004,2023-01,2023-05,960.0,Enterprise,EMEA
C00004,2023-01,2023-06,960.0,Enterprise,EMEA
C00004,2023-01,2023-07,1152.0,Enterprise,EMEA
C00004,2023-01,2023-08,1152.0,Enterprise,EMEA
C00004,2023-01,2023-09,1152.0,Enterprise,EMEA
C00004,2023-01,2023-10,1152.0,Enterprise,EMEA
C00004,2023-01,2023-11,1152.0,Enterprise,EMEA
C00004,2023-01,2023-12,1152.0,Enterprise,EMEA
C00004,2023-01,2024-01,1152.0,Enterprise,EMEA
C00004,2023-01,2024-02,1382.4,Enterprise,EMEA
C00004,2023-01,2024-03,1382.4,Enterprise,EMEA
C00004,2023-01,2024-04,1382.4,Enterprise,EMEA
C00004,2023-01,2024-05,1382.4,Enterprise,EMEA
C00004,2023-01,2024-06,1382.4,Enterprise,EMEA
C00004,2023-01,2024-07,1382.4,Enterprise,EMEA
C00004,2023-01,2024-08,1658.88,Enterprise,EMEA
C00004,2023-01,2024-09,1658.88,Enterprise,EMEA
C00004,2023-01,2024-10,1658.88,Enterprise,EMEA
C00004,2023-01,2024-11,1658.88,Enterprise,EMEA
C00004,2023-01,2024-12,1658.88,Enterprise,EMEA
C00005,2023-01,2023-01,50.0,Starter,NA
C00005,2023-01,2023-02,50.0,Starter,NA
C00005,2023-01,2023-03,50.0,Starter,NA
C00005,2023-01,2023-04,50.0,Starter,NA
C00005,2023-01,2023-05,60.0,Starter,NA
C00005,2023-01,2023-06,60.0,Starter,NA
C00005,2023-01,2023-07,60.0,Starter,NA
C00005,2023-01,2023-08,60.0,Starter,NA
C00005,2023-01,2023-09,72.0,Starter,NA
C00006,2023-01,2023-01,50.0,Starter,NA
C00006,2023-01,2023-02,60.0,Starter,NA
C00006,2023-01,2023-03,60.0,Starter,NA
C00006,2023-01,2023-04,51.0,Starter,NA
C00006,2023-01,2023-05,51.0,Starter,NA
C00006,2023-01,2023-06,61.2,Starter,NA
C00006,2023-01,2023-07,61.2,Starter,NA
C00006,2023-01,2023-08,61.2,Starter,NA
C00006,2023-01,2023-09,61.2,Starter,NA
C00006,2023-01,2023-10,61.2,Starter,NA
C00006,2023-01,2023-11,73.44,Starter,NA
C00006,2023-01,2023-12,73.44,Starter,NA
C00006,2023-01,2024-01,88.13,Starter,NA
C00006,2023-01,2024-02,88.13,Starter,NA
C00006,2023-01,2024-03,88.13,Starter,NA
C00006,2023-01,2024-04,88.13,Starter,NA
C00006,2023-01,2024-05,105.75,Starter,NA
C00006,2023-01,2024-06,105.75,Starter,NA
C00006,2023-01,2024-07,105.75,Starter,NA
C00006,2023-01,2024-08,105.75,Starter,NA
C00006,2023-01,2024-09,105.75,Starter,NA
C00006,2023-01,2024-10,105.75,Starter,NA
C00006,2023-01,2024-11,105.75,Starter,NA
C00006,2023-01,2024-12,105.75,Starter,NA
C00007,2023-01,2023-01,200.0,Pro,APAC
C00007,2023-01,2023-02,240.0,Pro,APAC
C00007,2023-01,2023-03,288.0,Pro,APAC
C00007,2023-01,2023-04,288.0,Pro,APAC
C00007,2023-01,2023-05,288.0,Pro,APAC
C00007,2023-01,2023-06,288.0,Pro,APAC
C00007,2023-01,2023-07,345.6,Pro,APAC
C00008,2023-01,2023-01,50.0,Starter,NA
C00008,2023-01,2023-02,50.0,Starter,NA
C00008,2023-01,2023-03,50.0,Starter,NA
C00008,2023-01,2023-04,50.0,Starter,NA
C00008,2023-01,2023-05,50.0,Starter,NA
C00008,2023-01,2023-06,42.5,Starter,NA
C00008,2023-01,2023-07,42.5,Starter,NA
C00008,2023-01,2023-08,42.5,Starter,NA
C00008,2023-01,2023-09,42.5,Starter,NA
C00008,2023-01,2023-10,51.0,Starter,NA
C00008,2023-01,2023-11,61.2,Starter,NA
C00008,2023-01,2023-12,73.44,Starter,NA
C00008,2023-01,2024-01,73.44,Starter,NA
C00008,2023-01,2024-02,73.44,Starter,NA
C00008,2023-01,2024-03,73.44,Starter,NA
C00008,2023-01,2024-04,88.13,Starter,NA
C00008,2023-01,2024-05,88.13,Starter,NA
C00008,2023-01,2024-06,88.13,Starter,NA
C00008,2023-01,2024-07,88.13,Starter,NA
C00008,2023-01,2024-08,105.75,Starter,NA
C00008,2023-01,2024-09,105.75,Starter,NA
C00008,2023-01,2024-10,105.75,Starter,NA
C00008,2023-01,2024-11,105.75,Starter,NA
C00008,2023-01,2024-12,105.75,Starter,NA
C00009,2023-01,2023-01,800.0,Enterprise,EMEA
C00009,2023-01,2023-02,800.0,Enterprise,EMEA
C00009,2023-01,2023-03,800.0,Enterprise,EMEA
C00009,2023-01,2023-04,800.0,Enterprise,EMEA
C00009,2023-01,2023-05,800.0,Enterprise,EMEA
C00009,2023-01,2023-06,680.0,Enterprise,EMEA
C00009,2023-01,2023-07,680.0,Enterprise,EMEA
C00009,2023-01,2023-08,680.0,Enterprise,EMEA
C00009,2023-01,2023-09,680.0,Enterprise,EMEA
C00009,2023-01,2023-10,680.0,Enterprise,EMEA
C00009,2023-01,2023-11,680.0,Enterprise,EMEA
C00009,2023-01,2023-12,680.0,Enterprise,EMEA
C00009,2023-01,2024-01,680.0,Enterprise,EMEA
C00009,2023-01,2024-02,680.0,Enterprise,EMEA
C00009,2023-01,2024-03,816.0,Enterprise,EMEA
C00009,2023-01,2024-04,979.2,Enterprise,EMEA
C00009,2023-01,2024-05,979.2,Enterprise,EMEA
C00009,2023-01,2024-06,979.2,Enterprise,EMEA
C00009,2023-01,2024-07,979.2,Enterprise,EMEA
C00009,2023-01,2024-08,979.2,Enterprise,EMEA
C00009,2023-01,2024-09,1175.04,Enterprise,EMEA
C00009,2023-01,2024-10,1410.05,Enterprise,EMEA
C00009,2023-01,2024-11,1410.05,Enterprise,EMEA
C00009,2023-01,2024-12,1410.05,Enterprise,EMEA
C00010,2023-01,2023-01,200.0,Pro,NA
C00010,2023-01,2023-02,200.0,Pro,NA
C00010,2023-01,2023-03,240.0,Pro,NA
C00010,2023-01,2023-04,240.0,Pro,NA
C00010,2023-01,2023-05,240.0,Pro,NA
C00010,2023-01,2023-06,240.0,Pro,NA
C00010,2023-01,2023-07,240.0,Pro,NA
C00010,2023-01,2023-08,240.0,Pro,NA
C00010,2023-01,2023-09,240.0,Pro,NA
C00010,2023-01,2023-10,240.0,Pro,NA
C00010,2023-01,2023-11,288.0,Pro,NA
C00010,2023-01,2023-12,288.0,Pro,NA
C00011,2023-01,2023-01,50.0,Starter,APAC
C00011,2023-01,2023-02,50.0,Starter,APAC
C00011,2023-01,2023-03,50.0,Starter,APAC
C00011,2023-01,2023-04,50.0,Starter,APAC
C00011,2023-01,2023-05,50.0,Starter,APAC
C00011,2023-01,2023-06,50.0,Starter,APAC
C00011,2023-01,2023-07,60.0,Starter,APAC
C00011,2023-01,2023-08,60.0,Starter,APAC
C00011,2023-01,2023-09,72.0,Starter,APAC
C00011,2023-01,2023-10,86.4,Starter,APAC
C00011,2023-01,2023-11,103.68,Starter,APAC
C00011,2023-01,2023-12,88.13,Starter,APAC
C00011,2023-01,2024-01,88.13,Starter,APAC
C00011,2023-01,2024-02,105.75,Starter,APAC
C00011,2023-01,2024-03,105.75,Starter,APAC
C00011,2023-01,2024-04,105.75,Starter,APAC
C00011,2023-01,2024-05,126.9,Starter,APAC
C00011,2023-01,2024-06,126.9,Starter,APAC
C00011,2023-01,2024-07,126.9,Starter,APAC
C00011,2023-01,2024-08,152.29,Starter,APAC
C00011,2023-01,2024-09,182.74,Starter,APAC
C00011,2023-01,2024-10,182.74,Starter,APAC
C00011,2023-01,2024-11,182.74,Starter,APAC
C00011,2023-01,2024-12,182.74,Starter,APAC
C00012,2023-01,2023-01,200.0,Pro,LATAM
C00012,2023-01,2023-02,240.0,Pro,LATAM
C00012,2023-01,2023-03,288.0,Pro,LATAM
C00012,2023-01,2023-04,288.0,Pro,LATAM
C00012,2023-01,2023-05,345.6,Pro,LATAM
C00012,2023-01,2023-06,345.6,Pro,LATAM
C00012,2023-01,2023-07,345.6,Pro,LATAM
C00012,2023-01,2023-08,345.6,Pro,LATAM
C00012,2023-01,2023-09,345.6,Pro,LATAM
C00012,2023-01,2023-10,345.6,Pro,LATAM
C00012,2023-01,2023-11,345.6,Pro,LATAM
C00012,2023-01,2023-12,414.72,Pro,LATAM
C00012,2023-01,2024-01,414.72,Pro,LATAM
C00012,2023-01,2024-02,497.66,Pro,LATAM
C00012,2023-01,2024-03,497.66,Pro,LATAM
C00012,2023-01,2024-04,497.66,Pro,LATAM
C00012,2023-01,2024-05,497.66,Pro,LATAM
C00012,2023-01,2024-06,497.66,Pro,LATAM
C00012,2023-01,2024-07,497.66,Pro,LATAM
C00012,2023-01,2024-08,597.2,Pro,LATAM
C00012,2023-01,2024-09,597.2,Pro,LATAM
C00012,2023-01,2024-10,597.2,Pro,LATAM
C00012,2023-01,2024-11,597.2,Pro,LATAM
C00012,2023-01,2024-12,597.2,Pro,LATAM
C00013,2023-01,2023-01,50.0,Starter,NA
C00013,2023-01,2023-02,50.0,Starter,NA
C00013,2023-01,2023-03,50.0,Starter,NA
C00013,2023-01,2023-04,50.0,Starter,NA
C00013,2023-01,2023-05,50.0,Starter,NA
C00013,2023-01,2023-06,50.0,Starter,NA
C00013,2023-01,2023-07,50.0,Starter,NA
C00013,2023-01,2023-08,60.0,Starter,NA
C00013,2023-01,2023-09,72.0,Starter,NA
C00013,2023-01,2023-10,72.0,Starter,NA
C00013,2023-01,2023-11,72.0,Starter,NA
C00013,2023-01,2023-12,86.4,Starter,NA
C00013,2023-01,2024-01,86.4,Starter,NA
C00013,2023-01,2024-02,103.68,Starter,NA
C00013,2023-01,2024-03,124.42,Starter,NA
C00013,2023-01,2024-04,124.42,Starter,NA
C00013,2023-01,2024-05,124.42,Starter,NA
C00013,2023-01,2024-06,124.42,Starter,NA
C00013,2023-01,2024-07,124.42,Starter,NA
C00013,2023-01,2024-08,149.3,Starter,NA
C00013,2023-01,2024-09,149.3,Starter,NA
C00013,2023-01,2024-10,179.16,Starter,NA
C00013,2023-01,2024-11,179.16,Starter,NA
C00013,2023-01,2024-12,179.16,Starter,NA
C00014,2023-01,2023-01,50.0,Starter,NA
C00014,2023-01,2023-02,50.0,Starter,NA
C00014,2023-01,2023-03,50.0,Starter,NA
C00014,2023-01,2023-04,42.5,Starter,NA
C00014,2023-01,2023-05,51.0,Starter,NA
C00014,2023-01,2023-06,51.0,Starter,NA
C00014,2023-01,2023-07,51.0,Starter,NA
C00014,2023-01,2023-08,61.2,Starter,NA
C00014,2023-01,2023-09,61.2,Starter,NA
C00014,2023-01,2023-10,61.2,Starter,NA
C00014,2023-01,2023-11,61.2,Starter,NA
C00014,2023-01,2023-12,61.2,Starter,NA
C00014,2023-01,2024-01,61.2,Starter,NA
C00014,2023-01,2024-02,61.2,Starter,NA
C00014,2023-01,2024-03,61.2,Starter,NA
C00014,2023-01,2024-04,61.2,Starter,NA
C00014,2023-01,2024-05,61.2,Starter,NA
C00014,2023-01,2024-06,61.2,Starter,NA
C00014,2023-01,2024-07,73.44,Starter,NA
C00014,2023-01,2024-08,73.44,Starter,NA
C00014,2023-01,2024-09,88.13,Starter,NA
C00014,2023-01,2024-10,74.91,Starter,NA
C00015,2023-01,2023-01,800.0,Enterprise,NA
C00015,2023-01,2023-02,800.0,Enterprise,NA
C00016,2023-01,2023-01,50.0,Starter,EMEA
C00016,2023-01,2023-02,50.0,Starter,EMEA
C00016,2023-01,2023-03,50.0,Starter,EMEA
C00016,2023-01,2023-04,50.0,Starter,EMEA
C00016,2023-01,2023-05,50.0,Starter,EMEA
C00016,2023-01,2023-06,50.0,Starter,EMEA
C00016,2023-01,2023-07,50.0,Starter,EMEA
C00016,2023-01,2023-08,50.0,Starter,EMEA
C00016,2023-01,2023-09,50.0,Starter,EMEA
C00016,2023-01,2023-10,50.0,Starter,EMEA
C00016,2023-01,2023-11,50.0,Starter,EMEA
C00016,2023-01,2023-12,60.0,Starter,EMEA
C00016,2023-01,2024-01,60.0,Starter,EMEA
C00016,2023-01,2024-02,60.0,Starter,EMEA
C00016,2023-01,2024-03,60.0,Starter,EMEA
C00016,2023-01,2024-04,60.0,Starter,EMEA
C00016,2023-01,2024-05,60.0,Starter,EMEA
C00016,2023-01,2024-06,60.0,Starter,EMEA
C00016,2023-01,2024-07,72.0,Starter,EMEA
C00016,2023-01,2024-08,86.4,Starter,EMEA
C00016,2023-01,2024-09,86.4,Starter,EMEA
C00016,2023-01,2024-10,86.4,Starter,EMEA
C00016,2023-01,2024-11,86.4,Starter,EMEA
C00016,2023-01,2024-12,103.68,Starter,EMEA
C00017,2023-01,2023-01,200.0,Pro,NA
C00017,2023-01,2023-02,200.0,Pro,NA
C00018,2023-01,2023-01,50.0,Starter,APAC
C00018,2023-01,2023-02,50.0,Starter,APAC
C00018,2023-01,2023-03,50.0,Starter,APAC
C00018,2023-01,2023-04,50.0,Starter,APAC
C00018,2023-01,2023-05,50.0,Starter,APAC
C00018,2023-01,2023-06,50.0,Starter,APAC
C00018,2023-01,2023-07,60.0,Starter,APAC
C00018,2023-01,2023-08,60.0,Starter,APAC
C00018,2023-01,2023-09,60.0,Starter,APAC
C00018,2023-01,2023-10,60.0,Starter,APAC
C00018,2023-01,2023-11,60.0,Starter,APAC
C00018,2023-01,2023-12,60.0,Starter,APAC
C00018,2023-01,2024-01,60.0,Starter,APAC
C00018,2023-01,2024-02,60.0,Starter,APAC
C00018,2023-01,2024-03,60.0,Starter,APAC
C00018,2023-01,2024-04,51.0,Starter,APAC
C00019,2023-01,2023-01,50.0,Starter,EMEA
C00019,2023-01,2023-02,50.0,Starter,EMEA
C00019,2023-01,2023-03,50.0,Starter,EMEA
C00019,2023-01,2023-04,50.0,Starter,EMEA
C00019,2023-01,2023-05,50.0,Starter,EMEA
C00019,2023-01,2023-06,50.0,Starter,EMEA
C00019,2023-01,2023-07,50.0,Starter,EMEA
C00019,2023-01,2023-08,50.0,Starter,EMEA
C00019,2023-01,2023-09,50.0,Starter,EMEA
C00019,2023-01,2023-10,60.0,Starter,EMEA
C00019,2023-01,2023-11,60.0,Starter,EMEA
C00019,2023-01,2023-12,60.0,Starter,EMEA
C00019,2023-01,2024-01,60.0,Starter,EMEA
C00019,2023-01,2024-02,60.0,Starter,EMEA
C00019,2023-01,2024-03,60.0,Starter,EMEA
C00019,2023-01,2024-04,60.0,Starter,EMEA
C00019,2023-01,2024-05,60.0,Starter,EMEA
C00019,2023-01,2024-06,60.0,Starter,EMEA
C00019,2023-01,2024-07,60.0,Starter,EMEA
C00019,2023-01,2024-08,72.0,Starter,EMEA
C00019,2023-01,2024-09,86.4,Starter,EMEA
C00019,2023-01,2024-10,86.4,Starter,EMEA
C00019,2023-01,2024-11,86.4,Starter,EMEA
C00019,2023-01,2024-12,86.4,Starter,EMEA
C00020,2023-01,2023-01,50.0,Starter,NA
C00020,2023-01,2023-02,42.5,Starter,NA
C00020,2023-01,2023-03,42.5,Starter,NA
C00020,2023-01,2023-04,51.0,Starter,NA
C00020,2023-01,2023-05,51.0,Starter,NA
C00021,2023-01,2023-01,50.0,Starter,EMEA
C00021,2023-01,2023-02,50.0,Starter,EMEA
C00021,2023-01,2023-03,50.0,Starter,EMEA
C00021,2023-01,2023-04,50.0,Starter,EMEA
C00021,2023-01,2023-05,50.0,Starter,EMEA
C00021,2023-01,2023-06,50.0,Starter,EMEA
C00021,2023-01,2023-07,50.0,Starter,EMEA
C00021,2023-01,2023-08,50.0,Starter,EMEA
C00021,2023-01,2023-09,60.0,Starter,EMEA
C00021,2023-01,2023-10,72.0,Starter,EMEA
C00021,2023-01,2023-11,86.4,Starter,EMEA
C00021,2023-01,2023-12,103.68,Starter,EMEA
C00021,2023-01,2024-01,103.68,Starter,EMEA
C00021,2023-01,2024-02,103.68,Starter,EMEA
C00021,2023-01,2024-03,103.68,Starter,EMEA
C00022,2023-01,2023-01,200.0,Pro,EMEA
C00022,2023-01,2023-02,200.0,Pro,EMEA
C00022,2023-01,2023-03,200.0,Pro,EMEA
C00022,2023-01,2023-04,200.0,Pro,EMEA
C00022,2023-01,2023-05,200.0,Pro,EMEA
C00022,2023-01,2023-06,200.0,Pro,EMEA
C00022,2023-01,2023-07,200.0,Pro,EMEA
C00022,2023-01,2023-08,170.0,Pro,EMEA
C00022,2023-01,2023-09,170.0,Pro,EMEA
C00022,2023-01,2023-10,204.0,Pro,EMEA
C00022,2023-01,2023-11,244.8,Pro,EMEA
C00022,2023-01,2023-12,244.8,Pro,EMEA
C00022,2023-01,2024-01,244.8,Pro,EMEA
C00022,2023-01,2024-02,244.8,Pro,EMEA
C00022,2023-01,2024-03,293.76,Pro,EMEA
C00022,2023-01,2024-04,293.76,Pro,EMEA
C00022,2023-01,2024-05,293.76,Pro,EMEA
C00022,2023-01,2024-06,352.51,Pro,EMEA
C00023,2023-01,2023-01,800.0,Enterprise,EMEA
C00023,2023-01,2023-02,800.0,Enterprise,EMEA
C00023,2023-01,2023-03,800.0,Enterprise,EMEA
C00023,2023-01,2023-04,800.0,Enterprise,EMEA
C00023,2023-01,2023-05,800.0,Enterprise,EMEA
C00023,2023-01,2023-06,800.0,Enterprise,EMEA
C00023,2023-01,2023-07,960.0,Enterprise,EMEA
C00023,2023-01,2023-08,960.0,Enterprise,EMEA
C00023,2023-01,2023-09,960.0,Enterprise,EMEA
C00023,2023-01,2023-10,960.0,Enterprise,EMEA
C00023,2023-01,2023-11,960.0,Enterprise,EMEA
C00023,2023-01,2023-12,960.0,Enterprise,EMEA
C00023,2023-01,2024-01,960.0,Enterprise,EMEA
C00023,2023-01,2024-02,960.0,Enterprise,EMEA
C00024,2023-01,2023-01,200.0,Pro,EMEA
C00024,2023-01,2023-02,240.0,Pro,EMEA
C00024,2023-01,2023-03,240.0,Pro,EMEA
C00024,2023-01,2023-04,288.0,Pro,EMEA
C00024,2023-01,2023-05,345.6,Pro,EMEA
C00024,2023-01,2023-06,345.6,Pro,EMEA
C00024,2023-01,2023-07,293.76,Pro,EMEA
C00024,2023-01,2023-08,293.76,Pro,EMEA
C00024,2023-01,2023-09,293.76,Pro,EMEA
C00024,2023-01,2023-10,293.76,Pro,EMEA
C00024,2023-01,2023-11,293.76,Pro,EMEA
C00024,2023-01,2023-12,352.51,Pro,EMEA
C00024,2023-01,2024-01,352.51,Pro,EMEA
C00024,2023-01,2024-02,423.01,Pro,EMEA
C00024,2023-01,2024-03,423.01,Pro,EMEA
C00025,2023-01,2023-01,800.0,Enterprise,NA
C00025,2023-01,2023-02,800.0,Enterprise,NA
C00025,2023-01,2023-03,800.0,Enterprise,NA
C00025,2023-01,2023-04,800.0,Enterprise,NA
C00025,2023-01,2023-05,800.0,Enterprise,NA
C00025,2023-01,2023-06,800.0,Enterprise,NA
C00025,2023-01,2023-07,800.0,Enterprise,NA
C00025,2023-01,2023-08,960.0,Enterprise,NA
C00025,2023-01,2023-09,960.0,Enterprise,NA
C00025,2023-01,2023-10,960.0,Enterprise,NA
C00025,2023-01,2023-11,1152.0,Enterprise,NA
C00025,2023-01,2023-12,1152.0,Enterprise,NA
C00025,2023-01,2024-01,979.2,Enterprise,NA
C00025,2023-01,2024-02,979.2,Enterprise,NA
C00025,2023-01,2024-03,979.2,Enterprise,NA
C00025,2023-01,2024-04,979.2,Enterprise,NA
C00025,2023-01,2024-05,979.2,Enterprise,NA
C00025,2023-01,2024-06,1175.04,Enterprise,NA
C00025,2023-01,2024-07,1175.04,Enterprise,NA
C00025,2023-01,2024-08,1175.04,Enterprise,NA
C00025,2023-01,2024-09,1175.04,Enterprise,NA
C00025,2023-01,2024-10,1175.04,Enterprise,NA
C00025,2023-01,2024-11,1410.05,Enterprise,NA
C00025,2023-01,2024-12,1410.05,Enterprise,NA
C00026,2023-01,2023-01,200.0,Pro,EMEA
C00026,2023-01,2023-02,200.0,Pro,EMEA
C00026,2023-01,2023-03,200.0,Pro,EMEA
C00026,2023-01,2023-04,200.0,Pro,EMEA
C00026,2023-01,2023-05,200.0,Pro,EMEA
C00026,2023-01,2023-06,200.0,Pro,EMEA
C00026,2023-01,2023-07,170.0,Pro,EMEA
C00026,2023-01,2023-08,204.0,Pro,EMEA
C00026,2023-01,2023-09,244.8,Pro,EMEA
C00026,2023-01,2023-10,244.8,Pro,EMEA
C00026,2023-01,2023-11,244.8,Pro,EMEA
C00026,2023-01,2023-12,244.8,Pro,EMEA
C00026,2023-01,2024-01,244.8,Pro,EMEA
C00026,2023-01,2024-02,244.8,Pro,EMEA
C00026,2023-01,2024-03,244.8,Pro,EMEA
C00026,2023-01,2024-04,293.76,Pro,EMEA
C00026,2023-01,2024-05,293.76,Pro,EMEA
C00026,2023-01,2024-06,293.76,Pro,EMEA
C00026,2023-01,2024-07,293.76,Pro,EMEA
C00026,2023-01,2024-08,293.76,Pro,EMEA
C00026,2023-01,2024-09,352.51,Pro,EMEA
C00026,2023-01,2024-10,352.51,Pro,EMEA
C00026,2023-01,2024-11,423.01,Pro,EMEA
C00026,2023-01,2024-12,359.56,Pro,EMEA
C00027,2023-01,2023-01,50.0,Starter,LATAM
C00027,2023-01,2023-02,50.0,Starter,LATAM
C00027,2023-01,2023-03,50.0,Starter,LATAM
C00027,2023-01,2023-04,42.5,Starter,LATAM
C00027,2023-01,2023-05,42.5,Starter,LATAM
C00027,2023-01,2023-06,42.5,Starter,LATAM
C00027,2023-01,2023-07,42.5,Starter,LATAM
C00027,2023-01,2023-08,51.0,Starter,LATAM
C00027,2023-01,2023-09,51.0,Starter,LATAM
C00027,2023-01,2023-10,51.0,Starter,LATAM
C00027,2023-01,2023-11,43.35,Starter,LATAM
C00027,2023-01,2023-12,43.35,Starter,LATAM
C00027,2023-01,2024-01,52.02,Starter,LATAM
C00027,2023-01,2024-02,52.02,Starter,LATAM
C00027,2023-01,2024-03,52.02,Starter,LATAM
C00027,2023-01,2024-04,62.42,Starter,LATAM
C00027,2023-01,2024-05,62.42,Starter,LATAM
C00027,2023-01,2024-06,62.42,Starter,LATAM
C00027,2023-01,2024-07,62.42,Starter,LATAM
C00027,2023-01,2024-08,62.42,Starter,LATAM
C00027,2023-01,2024-09,62.42,Starter,LATAM
C00027,2023-01,2024-10,74.91,Starter,LATAM
C00027,2023-01,2024-11,74.91,Starter,LATAM
C00027,2023-01,2024-12,74.91,Starter,LATAM
C00028,2023-01,2023-01,800.0,Enterprise,EMEA
C00028,2023-01,2023-02,800.0,Enterprise,EMEA
C00028,2023-01,2023-03,800.0,Enterprise,EMEA
C00028,2023-01,2023-04,800.0,Enterprise,EMEA
C00028,2023-01,2023-05,800.0,Enterprise,EMEA
C00028,2023-01,2023-06,800.0,Enterprise,EMEA
C00028,2023-01,2023-07,800.0,Enterprise,EMEA
C00028,2023-01,2023-08,800.0,Enterprise,EMEA
C00028,2023-01,2023-09,960.0,Enterprise,EMEA
C00028,2023-01,2023-10,960.0,Enterprise,EMEA
C00028,2023-01,2023-11,960.0,Enterprise,EMEA
C00029,2023-01,2023-01,50.0,Starter,NA
C00029,2023-01,2023-02,50.0,Starter,NA
C00029,2023-01,2023-03,50.0,Starter,NA
C00029,2023-01,2023-04,50.0,Starter,NA
C00029,2023-01,2023-05,50.0,Starter,NA
C00029,2023-01,2023-06,50.0,Starter,NA
C00029,2023-01,2023-07,50.0,Starter,NA
C00029,2023-01,2023-08,50.0,Starter,NA
C00029,2023-01,2023-09,50.0,Starter,NA
C00029,2023-01,2023-10,50.0,Starter,NA
C00029,2023-01,2023-11,50.0,Starter,NA
C00029,2023-01,2023-12,60.0,Starter,NA
C00029,2023-01,2024-01,60.0,Starter,NA
C00029,2023-01,2024-02,60.0,Starter,NA
C00029,2023-01,2024-03,60.0,Starter,NA
C00029,2023-01,2024-04,60.0,Starter,NA
C00029,2023-01,2024-05,60.0,Starter,NA
C00029,2023-01,2024-06,60.0,Starter,NA
C00029,2023-01,2024-07,60.0,Starter,NA
C00029,2023-01,2024-08,60.0,Starter,NA
C00029,2023-01,2024-09,60.0,Starter,NA
C00029,2023-01,2024-10,60.0,Starter,NA
C00029,2023-01,2024-11,60.0,Starter,NA
C00029,2023-01,2024-12,60.0,Starter,NA
C00030,2023-01,2023-01,50.0,Starter,NA
C00030,2023-01,2023-02,50.0,Starter,NA
C00030,2023-01,2023-03,60.0,Starter,NA
C00030,2023-01,2023-04,60.0,Starter,NA
C00030,2023-01,2023-05,72.0,Starter,NA
C00030,2023-01,2023-06,86.4,Starter,NA
C00030,2023-01,2023-07,86.4,Starter,NA
C00030,2023-01,2023-08,103.68,Starter,NA
C00030,2023-01,2023-09,103.68,Starter,NA
C00030,2023-01,2023-10,103.68,Starter,NA
C00030,2023-01,2023-11,124.42,Starter,NA
C00030,2023-01,2023-12,124.42,Starter,NA
C00030,2023-01,2024-01,124.42,Starter,NA
C00030,2023-01,2024-02,124.42,Starter,NA
C00030,2023-01,2024-03,124.42,Starter,NA
C00030,2023-01,2024-04,124.42,Starter,NA
C00030,2023-01,2024-05,124.42,Starter,NA
C00030,2023-01,2024-06,124.42,Starter,NA
C00030,2023-01,2024-07,149.3,Starter,NA
C00030,2023-01,2024-08,149.3,Starter,NA
C00030,2023-01,2024-09,149.3,Starter,NA
C00030,2023-01,2024-10,179.16,Starter,NA
C00030,2023-01,2024-11,179.16,Starter,NA
C00030,2023-01,2024-12,179.16,Starter,NA
C00031,2023-01,2023-01,50.0,Starter,EMEA
C00031,2023-01,2023-02,50.0,Starter,EMEA
C00031,2023-01,2023-03,60.0,Starter,EMEA
C00031,2023-01,2023-04,72.0,Starter,EMEA
C00031,2023-01,2023-05,72.0,Starter,EMEA
C00031,2023-01,2023-06,86.4,Starter,EMEA
C00032,2023-01,2023-01,50.0,Starter,APAC
C00033,2023-01,2023-01,200.0,Pro,APAC
C00033,2023-01,2023-02,240.0,Pro,APAC
C00033,2023-01,2023-03,240.0,Pro,APAC
C00033,2023-01,2023-04,240.0,Pro,APAC
C00033,2023-01,2023-05,240.0,Pro,APAC
C00033,2023-01,2023-06,240.0,Pro,APAC
C00033,2023-01,2023-07,240.0,Pro,APAC
C00033,2023-01,2023-08,240.0,Pro,APAC
C00033,2023-01,2023-09,204.0,Pro,APAC
C00033,2023-01,2023-10,204.0,Pro,APAC
C00033,2023-01,2023-11,244.8,Pro,APAC
C00033,2023-01,2023-12,293.76,Pro,APAC
C00033,2023-01,2024-01,293.76,Pro,APAC
C00033,2023-01,2024-02,352.51,Pro,APAC
C00033,2023-01,2024-03,352.51,Pro,APAC
C00033,2023-01,2024-04,352.51,Pro,APAC
C00033,2023-01,2024-05,352.51,Pro,APAC
C00033,2023-01,2024-06,352.51,Pro,APAC
C00033,2023-01,2024-07,352.51,Pro,APAC
C00033,2023-01,2024-08,352.51,Pro,APAC
C00033,2023-01,2024-09,352.51,Pro,APAC
C00033,2023-01,2024-10,423.01,Pro,APAC
C00033,2023-01,2024-11,423.01,Pro,APAC
C00033,2023-01,2024-12,423.01,Pro,APAC
C00034,2023-01,2023-01,200.0,Pro,EMEA
C00034,2023-01,2023-02,200.0,Pro,EMEA
C00034,2023-01,2023-03,200.0,Pro,EMEA
C00034,2023-01,2023-04,200.0,Pro,EMEA
C00034,2023-01,2023-05,240.0,Pro,EMEA
C00034,2023-01,2023-06,240.0,Pro,EMEA
C00034,2023-01,2023-07,288.0,Pro,EMEA
C00034,2023-01,2023-08,288.0,Pro,EMEA
C00034,2023-01,2023-09,288.0,Pro,EMEA
C00034,2023-01,2023-10,244.8,Pro,EMEA
C00034,2023-01,2023-11,208.08,Pro,EMEA
C00034,2023-01,2023-12,176.87,Pro,EMEA
C00034,2023-01,2024-01,150.34,Pro,EMEA
C00034,2023-01,2024-02,180.41,Pro,EMEA
C00034,2023-01,2024-03,180.41,Pro,EMEA
C00034,2023-01,2024-04,180.41,Pro,EMEA
C00034,2023-01,2024-05,180.41,Pro,EMEA
C00034,2023-01,2024-06,180.41,Pro,EMEA
C00034,2023-01,2024-07,180.41,Pro,EMEA
C00034,2023-01,2024-08,216.49,Pro,EMEA
C00034,2023-01,2024-09,259.78,Pro,EMEA
C00034,2023-01,2024-10,311.74,Pro,EMEA
C00034,2023-01,2024-11,311.74,Pro,EMEA
C00034,2023-01,2024-12,311.74,Pro,EMEA
C00035,2023-01,2023-01,50.0,Starter,NA
C00035,2023-01,2023-02,50.0,Starter,NA
C00035,2023-01,2023-03,60.0,Starter,NA
C00035,2023-01,2023-04,60.0,Starter,NA
C00035,2023-01,2023-05,60.0,Starter,NA
C00035,2023-01,2023-06,60.0,Starter,NA
C00035,2023-01,2023-07,72.0,Starter,NA
C00035,2023-01,2023-08,61.2,Starter,NA
C00035,2023-01,2023-09,61.2,Starter,NA
C00035,2023-01,2023-10,61.2,Starter,NA
C00035,2023-01,2023-11,61.2,Starter,NA
C00035,2023-01,2023-12,61.2,Starter,NA
C00035,2023-01,2024-01,61.2,Starter,NA
C00035,2023-01,2024-02,61.2,Starter,NA
C00035,2023-01,2024-03,61.2,Starter,NA
C00035,2023-01,2024-04,61.2,Starter,NA
C00035,2023-01,2024-05,61.2,Starter,NA
C00035,2023-01,2024-06,73.44,Starter,NA
C00035,2023-01,2024-07,73.44,Starter,NA
C00035,2023-01,2024-08,62.42,Starter,NA
C00035,2023-01,2024-09,62.42,Starter,NA
C00035,2023-01,2024-10,62.42,Starter,NA
C00035,2023-01,2024-11,62.42,Starter,NA
C00035,2023-01,2024-12,74.91,Starter,NA
C00036,2023-01,2023-01,800.0,Enterprise,EMEA
C00037,2023-01,2023-01,50.0,Starter,EMEA
C00037,2023-01,2023-02,60.0,Starter,EMEA
C00037,2023-01,2023-03,60.0,Starter,EMEA
C00037,2023-01,2023-04,60.0,Starter,EMEA
C00038,2023-01,2023-01,200.0,Pro,NA
C00038,2023-01,2023-02,200.0,Pro,NA
C00038,2023-01,2023-03,200.0,Pro,NA
C00038,2023-01,2023-04,200.0,Pro,NA
C00038,2023-01,2023-05,200.0,Pro,NA
C00038,2023-01,2023-06,200.0,Pro,NA
C00038,2023-01,2023-07,170.0,Pro,NA
C00038,2023-01,2023-08,170.0,Pro,NA
C00038,2023-01,2023-09,204.0,Pro,NA
C00038,2023-01,2023-10,204.0,Pro,NA
C00038,2023-01,2023-11,204.0,Pro,NA
C00038,2023-01,2023-12,204.0,Pro,NA
C00038,2023-01,2024-01,204.0,Pro,NA
C00038,2023-01,2024-02,204.0,Pro,NA
C00038,2023-01,2024-03,204.0,Pro,NA
C00038,2023-01,2024-04,204.0,Pro,NA
C00039,2023-01,2023-01,50.0,Starter,EMEA
C00039,2023-01,2023-02,60.0,Starter,EMEA
C00039,2023-01,2023-03,60.0,Starter,EMEA
C00039,2023-01,2023-04,72.0,Starter,EMEA
C00039,2023-01,2023-05,72.0,Starter,EMEA
C00039,2023-01,2023-06,86.4,Starter,EMEA
C00039,2023-01,2023-07,86.4,Starter,EMEA
C00039,2023-01,2023-08,86.4,Starter,EMEA
C00039,2023-01,2023-09,86.4,Starter,EMEA
C00039,2023-01,2023-10,103.68,Starter,EMEA
C00039,2023-01,2023-11,103.68,Starter,EMEA
C00039,2023-01,2023-12,103.68,Starter,EMEA
C00039,2023-01,2024-01,124.42,Starter,EMEA
C00039,2023-01,2024-02,124.42,Starter,EMEA
C00039,2023-01,2024-03,149.3,Starter,EMEA
C00039,2023-01,2024-04,149.3,Starter,EMEA
C00039,2023-01,2024-05,179.16,Starter,EMEA
C00039,2023-01,2024-06,179.16,Starter,EMEA
C00039,2023-01,2024-07,214.99,Starter,EMEA
C00039,2023-01,2024-08,257.99,Starter,EMEA
C00039,2023-01,2024-09,257.99,Starter,EMEA
C00039,2023-01,2024-10,257.99,Starter,EMEA
C00039,2023-01,2024-11,309.59,Starter,EMEA
C00039,2023-01,2024-12,309.59,Starter,EMEA
C00040,2023-01,2023-01,800.0,Enterprise,NA
C00040,2023-01,2023-02,800.0,Enterprise,NA
C00040,2023-01,2023-03,800.0,Enterprise,NA
C00040,2023-01,2023-04,800.0,Enterprise,NA
C00040,2023-01,2023-05,800.0,Enterprise,NA
C00040,2023-01,2023-06,800.0,Enterprise,NA
C00040,2023-01,2023-07,800.0,Enterprise,NA
C00040,2023-01,2023-08,800.0,Enterprise,NA
C00040,2023-01,2023-09,800.0,Enterprise,NA
C00040,2023-01,2023-10,800.0,Enterprise,NA
C00040,2023-01,2023-11,960.0,Enterprise,NA
C00040,2023-01,2023-12,960.0,Enterprise,NA
C00040,2023-01,2024-01,960.0,Enterprise,NA
C00040,2023-01,2024-02,1152.0,Enterprise,NA
C00040,2023-01,2024-03,1152.0,Enterprise,NA
C00040,2023-01,2024-04,1152.0,Enterprise,NA
C00040,2023-01,2024-05,1152.0,Enterprise,NA
C00040,2023-01,2024-06,1382.4,Enterprise,NA
C00040,2023-01,2024-07,1658.88,Enterprise,NA
C00040,2023-01,2024-08,1658.88,Enterprise,NA
C00040,2023-01,2024-09,1658.88,Enterprise,NA
C00040,2023-01,2024-10,1410.05,Enterprise,NA
C00040,2023-01,2024-11,1410.05,Enterprise,NA
C00040,2023-01,2024-12,1410.05,Enterprise,NA
C00041,2023-01,2023-01,50.0,Starter,NA
C00041,2023-01,2023-02,50.0,Starter,NA
C00041,2023-01,2023-03,50.0,Starter,NA
C00041,2023-01,2023-04,50.0,Starter,NA
C00041,2023-01,2023-05,50.0,Starter,NA
C00041,2023-01,2023-06,50.0,Starter,NA
C00041,2023-01,2023-07,60.0,Starter,NA
C00041,2023-01,2023-08,51.0,Starter,NA
C00041,2023-01,2023-09,51.0,Starter,NA
C00041,2023-01,2023-10,51.0,Starter,NA
C00041,2023-01,2023-11,51.0,Starter,NA
C00041,2023-01,2023-12,51.0,Starter,NA
C00041,2023-01,2024-01,61.2,Starter,NA
C00041,2023-01,2024-02,61.2,Starter,NA
C00041,2023-01,2024-03,73.44,Starter,NA
C00041,2023-01,2024-04,73.44,Starter,NA
C00041,2023-01,2024-05,73.44,Starter,NA
C00041,2023-01,2024-06,73.44,Starter,NA
C00041,2023-01,2024-07,73.44,Starter,NA
C00041,2023-01,2024-08,73.44,Starter,NA
C00041,2023-01,2024-09,73.44,Starter,NA
C00041,2023-01,2024-10,73.44,Starter,NA
C00041,2023-01,2024-11,73.44,Starter,NA
C00041,2023-01,2024-12,73.44,Starter,NA
C00042,2023-01,2023-01,200.0,Pro,EMEA
C00042,2023-01,2023-02,200.0,Pro,EMEA
C00042,2023-01,2023-03,170.0,Pro,EMEA
C00042,2023-01,2023-04,170.0,Pro,EMEA
C00042,2023-01,2023-05,170.0,Pro,EMEA
C00042,2023-01,2023-06,170.0,Pro,EMEA
C00042,2023-01,2023-07,144.5,Pro,EMEA
C00042,2023-01,2023-08,144.5,Pro,EMEA
C00042,2023-01,2023-09,144.5,Pro,EMEA
C00042,2023-01,2023-10,173.4,Pro,EMEA
C00042,2023-01,2023-11,173.4,Pro,EMEA
C00042,2023-01,2023-12,173.4,Pro,EMEA
C00042,2023-01,2024-01,208.08,Pro,EMEA
C00042,2023-01,2024-02,208.08,Pro,EMEA
C00042,2023-01,2024-03,208.08,Pro,EMEA
C00042,2023-01,2024-04,208.08,Pro,EMEA
C00042,2023-01,2024-05,208.08,Pro,EMEA
C00042,2023-01,2024-06,208.08,Pro,EMEA
C00042,2023-01,2024-07,249.7,Pro,EMEA
C00042,2023-01,2024-08,249.7,Pro,EMEA
C00042,2023-01,2024-09,249.7,Pro,EMEA
C00042,2023-01,2024-10,249.7,Pro,EMEA
C00042,2023-01,2024-11,249.7,Pro,EMEA
C00042,2023-01,2024-12,249.7,Pro,EMEA
C00043,2023-01,2023-01,800.0,Enterprise,EMEA
C00043,2023-01,2023-02,800.0,Enterprise,EMEA
C00043,2023-01,2023-03,800.0,Enterprise,EMEA
C00043,2023-01,2023-04,800.0,Enterprise,EMEA
C00043,2023-01,2023-05,800.0,Enterprise,EMEA
C00043,2023-01,2023-06,960.0,Enterprise,EMEA
C00043,2023-01,2023-07,960.0,Enterprise,EMEA
C00043,2023-01,2023-08,960.0,Enterprise,EMEA
C00043,2023-01,2023-09,960.0,Enterprise,EMEA
C00043,2023-01,2023-10,960.0,Enterprise,EMEA
C00043,2023-01,2023-11,960.0,Enterprise,EMEA
C00043,2023-01,2023-12,960.0,Enterprise,EMEA
C00043,2023-01,2024-01,960.0,Enterprise,EMEA
C00043,2023-01,2024-02,960.0,Enterprise,EMEA
C00043,2023-01,2024-03,960.0,Enterprise,EMEA
C00043,2023-01,2024-04,960.0,Enterprise,EMEA
C00043,2023-01,2024-05,1152.0,Enterprise,EMEA
C00043,2023-01,2024-06,1382.4,Enterprise,EMEA
C00043,2023-01,2024-07,1382.4,Enterprise,EMEA
C00043,2023-01,2024-08,1382.4,Enterprise,EMEA
C00043,2023-01,2024-09,1658.88,Enterprise,EMEA
C00043,2023-01,2024-10,1658.88,Enterprise,EMEA
C00043,2023-01,2024-11,1990.66,Enterprise,EMEA
C00043,2023-01,2024-12,1990.66,Enterprise,EMEA
C00044,2023-01,2023-01,800.0,Enterprise,NA
C00044,2023-01,2023-02,800.0,Enterprise,NA
C00044,2023-01,2023-03,800.0,Enterprise,NA
C00044,2023-01,2023-04,800.0,Enterprise,NA
C00044,2023-01,2023-05,680.0,Enterprise,NA
C00045,2023-01,2023-01,200.0,Pro,LATAM
C00046,2023-01,2023-01,50.0,Starter,EMEA
C00046,2023-01,2023-02,60.0,Starter,EMEA
C00046,2023-01,2023-03,60.0,Starter,EMEA
C00046,2023-01,2023-04,51.0,Starter,EMEA
C00046,2023-01,2023-05,51.0,Starter,EMEA
C00046,2023-01,2023-06,51.0,Starter,EMEA
C00046,2023-01,2023-07,51.0,Starter,EMEA
C00046,2023-01,2023-08,51.0,Starter,EMEA
C00046,2023-01,2023-09,51.0,Starter,EMEA
C00046,2023-01,2023-10,51.0,Starter,EMEA
C00046,2023-01,2023-11,61.2,Starter,EMEA
C00046,2023-01,2023-12,52.02,Starter,EMEA
C00046,2023-01,2024-01,52.02,Starter,EMEA
C00046,2023-01,2024-02,52.02,Starter,EMEA
C00046,2023-01,2024-03,52.02,Starter,EMEA
C00046,2023-01,2024-04,52.02,Starter,EMEA
C00046,2023-01,2024-05,62.42,Starter,EMEA
C00046,2023-01,2024-06,62.42,Starter,EMEA
C00046,2023-01,2024-07,62.42,Starter,EMEA
C00046,2023-01,2024-08,74.91,Starter,EMEA
C00046,2023-01,2024-09,74.91,Starter,EMEA
C00046,2023-01,2024-10,63.67,Starter,EMEA
C00046,2023-01,2024-11,63.67,Starter,EMEA
C00046,2023-01,2024-12,63.67,Starter,EMEA
C00047,2023-01,2023-01,50.0,Starter,EMEA
C00047,2023-01,2023-02,60.0,Starter,EMEA
C00047,2023-01,2023-03,60.0,Starter,EMEA
C00047,2023-01,2023-04,60.0,Starter,EMEA
C00047,2023-01,2023-05,60.0,Starter,EMEA
C00047,2023-01,2023-06,60.0,Starter,EMEA
C00047,2023-01,2023-07,60.0,Starter,EMEA
C00047,2023-01,2023-08,60.0,Starter,EMEA
C00047,2023-01,2023-09,60.0,Starter,EMEA
C00047,2023-01,2023-10,60.0,Starter,EMEA
C00047,2023-01,2023-11,60.0,Starter,EMEA
C00047,2023-01,2023-12,60.0,Starter,EMEA
C00047,2023-01,2024-01,60.0,Starter,EMEA
C00047,2023-01,2024-02,60.0,Starter,EMEA
C00047,2023-01,2024-03,60.0,Starter,EMEA
C00047,2023-01,2024-04,60.0,Starter,EMEA
C00047,2023-01,2024-05,60.0,Starter,EMEA
C00047,2023-01,2024-06,60.0,Starter,EMEA
C00047,2023-01,2024-07,60.0,Starter,EMEA
C00047,2023-01,2024-08,60.0,Starter,EMEA
C00047,2023-01,2024-09,60.0,Starter,EMEA
C00047,2023-01,2024-10,60.0,Starter,EMEA
C00047,2023-01,2024-11,60.0,Starter,EMEA
C00047,2023-01,2024-12,60.0,Starter,EMEA
C00048,2023-01,2023-01,50.0,Starter,NA
C00048,2023-01,2023-02,50.0,Starter,NA
C00048,2023-01,2023-03,60.0,Starter,NA
C00048,2023-01,2023-04,60.0,Starter,NA
C00048,2023-01,2023-05,60.0,Starter,NA
C00048,2023-01,2023-06,72.0,Starter,NA
C00048,2023-01,2023-07,72.0,Starter,NA
C00048,2023-01,2023-08,72.0,Starter,NA
C00048,2023-01,2023-09,61.2,Starter,NA
C00048,2023-01,2023-10,61.2,Starter,NA
C00048,2023-01,2023-11,61.2,Starter,NA
C00048,2023-01,2023-12,61.2,Starter,NA
C00048,2023-01,2024-01,61.2,Starter,NA
C00048,2023-01,2024-02,61.2,Starter,NA
C00048,2023-01,2024-03,61.2,Starter,NA
C00048,2023-01,2024-04,52.02,Starter,NA
C00048,2023-01,2024-05,52.02,Starter,NA
C00048,2023-01,2024-06,52.02,Starter,NA
C00048,2023-01,2024-07,52.02,Starter,NA
C00048,2023-01,2024-08,52.02,Starter,NA
C00048,2023-01,2024-09,62.42,Starter,NA
C00048,2023-01,2024-10,74.91,Starter,NA
C00048,2023-01,2024-11,89.89,Starter,NA
C00048,2023-01,2024-12,107.87,Starter,NA
C00049,2023-01,2023-01,200.0,Pro,APAC
C00049,2023-01,2023-02,200.0,Pro,APAC
C00049,2023-01,2023-03,200.0,Pro,APAC
C00049,2023-01,2023-04,200.0,Pro,APAC
C00049,2023-01,2023-05,200.0,Pro,APAC
C00049,2023-01,2023-06,200.0,Pro,APAC
C00049,2023-01,2023-07,240.0,Pro,APAC
C00049,2023-01,2023-08,240.0,Pro,APAC
C00049,2023-01,2023-09,240.0,Pro,APAC
C00049,2023-01,2023-10,288.0,Pro,APAC
C00049,2023-01,2023-11,288.0,Pro,APAC
C00049,2023-01,2023-12,288.0,Pro,APAC
C00049,2023-01,2024-01,288.0,Pro,APAC
C00049,2023-01,2024-02,288.0,Pro,APAC
C00049,2023-01,2024-03,288.0,Pro,APAC
C00049,2023-01,2024-04,288.0,Pro,APAC
C00049,2023-01,2024-05,288.0,Pro,APAC
C00049,2023-01,2024-06,288.0,Pro,APAC
C00049,2023-01,2024-07,288.0,Pro,APAC
C00049,2023-01,2024-08,345.6,Pro,APAC
C00049,2023-01,2024-09,345.6,Pro,APAC
C00049,2023-01,2024-10,345.6,Pro,APAC
C00049,2023-01,2024-11,345.6,Pro,APAC
C00049,2023-01,2024-12,345.6,Pro,APAC
C00050,2023-01,2023-01,800.0,Enterprise,EMEA
C00050,2023-01,2023-02,800.0,Enterprise,EMEA
C00050,2023-01,2023-03,960.0,Enterprise,EMEA
C00050,2023-01,2023-04,960.0,Enterprise,EMEA
C00050,2023-01,2023-05,960.0,Enterprise,EMEA
C00050,2023-01,2023-06,960.0,Enterprise,EMEA
C00050,2023-01,2023-07,816.0,Enterprise,EMEA
C00050,2023-01,2023-08,979.2,Enterprise,EMEA
C00051,2023-01,2023-01,50.0,Starter,APAC
C00051,2023-01,2023-02,60.0,Starter,APAC
C00051,2023-01,2023-03,72.0,Starter,APAC
C00051,2023-01,2023-04,86.4,Starter,APAC
C00051,2023-01,2023-05,86.4,Starter,APAC
C00051,2023-01,2023-06,86.4,Starter,APAC
C00051,2023-01,2023-07,86.4,Starter,APAC
C00051,2023-01,2023-08,86.4,Starter,APAC
C00051,2023-01,2023-09,86.4,Starter,APAC
C00051,2023-01,2023-10,86.4,Starter,APAC
C00051,2023-01,2023-11,86.4,Starter,APAC
C00051,2023-01,2023-12,86.4,Starter,APAC
C00051,2023-01,2024-01,86.4,Starter,APAC
C00051,2023-01,2024-02,86.4,Starter,APAC
C00051,2023-01,2024-03,86.4,Starter,APAC
C00051,2023-01,2024-04,86.4,Starter,APAC
C00051,2023-01,2024-05,86.4,Starter,APAC
C00051,2023-01,2024-06,86.4,Starter,APAC
C00051,2023-01,2024-07,86.4,Starter,APAC
C00051,2023-01,2024-08,86.4,Starter,APAC
C00051,2023-01,2024-09,86.4,Starter,APAC
C00051,2023-01,2024-10,86.4,Starter,APAC
C00051,2023-01,2024-11,86.4,Starter,APAC
C00051,2023-01,2024-12,86.4,Starter,APAC
C00052,2023-01,2023-01,50.0,Starter,APAC
C00052,2023-01,2023-02,50.0,Starter,APAC
C00052,2023-01,2023-03,50.0,Starter,APAC
C00053,2023-01,2023-01,50.0,Starter,NA
C00053,2023-01,2023-02,50.0,Starter,NA
C00053,2023-01,2023-03,60.0,Starter,NA
C00053,2023-01,2023-04,72.0,Starter,NA
C00053,2023-01,2023-05,86.4,Starter,NA
C00053,2023-01,2023-06,86.4,Starter,NA
C00053,2023-01,2023-07,103.68,Starter,NA
C00053,2023-01,2023-08,103.68,Starter,NA
C00054,2023-01,2023-01,50.0,Starter,LATAM
C00054,2023-01,2023-02,60.0,Starter,LATAM
C00054,2023-01,2023-03,60.0,Starter,LATAM
C00054,2023-01,2023-04,60.0,Starter,LATAM
C00054,2023-01,2023-05,60.0,Starter,LATAM
C00054,2023-01,2023-06,60.0,Starter,LATAM
C00054,2023-01,2023-07,60.0,Starter,LATAM
C00054,2023-01,2023-08,60.0,Starter,LATAM
C00054,2023-01,2023-09,72.0,Starter,LATAM
C00054,2023-01,2023-10,72.0,Starter,LATAM
C00054,2023-01,2023-11,72.0,Starter,LATAM
C00054,2023-01,2023-12,72.0,Starter,LATAM
C00054,2023-01,2024-01,72.0,Starter,LATAM
C00054,2023-01,2024-02,72.0,Starter,LATAM
C00054,2023-01,2024-03,72.0,Starter,LATAM
C00054,2023-01,2024-04,72.0,Starter,LATAM
C00054,2023-01,2024-05,72.0,Starter,LATAM
C00054,2023-01,2024-06,61.2,Starter,LATAM
C00054,2023-01,2024-07,73.44,Starter,LATAM
C00054,2023-01,2024-08,73.44,Starter,LATAM
C00055,2023-01,2023-01,200.0,Pro,LATAM
C00055,2023-01,2023-02,200.0,Pro,LATAM
C00055,2023-01,2023-03,240.0,Pro,LATAM
C00055,2023-01,2023-04,240.0,Pro,LATAM
C00055,2023-01,2023-05,240.0,Pro,LATAM
C00055,2023-01,2023-06,288.0,Pro,LATAM
C00055,2023-01,2023-07,345.6,Pro,LATAM
C00055,2023-01,2023-08,345.6,Pro,LATAM
C00055,2023-01,2023-09,345.6,Pro,LATAM
C00055,2023-01,2023-10,345.6,Pro,LATAM
C00055,2023-01,2023-11,345.6,Pro,LATAM
C00055,2023-01,2023-12,293.76,Pro,LATAM
C00055,2023-01,2024-01,293.76,Pro,LATAM
C00055,2023-01,2024-02,249.7,Pro,LATAM
C00055,2023-01,2024-03,249.7,Pro,LATAM
C00055,2023-01,2024-04,249.7,Pro,LATAM
C00055,2023-01,2024-05,249.7,Pro,LATAM
C00055,2023-01,2024-06,249.7,Pro,LATAM
C00055,2023-01,2024-07,299.64,Pro,LATAM
C00055,2023-01,2024-08,299.64,Pro,LATAM
C00055,2023-01,2024-09,359.56,Pro,LATAM
C00055,2023-01,2024-10,359.56,Pro,LATAM
C00055,2023-01,2024-11,359.56,Pro,LATAM
C00055,2023-01,2024-12,359.56,Pro,LATAM
C00056,2023-01,2023-01,800.0,Enterprise,EMEA
C00056,2023-01,2023-02,800.0,Enterprise,EMEA
C00056,2023-01,2023-03,960.0,Enterprise,EMEA
C00056,2023-01,2023-04,960.0,Enterprise,EMEA
C00056,2023-01,2023-05,960.0,Enterprise,EMEA
C00056,2023-01,2023-06,960.0,Enterprise,EMEA
C00056,2023-01,2023-07,960.0,Enterprise,EMEA
C00056,2023-01,2023-08,1152.0,Enterprise,EMEA
C00056,2023-01,2023-09,1152.0,Enterprise,EMEA
C00056,2023-01,2023-10,1382.4,Enterprise,EMEA
C00057,2023-01,2023-01,50.0,Starter,EMEA
C00057,2023-01,2023-02,50.0,Starter,EMEA
C00057,2023-01,2023-03,50.0,Starter,EMEA
C00057,2023-01,2023-04,60.0,Starter,EMEA
C00057,2023-01,2023-05,60.0,Starter,EMEA
C00057,2023-01,2023-06,72.0,Starter,EMEA
C00057,2023-01,2023-07,72.0,Starter,EMEA
C00058,2023-01,2023-01,200.0,Pro,APAC
C00058,2023-01,2023-02,200.0,Pro,APAC
C00058,2023-01,2023-03,200.0,Pro,APAC
C00058,2023-01,2023-04,240.0,Pro,APAC
C00058,2023-01,2023-05,240.0,Pro,APAC
C00058,2023-01,2023-06,240.0,Pro,APAC
C00058,2023-01,2023-07,288.0,Pro,APAC
C00058,2023-01,2023-08,288.0,Pro,APAC
C00058,2023-01,2023-09,288.0,Pro,APAC
C00058,2023-01,2023-10,288.0,Pro,APAC
C00058,2023-01,2023-11,345.6,Pro,APAC
C00058,2023-01,2023-12,345.6,Pro,APAC
C00058,2023-01,2024-01,414.72,Pro,APAC
C00058,2023-01,2024-02,414.72,Pro,APAC
C00058,2023-01,2024-03,414.72,Pro,APAC
C00058,2023-01,2024-04,414.72,Pro,APAC
C00058,2023-01,2024-05,414.72,Pro,APAC
C00058,2023-01,2024-06,414.72,Pro,APAC
C00058,2023-01,2024-07,414.72,Pro,APAC
C00058,2023-01,2024-08,352.51,Pro,APAC
C00058,2023-01,2024-09,423.01,Pro,APAC
C00058,2023-01,2024-10,359.56,Pro,APAC
C00058,2023-01,2024-11,305.63,Pro,APAC
C00058,2023-01,2024-12,305.63,Pro,APAC
C00059,2023-01,2023-01,200.0,Pro,EMEA
C00059,2023-01,2023-02,200.0,Pro,EMEA
C00059,2023-01,2023-03,170.0,Pro,EMEA
C00059,2023-01,2023-04,170.0,Pro,EMEA
C00059,2023-01,2023-05,170.0,Pro,EMEA
C00059,2023-01,2023-06,170.0,Pro,EMEA
C00059,2023-01,2023-07,204.0,Pro,EMEA
C00059,2023-01,2023-08,204.0,Pro,EMEA
C00059,2023-01,2023-09,204.0,Pro,EMEA
C00059,2023-01,2023-10,204.0,Pro,EMEA
C00059,2023-01,2023-11,244.8,Pro,EMEA
C00059,2023-01,2023-12,244.8,Pro,EMEA
C00059,2023-01,2024-01,244.8,Pro,EMEA
C00060,2023-02,2023-02,800.0,Enterprise,NA
C00061,2023-02,2023-02,50.0,Starter,NA
C00061,2023-02,2023-03,60.0,Starter,NA
C00061,2023-02,2023-04,51.0,Starter,NA
C00061,2023-02,2023-05,51.0,Starter,NA
C00061,2023-02,2023-06,51.0,Starter,NA
C00061,2023-02,2023-07,61.2,Starter,NA
C00061,2023-02,2023-08,61.2,Starter,NA
C00061,2023-02,2023-09,61.2,Starter,NA
C00061,2023-02,2023-10,61.2,Starter,NA
C00061,2023-02,2023-11,61.2,Starter,NA
C00061,2023-02,2023-12,61.2,Starter,NA
C00061,2023-02,2024-01,61.2,Starter,NA
C00061,2023-02,2024-02,61.2,Starter,NA
C00061,2023-02,2024-03,61.2,Starter,NA
C00061,2023-02,2024-04,61.2,Starter,NA
C00061,2023-02,2024-05,73.44,Starter,NA
C00061,2023-02,2024-06,88.13,Starter,NA
C00061,2023-02,2024-07,88.13,Starter,NA
C00061,2023-02,2024-08,88.13,Starter,NA
C00061,2023-02,2024-09,88.13,Starter,NA
C00061,2023-02,2024-10,105.75,Starter,NA
C00061,2023-02,2024-11,105.75,Starter,NA
C00061,2023-02,2024-12,105.75,Starter,NA
C00062,2023-02,2023-02,200.0,Pro,NA
C00062,2023-02,2023-03,200.0,Pro,NA
C00062,2023-02,2023-04,200.0,Pro,NA
C00062,2023-02,2023-05,240.0,Pro,NA
C00062,2023-02,2023-06,240.0,Pro,NA
C00062,2023-02,2023-07,240.0,Pro,NA
C00062,2023-02,2023-08,240.0,Pro,NA
C00062,2023-02,2023-09,240.0,Pro,NA
C00062,2023-02,2023-10,288.0,Pro,NA
C00062,2023-02,2023-11,345.6,Pro,NA
C00062,2023-02,2023-12,345.6,Pro,NA
C00062,2023-02,2024-01,345.6,Pro,NA
C00062,2023-02,2024-02,345.6,Pro,NA
C00062,2023-02,2024-03,414.72,Pro,NA
C00062,2023-02,2024-04,414.72,Pro,NA
C00062,2023-02,2024-05,414.72,Pro,NA
C00062,2023-02,2024-06,414.72,Pro,NA
C00062,2023-02,2024-07,414.72,Pro,NA
C00062,2023-02,2024-08,352.51,Pro,NA
C00062,2023-02,2024-09,352.51,Pro,NA
C00062,2023-02,2024-10,352.51,Pro,NA
C00062,2023-02,2024-11,423.01,Pro,NA
C00062,2023-02,2024-12,423.01,Pro,NA
C00063,2023-02,2023-02,800.0,Enterprise,NA
C00063,2023-02,2023-03,800.0,Enterprise,NA
C00063,2023-02,2023-04,800.0,Enterprise,NA
C00063,2023-02,2023-05,800.0,Enterprise,NA
C00063,2023-02,2023-06,680.0,Enterprise,NA
C00063,2023-02,2023-07,680.0,Enterprise,NA
C00063,2023-02,2023-08,816.0,Enterprise,NA
C00063,2023-02,2023-09,816.0,Enterprise,NA
C00063,2023-02,2023-10,816.0,Enterprise,NA
C00063,2023-02,2023-11,816.0,Enterprise,NA
C00063,2023-02,2023-12,816.0,Enterprise,NA
C00063,2023-02,2024-01,816.0,Enterprise,NA
C00063,2023-02,2024-02,816.0,Enterprise,NA
C00063,2023-02,2024-03,979.2,Enterprise,NA
C00063,2023-02,2024-04,979.2,Enterprise,NA
C00063,2023-02,2024-05,832.32,Enterprise,NA
C00063,2023-02,2024-06,832.32,Enterprise,NA
C00063,2023-02,2024-07,832.32,Enterprise,NA
C00063,2023-02,2024-08,832.32,Enterprise,NA
C00063,2023-02,2024-09,832.32,Enterprise,NA
C00063,2023-02,2024-10,832.32,Enterprise,NA
C00063,2023-02,2024-11,832.32,Enterprise,NA
C00063,2023-02,2024-12,832.32,Enterprise,NA
C00064,2023-02,2023-02,50.0,Starter,NA
C00064,2023-02,2023-03,60.0,Starter,NA
C00064,2023-02,2023-04,60.0,Starter,NA
C00064,2023-02,2023-05,60.0,Starter,NA
C00064,2023-02,2023-06,60.0,Starter,NA
C00064,2023-02,2023-07,60.0,Starter,NA
C00064,2023-02,2023-08,72.0,Starter,NA
C00064,2023-02,2023-09,61.2,Starter,NA
C00064,2023-02,2023-10,61.2,Starter,NA
C00064,2023-02,2023-11,52.02,Starter,NA
C00064,2023-02,2023-12,52.02,Starter,NA
C00064,2023-02,2024-01,62.42,Starter,NA
C00064,2023-02,2024-02,62.42,Starter,NA
C00064,2023-02,2024-03,62.42,Starter,NA
C00064,2023-02,2024-04,62.42,Starter,NA
C00064,2023-02,2024-05,62.42,Starter,NA
C00064,2023-02,2024-06,74.91,Starter,NA
C00064,2023-02,2024-07,89.89,Starter,NA
C00065,2023-02,2023-02,200.0,Pro,LATAM
C00065,2023-02,2023-03,200.0,Pro,LATAM
C00065,2023-02,2023-04,200.0,Pro,LATAM
C00065,2023-02,2023-05,200.0,Pro,LATAM
C00065,2023-02,2023-06,200.0,Pro,LATAM
C00065,2023-02,2023-07,200.0,Pro,LATAM
C00065,2023-02,2023-08,200.0,Pro,LATAM
C00065,2023-02,2023-09,200.0,Pro,LATAM
C00065,2023-02,2023-10,240.0,Pro,LATAM
C00065,2023-02,2023-11,240.0,Pro,LATAM
C00065,2023-02,2023-12,288.0,Pro,LATAM
C00065,2023-02,2024-01,288.0,Pro,LATAM
C00065,2023-02,2024-02,288.0,Pro,LATAM
C00065,2023-02,2024-03,244.8,Pro,LATAM
C00065,2023-02,2024-04,244.8,Pro,LATAM
C00065,2023-02,2024-05,244.8,Pro,LATAM
C00065,2023-02,2024-06,244.8,Pro,LATAM
C00065,2023-02,2024-07,244.8,Pro,LATAM
C00065,2023-02,2024-08,244.8,Pro,LATAM
C00065,2023-02,2024-09,244.8,Pro,LATAM
C00065,2023-02,2024-10,293.76,Pro,LATAM
C00065,2023-02,2024-11,293.76,Pro,LATAM
C00065,2023-02,2024-12,293.76,Pro,LATAM
C00066,2023-02,2023-02,200.0,Pro,NA
C00067,2023-02,2023-02,50.0,Starter,APAC
C00067,2023-02,2023-03,50.0,Starter,APAC
C00067,2023-02,2023-04,50.0,Starter,APAC
C00067,2023-02,2023-05,50.0,Starter,APAC
C00067,2023-02,2023-06,60.0,Starter,APAC
C00067,2023-02,2023-07,72.0,Starter,APAC
C00067,2023-02,2023-08,72.0,Starter,APAC
C00067,2023-02,2023-09,72.0,Starter,APAC
C00067,2023-02,2023-10,72.0,Starter,APAC
C00067,2023-02,2023-11,72.0,Starter,APAC
C00067,2023-02,2023-12,72.0,Starter,APAC
C00067,2023-02,2024-01,72.0,Starter,APAC
C00067,2023-02,2024-02,86.4,Starter,APAC
C00067,2023-02,2024-03,86.4,Starter,APAC
C00067,2023-02,2024-04,86.4,Starter,APAC
C00067,2023-02,2024-05,86.4,Starter,APAC
C00067,2023-02,2024-06,103.68,Starter,APAC
C00067,2023-02,2024-07,103.68,Starter,APAC
C00067,2023-02,2024-08,124.42,Starter,APAC
C00067,2023-02,2024-09,149.3,Starter,APAC
C00067,2023-02,2024-10,149.3,Starter,APAC
C00067,2023-02,2024-11,179.16,Starter,APAC
C00067,2023-02,2024-12,179.16,Starter,APAC
C00068,2023-02,2023-02,50.0,Starter,EMEA
C00068,2023-02,2023-03,50.0,Starter,EMEA
C00068,2023-02,2023-04,50.0,Starter,EMEA
C00068,2023-02,2023-05,50.0,Starter,EMEA
C00068,2023-02,2023-06,50.0,Starter,EMEA
C00068,2023-02,2023-07,50.0,Starter,EMEA
C00068,2023-02,2023-08,50.0,Starter,EMEA
C00068,2023-02,2023-09,50.0,Starter,EMEA
C00068,2023-02,2023-10,60.0,Starter,EMEA
C00068,2023-02,2023-11,60.0,Starter,EMEA
C00068,2023-02,2023-12,60.0,Starter,EMEA
C00068,2023-02,2024-01,51.0,Starter,EMEA
C00068,2023-02,2024-02,61.2,Starter,EMEA
C00068,2023-02,2024-03,61.2,Starter,EMEA
C00068,2023-02,2024-04,61.2,Starter,EMEA
C00068,2023-02,2024-05,61.2,Starter,EMEA
C00068,2023-02,2024-06,61.2,Starter,EMEA
C00068,2023-02,2024-07,61.2,Starter,EMEA
C00068,2023-02,2024-08,61.2,Starter,EMEA
C00068,2023-02,2024-09,61.2,Starter,EMEA
C00068,2023-02,2024-10,61.2,Starter,EMEA
C00068,2023-02,2024-11,73.44,Starter,EMEA
C00068,2023-02,2024-12,73.44,Starter,EMEA
C00069,2023-02,2023-02,50.0,Starter,NA
C00069,2023-02,2023-03,50.0,Starter,NA
C00069,2023-02,2023-04,50.0,Starter,NA
C00069,2023-02,2023-05,50.0,Starter,NA
C00069,2023-02,2023-06,50.0,Starter,NA
C00069,2023-02,2023-07,60.0,Starter,NA
C00069,2023-02,2023-08,60.0,Starter,NA
C00069,2023-02,2023-09,60.0,Starter,NA
C00069,2023-02,2023-10,60.0,Starter,NA
C00069,2023-02,2023-11,60.0,Starter,NA
C00069,2023-02,2023-12,60.0,Starter,NA
C00069,2023-02,2024-01,60.0,Starter,NA
C00069,2023-02,2024-02,60.0,Starter,NA
C00069,2023-02,2024-03,60.0,Starter,NA
C00069,2023-02,2024-04,72.0,Starter,NA
C00069,2023-02,2024-05,61.2,Starter,NA
C00069,2023-02,2024-06,61.2,Starter,NA
C00069,2023-02,2024-07,61.2,Starter,NA
C00069,2023-02,2024-08,61.2,Starter,NA
C00069,2023-02,2024-09,61.2,Starter,NA
C00069,2023-02,2024-10,61.2,Starter,NA
C00069,2023-02,2024-11,61.2,Starter,NA
C00069,2023-02,2024-12,61.2,Starter,NA
C00070,2023-02,2023-02,200.0,Pro,EMEA
C00070,2023-02,2023-03,170.0,Pro,EMEA
C00070,2023-02,2023-04,170.0,Pro,EMEA
C00070,2023-02,2023-05,170.0,Pro,EMEA
C00070,2023-02,2023-06,170.0,Pro,EMEA
C00070,2023-02,2023-07,204.0,Pro,EMEA
C00070,2023-02,2023-08,204.0,Pro,EMEA
C00070,2023-02,2023-09,204.0,Pro,EMEA
C00070,2023-02,2023-10,204.0,Pro,EMEA
C00070,2023-02,2023-11,244.8,Pro,EMEA
C00070,2023-02,2023-12,244.8,Pro,EMEA
C00070,2023-02,2024-01,244.8,Pro,EMEA
C00070,2023-02,2024-02,208.08,Pro,EMEA
C00070,2023-02,2024-03,208.08,Pro,EMEA
C00070,2023-02,2024-04,208.08,Pro,EMEA
C00070,2023-02,2024-05,249.7,Pro,EMEA
C00070,2023-02,2024-06,249.7,Pro,EMEA
C00070,2023-02,2024-07,249.7,Pro,EMEA
C00070,2023-02,2024-08,249.7,Pro,EMEA
C00070,2023-02,2024-09,299.64,Pro,EMEA
C00070,2023-02,2024-10,299.64,Pro,EMEA
C00070,2023-02,2024-11,299.64,Pro,EMEA
C00071,2023-02,2023-02,50.0,Starter,EMEA
C00071,2023-02,2023-03,50.0,Starter,EMEA
C00071,2023-02,2023-04,50.0,Starter,EMEA
C00071,2023-02,2023-05,50.0,Starter,EMEA
C00071,2023-02,2023-06,50.0,Starter,EMEA
C00071,2023-02,2023-07,50.0,Starter,EMEA
C00071,2023-02,2023-08,50.0,Starter,EMEA
C00071,2023-02,2023-09,50.0,Starter,EMEA
C00071,2023-02,2023-10,60.0,Starter,EMEA
C00071,2023-02,2023-11,60.0,Starter,EMEA
C00071,2023-02,2023-12,60.0,Starter,EMEA
C00071,2023-02,2024-01,60.0,Starter,EMEA
C00071,2023-02,2024-02,60.0,Starter,EMEA
C00071,2023-02,2024-03,72.0,Starter,EMEA
C00071,2023-02,2024-04,72.0,Starter,EMEA
C00071,2023-02,2024-05,86.4,Starter,EMEA
C00071,2023-02,2024-06,86.4,Starter,EMEA
C00071,2023-02,2024-07,86.4,Starter,EMEA
C00071,2023-02,2024-08,86.4,Starter,EMEA
C00071,2023-02,2024-09,103.68,Starter,EMEA
C00071,2023-02,2024-10,124.42,Starter,EMEA
C00071,2023-02,2024-11,149.3,Starter,EMEA
C00071,2023-02,2024-12,179.16,Starter,EMEA
C00072,2023-02,2023-02,50.0,Starter,EMEA
C00072,2023-02,2023-03,50.0,Starter,EMEA
C00072,2023-02,2023-04,50.0,Starter,EMEA
C00072,2023-02,2023-05,50.0,Starter,EMEA
C00072,2023-02,2023-06,60.0,Starter,EMEA
C00072,2023-02,2023-07,60.0,Starter,EMEA
C00072,2023-02,2023-08,60.0,Starter,EMEA
C00072,2023-02,2023-09,60.0,Starter,EMEA
C00072,2023-02,2023-10,72.0,Starter,EMEA
C00072,2023-02,2023-11,72.0,Starter,EMEA
C00072,2023-02,2023-12,72.0,Starter,EMEA
C00072,2023-02,2024-01,72.0,Starter,EMEA
C00072,2023-02,2024-02,72.0,Starter,EMEA
C00072,2023-02,2024-03,72.0,Starter,EMEA
C00072,2023-02,2024-04,61.2,Starter,EMEA
C00072,2023-02,2024-05,61.2,Starter,EMEA
C00072,2023-02,2024-06,61.2,Starter,EMEA
C00072,2023-02,2024-07,61.2,Starter,EMEA
C00072,2023-02,2024-08,61.2,Starter,EMEA
C00072,2023-02,2024-09,61.2,Starter,EMEA
C00072,2023-02,2024-10,61.2,Starter,EMEA
C00072,2023-02,2024-11,73.44,Starter,EMEA
C00072,2023-02,2024-12,73.44,Starter,EMEA
C00073,2023-02,2023-02,50.0,Starter,EMEA
C00073,2023-02,2023-03,50.0,Starter,EMEA
C00073,2023-02,2023-04,50.0,Starter,EMEA
C00073,2023-02,2023-05,50.0,Starter,EMEA
C00073,2023-02,2023-06,50.0,Starter,EMEA
C00073,2023-02,2023-07,50.0,Starter,EMEA
C00073,2023-02,2023-08,50.0,Starter,EMEA
C00073,2023-02,2023-09,50.0,Starter,EMEA
C00073,2023-02,2023-10,50.0,Starter,EMEA
C00073,2023-02,2023-11,50.0,Starter,EMEA
C00073,2023-02,2023-12,50.0,Starter,EMEA
C00073,2023-02,2024-01,60.0,Starter,EMEA
C00073,2023-02,2024-02,60.0,Starter,EMEA
C00073,2023-02,2024-03,60.0,Starter,EMEA
C00073,2023-02,2024-04,60.0,Starter,EMEA
C00073,2023-02,2024-05,60.0,Starter,EMEA
C00073,2023-02,2024-06,60.0,Starter,EMEA
C00073,2023-02,2024-07,60.0,Starter,EMEA
C00073,2023-02,2024-08,60.0,Starter,EMEA
C00073,2023-02,2024-09,60.0,Starter,EMEA
C00073,2023-02,2024-10,60.0,Starter,EMEA
C00073,2023-02,2024-11,60.0,Starter,EMEA
C00073,2023-02,2024-12,60.0,Starter,EMEA
C00074,2023-02,2023-02,200.0,Pro,NA
C00074,2023-02,2023-03,200.0,Pro,NA
C00074,2023-02,2023-04,200.0,Pro,NA
C00074,2023-02,2023-05,200.0,Pro,NA
C00074,2023-02,2023-06,200.0,Pro,NA
C00074,2023-02,2023-07,200.0,Pro,NA
C00074,2023-02,2023-08,200.0,Pro,NA
C00074,2023-02,2023-09,200.0,Pro,NA
C00074,2023-02,2023-10,200.0,Pro,NA
C00074,2023-02,2023-11,200.0,Pro,NA
C00074,2023-02,2023-12,200.0,Pro,NA
C00074,2023-02,2024-01,200.0,Pro,NA
C00074,2023-02,2024-02,240.0,Pro,NA
C00074,2023-02,2024-03,240.0,Pro,NA
C00074,2023-02,2024-04,240.0,Pro,NA
C00074,2023-02,2024-05,240.0,Pro,NA
C00074,2023-02,2024-06,240.0,Pro,NA
C00074,2023-02,2024-07,288.0,Pro,NA
C00074,2023-02,2024-08,288.0,Pro,NA
C00074,2023-02,2024-09,288.0,Pro,NA
C00074,2023-02,2024-10,345.6,Pro,NA
C00074,2023-02,2024-11,345.6,Pro,NA
C00074,2023-02,2024-12,345.6,Pro,NA
C00075,2023-02,2023-02,50.0,Starter,EMEA
C00075,2023-02,2023-03,50.0,Starter,EMEA
C00075,2023-02,2023-04,42.5,Starter,EMEA
C00075,2023-02,2023-05,42.5,Starter,EMEA
C00075,2023-02,2023-06,51.0,Starter,EMEA
C00075,2023-02,2023-07,61.2,Starter,EMEA
C00075,2023-02,2023-08,61.2,Starter,EMEA
C00075,2023-02,2023-09,52.02,Starter,EMEA
C00075,2023-02,2023-10,52.02,Starter,EMEA
C00075,2023-02,2023-11,52.02,Starter,EMEA
C00075,2023-02,2023-12,52.02,Starter,EMEA
C00075,2023-02,2024-01,52.02,Starter,EMEA
C00075,2023-02,2024-02,52.02,Starter,EMEA
C00075,2023-02,2024-03,52.02,Starter,EMEA
C00075,2023-02,2024-04,52.02,Starter,EMEA
C00075,2023-02,2024-05,62.42,Starter,EMEA
C00075,2023-02,2024-06,74.91,Starter,EMEA
C00075,2023-02,2024-07,74.91,Starter,EMEA
C00075,2023-02,2024-08,74.91,Starter,EMEA
C00075,2023-02,2024-09,89.89,Starter,EMEA
C00075,2023-02,2024-10,89.89,Starter,EMEA
C00075,2023-02,2024-11,89.89,Starter,EMEA
C00075,2023-02,2024-12,89.89,Starter,EMEA
C00076,2023-02,2023-02,50.0,Starter,NA
C00076,2023-02,2023-03,50.0,Starter,NA
C00076,2023-02,2023-04,42.5,Starter,NA
C00076,2023-02,2023-05,42.5,Starter,NA
C00076,2023-02,2023-06,42.5,Starter,NA
C00076,2023-02,2023-07,42.5,Starter,NA
C00076,2023-02,2023-08,42.5,Starter,NA
C00076,2023-02,2023-09,42.5,Starter,NA
C00076,2023-02,2023-10,42.5,Starter,NA
C00076,2023-02,2023-11,42.5,Starter,NA
C00076,2023-02,2023-12,42.5,Starter,NA
C00076,2023-02,2024-01,51.0,Starter,NA
C00076,2023-02,2024-02,61.2,Starter,NA
C00076,2023-02,2024-03,61.2,Starter,NA
C00076,2023-02,2024-04,52.02,Starter,NA
C00076,2023-02,2024-05,62.42,Starter,NA
C00076,2023-02,2024-06,62.42,Starter,NA
C00076,2023-02,2024-07,74.91,Starter,NA
C00076,2023-02,2024-08,74.91,Starter,NA
C00076,2023-02,2024-09,74.91,Starter,NA
C00076,2023-02,2024-10,74.91,Starter,NA
C00076,2023-02,2024-11,89.89,Starter,NA
C00076,2023-02,2024-12,89.89,Starter,NA
C00077,2023-02,2023-02,50.0,Starter,APAC
C00077,2023-02,2023-03,50.0,Starter,APAC
C00077,2023-02,2023-04,50.0,Starter,APAC
C00077,2023-02,2023-05,50.0,Starter,APAC
C00077,2023-02,2023-06,50.0,Starter,APAC
C00077,2023-02,2023-07,50.0,Starter,APAC
C00077,2023-02,2023-08,50.0,Starter,APAC
C00077,2023-02,2023-09,50.0,Starter,APAC
C00077,2023-02,2023-10,42.5,Starter,APAC
C00077,2023-02,2023-11,42.5,Starter,APAC
C00077,2023-02,2023-12,42.5,Starter,APAC
C00077,2023-02,2024-01,42.5,Starter,APAC
C00077,2023-02,2024-02,42.5,Starter,APAC
C00077,2023-02,2024-03,42.5,Starter,APAC
C00077,2023-02,2024-04,42.5,Starter,APAC
C00077,2023-02,2024-05,42.5,Starter,APAC
C00077,2023-02,2024-06,42.5,Starter,APAC
C00077,2023-02,2024-07,42.5,Starter,APAC
C00077,2023-02,2024-08,42.5,Starter,APAC
C00077,2023-02,2024-09,42.5,Starter,APAC
C00077,2023-02,2024-10,42.5,Starter,APAC
C00077,2023-02,2024-11,42.5,Starter,APAC
C00077,2023-02,2024-12,51.0,Starter,APAC
C00078,2023-02,2023-02,50.0,Starter,NA
C00078,2023-02,2023-03,50.0,Starter,NA
C00079,2023-02,2023-02,50.0,Starter,NA
C00079,2023-02,2023-03,50.0,Starter,NA
C00079,2023-02,2023-04,50.0,Starter,NA
C00080,2023-02,2023-02,800.0,Enterprise,NA
C00080,2023-02,2023-03,960.0,Enterprise,NA
C00080,2023-02,2023-04,960.0,Enterprise,NA
C00080,2023-02,2023-05,960.0,Enterprise,NA
C00080,2023-02,2023-06,960.0,Enterprise,NA
C00080,2023-02,2023-07,960.0,Enterprise,NA
C00080,2023-02,2023-08,960.0,Enterprise,NA
C00080,2023-02,2023-09,1152.0,Enterprise,NA
C00080,2023-02,2023-10,1152.0,Enterprise,NA
C00080,2023-02,2023-11,1152.0,Enterprise,NA
C00080,2023-02,2023-12,1152.0,Enterprise,NA
C00080,2023-02,2024-01,1152.0,Enterprise,NA
C00080,2023-02,2024-02,1152.0,Enterprise,NA
C00080,2023-02,2024-03,1152.0,Enterprise,NA
C00080,2023-02,2024-04,1152.0,Enterprise,NA
C00080,2023-02,2024-05,1382.4,Enterprise,NA
C00080,2023-02,2024-06,1382.4,Enterprise,NA
C00081,2023-02,2023-02,50.0,Starter,EMEA
C00081,2023-02,2023-03,50.0,Starter,EMEA
C00081,2023-02,2023-04,50.0,Starter,EMEA
C00081,2023-02,2023-05,50.0,Starter,EMEA
C00081,2023-02,2023-06,42.5,Starter,EMEA
C00081,2023-02,2023-07,42.5,Starter,EMEA
C00081,2023-02,2023-08,42.5,Starter,EMEA
C00081,2023-02,2023-09,51.0,Starter,EMEA
C00081,2023-02,2023-10,61.2,Starter,EMEA
C00081,2023-02,2023-11,61.2,Starter,EMEA
C00081,2023-02,2023-12,73.44,Starter,EMEA
C00081,2023-02,2024-01,73.44,Starter,EMEA
C00081,2023-02,2024-02,73.44,Starter,EMEA
C00081,2023-02,2024-03,73.44,Starter,EMEA
C00081,2023-02,2024-04,73.44,Starter,EMEA
C00081,2023-02,2024-05,73.44,Starter,EMEA
C00081,2023-02,2024-06,73.44,Starter,EMEA
C00081,2023-02,2024-07,88.13,Starter,EMEA
C00081,2023-02,2024-08,88.13,Starter,EMEA
C00081,2023-02,2024-09,88.13,Starter,EMEA
C00081,2023-02,2024-10,88.13,Starter,EMEA
C00081,2023-02,2024-11,88.13,Starter,EMEA
C00081,2023-02,2024-12,88.13,Starter,EMEA
C00082,2023-02,2023-02,50.0,Starter,EMEA
C00082,2023-02,2023-03,50.0,Starter,EMEA
C00082,2023-02,2023-04,50.0,Starter,EMEA
C00082,2023-02,2023-05,50.0,Starter,EMEA
C00082,2023-02,2023-06,50.0,Starter,EMEA
C00082,2023-02,2023-07,50.0,Starter,EMEA
C00082,2023-02,2023-08,50.0,Starter,EMEA
C00082,2023-02,2023-09,50.0,Starter,EMEA
C00082,2023-02,2023-10,50.0,Starter,EMEA
C00082,2023-02,2023-11,50.0,Starter,EMEA
C00082,2023-02,2023-12,50.0,Starter,EMEA
C00082,2023-02,2024-01,50.0,Starter,EMEA
C00082,2023-02,2024-02,50.0,Starter,EMEA
C00082,2023-02,2024-03,42.5,Starter,EMEA
C00082,2023-02,2024-04,51.0,Starter,EMEA
C00082,2023-02,2024-05,51.0,Starter,EMEA
C00082,2023-02,2024-06,51.0,Starter,EMEA
C00082,2023-02,2024-07,51.0,Starter,EMEA
C00082,2023-02,2024-08,61.2,Starter,EMEA
C00082,2023-02,2024-09,61.2,Starter,EMEA
C00082,2023-02,2024-10,61.2,Starter,EMEA
C00082,2023-02,2024-11,61.2,Starter,EMEA
C00082,2023-02,2024-12,61.2,Starter,EMEA
C00083,2023-02,2023-02,50.0,Starter,NA
C00083,2023-02,2023-03,50.0,Starter,NA
C00083,2023-02,2023-04,50.0,Starter,NA
C00083,2023-02,2023-05,60.0,Starter,NA
C00083,2023-02,2023-06,60.0,Starter,NA
C00083,2023-02,2023-07,60.0,Starter,NA
C00083,2023-02,2023-08,72.0,Starter,NA
C00083,2023-02,2023-09,72.0,Starter,NA
C00083,2023-02,2023-10,72.0,Starter,NA
C00083,2023-02,2023-11,86.4,Starter,NA
C00083,2023-02,2023-12,86.4,Starter,NA
C00083,2023-02,2024-01,86.4,Starter,NA
C00083,2023-02,2024-02,86.4,Starter,NA
C00083,2023-02,2024-03,86.4,Starter,NA
C00083,2023-02,2024-04,86.4,Starter,NA
C00083,2023-02,2024-05,86.4,Starter,NA
C00083,2023-02,2024-06,103.68,Starter,NA
C00083,2023-02,2024-07,103.68,Starter,NA
C00083,2023-02,2024-08,103.68,Starter,NA
C00083,2023-02,2024-09,124.42,Starter,NA
C00083,2023-02,2024-10,124.42,Starter,NA
C00083,2023-02,2024-11,124.42,Starter,NA
C00083,2023-02,2024-12,124.42,Starter,NA
C00084,2023-02,2023-02,50.0,Starter,NA
C00084,2023-02,2023-03,50.0,Starter,NA
C00085,2023-02,2023-02,800.0,Enterprise,APAC
C00085,2023-02,2023-03,800.0,Enterprise,APAC
C00085,2023-02,2023-04,800.0,Enterprise,APAC
C00085,2023-02,2023-05,800.0,Enterprise,APAC
C00085,2023-02,2023-06,800.0,Enterprise,APAC
C00085,2023-02,2023-07,800.0,Enterprise,APAC
C00085,2023-02,2023-08,800.0,Enterprise,APAC
C00085,2023-02,2023-09,680.0,Enterprise,APAC
C00085,2023-02,2023-10,680.0,Enterprise,APAC
C00085,2023-02,2023-11,680.0,Enterprise,APAC
C00085,2023-02,2023-12,680.0,Enterprise,APAC
C00085,2023-02,2024-01,680.0,Enterprise,APAC
C00085,2023-02,2024-02,816.0,Enterprise,APAC
C00085,2023-02,2024-03,816.0,Enterprise,APAC
C00085,2023-02,2024-04,816.0,Enterprise,APAC
C00085,2023-02,2024-05,816.0,Enterprise,APAC
C00085,2023-02,2024-06,816.0,Enterprise,APAC
C00085,2023-02,2024-07,816.0,Enterprise,APAC
C00085,2023-02,2024-08,693.6,Enterprise,APAC
C00085,2023-02,2024-09,693.6,Enterprise,APAC
C00085,2023-02,2024-10,693.6,Enterprise,APAC
C00085,2023-02,2024-11,693.6,Enterprise,APAC
C00085,2023-02,2024-12,832.32,Enterprise,APAC
C00086,2023-02,2023-02,50.0,Starter,NA
C00086,2023-02,2023-03,50.0,Starter,NA
C00086,2023-02,2023-04,42.5,Starter,NA
C00086,2023-02,2023-05,42.5,Starter,NA
C00086,2023-02,2023-06,42.5,Starter,NA
C00086,2023-02,2023-07,42.5,Starter,NA
C00086,2023-02,2023-08,51.0,Starter,NA
C00086,2023-02,2023-09,51.0,Starter,NA
C00086,2023-02,2023-10,51.0,Starter,NA
C00086,2023-02,2023-11,51.0,Starter,NA
C00086,2023-02,2023-12,51.0,Starter,NA
C00086,2023-02,2024-01,51.0,Starter,NA
C00086,2023-02,2024-02,51.0,Starter,NA
C00086,2023-02,2024-03,51.0,Starter,NA
C00086,2023-02,2024-04,51.0,Starter,NA
C00086,2023-02,2024-05,61.2,Starter,NA
C00086,2023-02,2024-06,61.2,Starter,NA
C00086,2023-02,2024-07,52.02,Starter,NA
C00086,2023-02,2024-08,62.42,Starter,NA
C00086,2023-02,2024-09,62.42,Starter,NA
C00086,2023-02,2024-10,62.42,Starter,NA
C00086,2023-02,2024-11,74.91,Starter,NA
C00086,2023-02,2024-12,74.91,Starter,NA
C00087,2023-02,2023-02,50.0,Starter,NA
C00087,2023-02,2023-03,50.0,Starter,NA
C00087,2023-02,2023-04,50.0,Starter,NA
C00087,2023-02,2023-05,50.0,Starter,NA
C00087,2023-02,2023-06,50.0,Starter,NA
C00087,2023-02,2023-07,60.0,Starter,NA
C00087,2023-02,2023-08,60.0,Starter,NA
C00087,2023-02,2023-09,60.0,Starter,NA
C00087,2023-02,2023-10,72.0,Starter,NA
C00087,2023-02,2023-11,72.0,Starter,NA
C00087,2023-02,2023-12,86.4,Starter,NA
C00087,2023-02,2024-01,73.44,Starter,NA
C00087,2023-02,2024-02,73.44,Starter,NA
C00087,2023-02,2024-03,73.44,Starter,NA
C00087,2023-02,2024-04,73.44,Starter,NA
C00087,2023-02,2024-05,88.13,Starter,NA
C00087,2023-02,2024-06,88.13,Starter,NA
C00087,2023-02,2024-07,88.13,Starter,NA
C00087,2023-02,2024-08,88.13,Starter,NA
C00087,2023-02,2024-09,105.75,Starter,NA
C00087,2023-02,2024-10,126.9,Starter,NA
C00087,2023-02,2024-11,126.9,Starter,NA
C00087,2023-02,2024-12,126.9,Starter,NA
C00088,2023-02,2023-02,200.0,Pro,NA
C00089,2023-02,2023-02,50.0,Starter,NA
C00089,2023-02,2023-03,50.0,Starter,NA
C00089,2023-02,2023-04,50.0,Starter,NA
C00089,2023-02,2023-05,50.0,Starter,NA
C00089,2023-02,2023-06,42.5,Starter,NA
C00089,2023-02,2023-07,42.5,Starter,NA
C00089,2023-02,2023-08,51.0,Starter,NA
C00089,2023-02,2023-09,61.2,Starter,NA
C00089,2023-02,2023-10,73.44,Starter,NA
C00089,2023-02,2023-11,73.44,Starter,NA
C00089,2023-02,2023-12,73.44,Starter,NA
C00089,2023-02,2024-01,73.44,Starter,NA
C00089,2023-02,2024-02,73.44,Starter,NA
C00089,2023-02,2024-03,73.44,Starter,NA
C00089,2023-02,2024-04,73.44,Starter,NA
C00089,2023-02,2024-05,73.44,Starter,NA
C00089,2023-02,2024-06,73.44,Starter,NA
C00089,2023-02,2024-07,73.44,Starter,NA
C00089,2023-02,2024-08,73.44,Starter,NA
C00089,2023-02,2024-09,73.44,Starter,NA
C00089,2023-02,2024-10,88.13,Starter,NA
C00089,2023-02,2024-11,88.13,Starter,NA
C00089,2023-02,2024-12,88.13,Starter,NA
C00090,2023-02,2023-02,50.0,Starter,APAC
C00090,2023-02,2023-03,60.0,Starter,APAC
C00090,2023-02,2023-04,60.0,Starter,APAC
C00090,2023-02,2023-05,60.0,Starter,APAC
C00090,2023-02,2023-06,60.0,Starter,APAC
C00090,2023-02,2023-07,60.0,Starter,APAC
C00090,2023-02,2023-08,72.0,Starter,APAC
C00090,2023-02,2023-09,86.4,Starter,APAC
C00090,2023-02,2023-10,103.68,Starter,APAC
C00090,2023-02,2023-11,103.68,Starter,APAC
C00090,2023-02,2023-12,103.68,Starter,APAC
C00090,2023-02,2024-01,103.68,Starter,APAC
C00090,2023-02,2024-02,103.68,Starter,APAC
C00090,2023-02,2024-03,103.68,Starter,APAC
C00090,2023-02,2024-04,103.68,Starter,APAC
C00090,2023-02,2024-05,103.68,Starter,APAC
C00090,2023-02,2024-06,124.42,Starter,APAC
C00090,2023-02,2024-07,124.42,Starter,APAC
C00090,2023-02,2024-08,124.42,Starter,APAC
C00090,2023-02,2024-09,149.3,Starter,APAC
C00090,2023-02,2024-10,179.16,Starter,APAC
C00090,2023-02,2024-11,214.99,Starter,APAC
C00090,2023-02,2024-12,214.99,Starter,APAC
C00091,2023-02,2023-02,50.0,Starter,NA
C00091,2023-02,2023-03,60.0,Starter,NA
C00091,2023-02,2023-04,60.0,Starter,NA
C00092,2023-02,2023-02,50.0,Starter,EMEA
C00092,2023-02,2023-03,50.0,Starter,EMEA
C00092,2023-02,2023-04,50.0,Starter,EMEA
C00092,2023-02,2023-05,50.0,Starter,EMEA
C00092,2023-02,2023-06,50.0,Starter,EMEA
C00092,2023-02,2023-07,60.0,Starter,EMEA
C00092,2023-02,2023-08,60.0,Starter,EMEA
C00092,2023-02,2023-09,60.0,Starter,EMEA
C00092,2023-02,2023-10,60.0,Starter,EMEA
C00092,2023-02,2023-11,60.0,Starter,EMEA
C00092,2023-02,2023-12,72.0,Starter,EMEA
C00092,2023-02,2024-01,72.0,Starter,EMEA
C00092,2023-02,2024-02,72.0,Starter,EMEA
C00092,2023-02,2024-03,72.0,Starter,EMEA
C00092,2023-02,2024-04,86.4,Starter,EMEA
C00092,2023-02,2024-05,103.68,Starter,EMEA
C00092,2023-02,2024-06,103.68,Starter,EMEA
C00092,2023-02,2024-07,103.68,Starter,EMEA
C00092,2023-02,2024-08,103.68,Starter,EMEA
C00092,2023-02,2024-09,103.68,Starter,EMEA
C00092,2023-02,2024-10,103.68,Starter,EMEA
C00092,2023-02,2024-11,103.68,Starter,EMEA
C00092,2023-02,2024-12,103.68,Starter,EMEA
C00093,2023-02,2023-02,50.0,Starter,APAC
C00094,2023-02,2023-02,200.0,Pro,NA
C00094,2023-02,2023-03,200.0,Pro,NA
C00095,2023-02,2023-02,800.0,Enterprise,EMEA
C00095,2023-02,2023-03,800.0,Enterprise,EMEA
C00095,2023-02,2023-04,800.0,Enterprise,EMEA
C00095,2023-02,2023-05,680.0,Enterprise,EMEA
C00095,2023-02,2023-06,680.0,Enterprise,EMEA
C00095,2023-02,2023-07,680.0,Enterprise,EMEA
C00095,2023-02,2023-08,816.0,Enterprise,EMEA
C00095,2023-02,2023-09,816.0,Enterprise,EMEA
C00095,2023-02,2023-10,816.0,Enterprise,EMEA
C00095,2023-02,2023-11,979.2,Enterprise,EMEA
C00095,2023-02,2023-12,979.2,Enterprise,EMEA
C00095,2023-02,2024-01,1175.04,Enterprise,EMEA
C00095,2023-02,2024-02,1175.04,Enterprise,EMEA
C00095,2023-02,2024-03,1175.04,Enterprise,EMEA
C00095,2023-02,2024-04,1175.04,Enterprise,EMEA
C00095,2023-02,2024-05,1175.04,Enterprise,EMEA
C00095,2023-02,2024-06,1175.04,Enterprise,EMEA
C00095,2023-02,2024-07,1175.04,Enterprise,EMEA
C00095,2023-02,2024-08,1175.04,Enterprise,EMEA
C00095,2023-02,2024-09,1175.04,Enterprise,EMEA
C00095,2023-02,2024-10,1410.05,Enterprise,EMEA
C00095,2023-02,2024-11,1410.05,Enterprise,EMEA
C00095,2023-02,2024-12,1410.05,Enterprise,EMEA
C00096,2023-02,2023-02,50.0,Starter,NA
C00096,2023-02,2023-03,50.0,Starter,NA
C00096,2023-02,2023-04,50.0,Starter,NA
C00096,2023-02,2023-05,50.0,Starter,NA
C00096,2023-02,2023-06,60.0,Starter,NA
C00096,2023-02,2023-07,60.0,Starter,NA
C00096,2023-02,2023-08,72.0,Starter,NA
C00096,2023-02,2023-09,72.0,Starter,NA
C00096,2023-02,2023-10,86.4,Starter,NA
C00096,2023-02,2023-11,86.4,Starter,NA
C00096,2023-02,2023-12,86.4,Starter,NA
C00096,2023-02,2024-01,86.4,Starter,NA
C00096,2023-02,2024-02,86.4,Starter,NA
C00096,2023-02,2024-03,103.68,Starter,NA
C00096,2023-02,2024-04,103.68,Starter,NA
C00096,2023-02,2024-05,103.68,Starter,NA
C00096,2023-02,2024-06,124.42,Starter,NA
C00096,2023-02,2024-07,124.42,Starter,NA
C00096,2023-02,2024-08,149.3,Starter,NA
C00096,2023-02,2024-09,149.3,Starter,NA
C00096,2023-02,2024-10,149.3,Starter,NA
C00096,2023-02,2024-11,149.3,Starter,NA
C00096,2023-02,2024-12,149.3,Starter,NA
C00097,2023-02,2023-02,50.0,Starter,EMEA
C00097,2023-02,2023-03,50.0,Starter,EMEA
C00097,2023-02,2023-04,50.0,Starter,EMEA
C00097,2023-02,2023-05,50.0,Starter,EMEA
C00097,2023-02,2023-06,50.0,Starter,EMEA
C00097,2023-02,2023-07,50.0,Starter,EMEA
C00097,2023-02,2023-08,50.0,Starter,EMEA
C00097,2023-02,2023-09,42.5,Starter,EMEA
C00097,2023-02,2023-10,42.5,Starter,EMEA
C00098,2023-02,2023-02,200.0,Pro,EMEA
C00098,2023-02,2023-03,200.0,Pro,EMEA
C00098,2023-02,2023-04,200.0,Pro,EMEA
C00098,2023-02,2023-05,200.0,Pro,EMEA
C00098,2023-02,2023-06,200.0,Pro,EMEA
C00099,2023-02,2023-02,200.0,Pro,EMEA
C00099,2023-02,2023-03,200.0,Pro,EMEA
C00099,2023-02,2023-04,200.0,Pro,EMEA
C00099,2023-02,2023-05,200.0,Pro,EMEA
C00099,2023-02,2023-06,200.0,Pro,EMEA
C00099,2023-02,2023-07,200.0,Pro,EMEA
C00099,2023-02,2023-08,200.0,Pro,EMEA
C00099,2023-02,2023-09,200.0,Pro,EMEA
C00099,2023-02,2023-10,200.0,Pro,EMEA
C00099,2023-02,2023-11,240.0,Pro,EMEA
C00099,2023-02,2023-12,240.0,Pro,EMEA
C00099,2023-02,2024-01,288.0,Pro,EMEA
C00099,2023-02,2024-02,288.0,Pro,EMEA
C00099,2023-02,2024-03,345.6,Pro,EMEA
C00100,2023-02,2023-02,50.0,Starter,NA
C00100,2023-02,2023-03,50.0,Starter,NA
C00100,2023-02,2023-04,50.0,Starter,NA
C00100,2023-02,2023-05,50.0,Starter,NA
C00100,2023-02,2023-06,50.0,Starter,NA
C00100,2023-02,2023-07,50.0,Starter,NA
C00100,2023-02,2023-08,50.0,Starter,NA
C00100,2023-02,2023-09,50.0,Starter,NA
C00100,2023-02,2023-10,50.0,Starter,NA
C00100,2023-02,2023-11,50.0,Starter,NA
C00100,2023-02,2023-12,50.0,Starter,NA
C00100,2023-02,2024-01,50.0,Starter,NA
C00100,2023-02,2024-02,50.0,Starter,NA
C00100,2023-02,2024-03,50.0,Starter,NA
C00100,2023-02,2024-04,50.0,Starter,NA
C00100,2023-02,2024-05,42.5,Starter,NA
C00100,2023-02,2024-06,42.5,Starter,NA
C00100,2023-02,2024-07,42.5,Starter,NA
C00100,2023-02,2024-08,42.5,Starter,NA
C00100,2023-02,2024-09,51.0,Starter,NA
C00100,2023-02,2024-10,51.0,Starter,NA
C00100,2023-02,2024-11,51.0,Starter,NA
C00100,2023-02,2024-12,51.0,Starter,NA
C00101,2023-03,2023-03,200.0,Pro,APAC
C00101,2023-03,2023-04,200.0,Pro,APAC
C00101,2023-03,2023-05,200.0,Pro,APAC
C00101,2023-03,2023-06,200.0,Pro,APAC
C00101,2023-03,2023-07,200.0,Pro,APAC
C00101,2023-03,2023-08,200.0,Pro,APAC
C00101,2023-03,2023-09,240.0,Pro,APAC
C00101,2023-03,2023-10,240.0,Pro,APAC
C00101,2023-03,2023-11,240.0,Pro,APAC
C00101,2023-03,2023-12,240.0,Pro,APAC
C00101,2023-03,2024-01,288.0,Pro,APAC
C00101,2023-03,2024-02,288.0,Pro,APAC
C00101,2023-03,2024-03,345.6,Pro,APAC
C00101,2023-03,2024-04,345.6,Pro,APAC
C00101,2023-03,2024-05,345.6,Pro,APAC
C00101,2023-03,2024-06,345.6,Pro,APAC
C00101,2023-03,2024-07,345.6,Pro,APAC
C00101,2023-03,2024-08,345.6,Pro,APAC
C00101,2023-03,2024-09,414.72,Pro,APAC
C00101,2023-03,2024-10,414.72,Pro,APAC
C00101,2023-03,2024-11,414.72,Pro,APAC
C00101,2023-03,2024-12,414.72,Pro,APAC
C00102,2023-03,2023-03,200.0,Pro,EMEA
C00102,2023-03,2023-04,170.0,Pro,EMEA
C00102,2023-03,2023-05,170.0,Pro,EMEA
C00102,2023-03,2023-06,170.0,Pro,EMEA
C00102,2023-03,2023-07,204.0,Pro,EMEA
C00102,2023-03,2023-08,173.4,Pro,EMEA
C00102,2023-03,2023-09,173.4,Pro,EMEA
C00102,2023-03,2023-10,208.08,Pro,EMEA
C00102,2023-03,2023-11,249.7,Pro,EMEA
C00102,2023-03,2023-12,249.7,Pro,EMEA
C00102,2023-03,2024-01,249.7,Pro,EMEA
C00102,2023-03,2024-02,249.7,Pro,EMEA
C00102,2023-03,2024-03,212.24,Pro,EMEA
C00102,2023-03,2024-04,180.41,Pro,EMEA
C00102,2023-03,2024-05,216.49,Pro,EMEA
C00102,2023-03,2024-06,216.49,Pro,EMEA
C00102,2023-03,2024-07,259.78,Pro,EMEA
C00102,2023-03,2024-08,259.78,Pro,EMEA
C00102,2023-03,2024-09,259.78,Pro,EMEA
C00102,2023-03,2024-10,259.78,Pro,EMEA
C00102,2023-03,2024-11,311.74,Pro,EMEA
C00102,2023-03,2024-12,311.74,Pro,EMEA
C00103,2023-03,2023-03,50.0,Starter,NA
C00103,2023-03,2023-04,50.0,Starter,NA
C00103,2023-03,2023-05,50.0,Starter,NA
C00103,2023-03,2023-06,60.0,Starter,NA
C00103,2023-03,2023-07,72.0,Starter,NA
C00103,2023-03,2023-08,72.0,Starter,NA
C00103,2023-03,2023-09,86.4,Starter,NA
C00103,2023-03,2023-10,86.4,Starter,NA
C00103,2023-03,2023-11,86.4,Starter,NA
C00103,2023-03,2023-12,86.4,Starter,NA
C00103,2023-03,2024-01,86.4,Starter,NA
C00103,2023-03,2024-02,86.4,Starter,NA
C00103,2023-03,2024-03,103.68,Starter,NA
C00104,2023-03,2023-03,50.0,Starter,APAC
C00104,2023-03,2023-04,50.0,Starter,APAC
C00104,2023-03,2023-05,60.0,Starter,APAC
C00104,2023-03,2023-06,60.0,Starter,APAC
C00104,2023-03,2023-07,60.0,Starter,APAC
C00104,2023-03,2023-08,60.0,Starter,APAC
C00104,2023-03,2023-09,60.0,Starter,APAC
C00104,2023-03,2023-10,60.0,Starter,APAC
C00104,2023-03,2023-11,60.0,Starter,APAC
C00104,2023-03,2023-12,60.0,Starter,APAC
C00104,2023-03,2024-01,60.0,Starter,APAC
C00104,2023-03,2024-02,60.0,Starter,APAC
C00104,2023-03,2024-03,60.0,Starter,APAC
C00104,2023-03,2024-04,60.0,Starter,APAC
C00104,2023-03,2024-05,60.0,Starter,APAC
C00104,2023-03,2024-06,60.0,Starter,APAC
C00104,2023-03,2024-07,60.0,Starter,APAC
C00104,2023-03,2024-08,72.0,Starter,APAC
C00104,2023-03,2024-09,72.0,Starter,APAC
C00104,2023-03,2024-10,72.0,Starter,APAC
C00104,2023-03,2024-11,61.2,Starter,APAC
C00104,2023-03,2024-12,61.2,Starter,APAC
C00105,2023-03,2023-03,200.0,Pro,NA
C00105,2023-03,2023-04,200.0,Pro,NA
C00105,2023-03,2023-05,240.0,Pro,NA
C00105,2023-03,2023-06,240.0,Pro,NA
C00105,2023-03,2023-07,240.0,Pro,NA
C00105,2023-03,2023-08,240.0,Pro,NA
C00105,2023-03,2023-09,240.0,Pro,NA
C00105,2023-03,2023-10,240.0,Pro,NA
C00105,2023-03,2023-11,288.0,Pro,NA
C00105,2023-03,2023-12,345.6,Pro,NA
C00105,2023-03,2024-01,345.6,Pro,NA
C00105,2023-03,2024-02,345.6,Pro,NA
C00105,2023-03,2024-03,345.6,Pro,NA
C00105,2023-03,2024-04,345.6,Pro,NA
C00105,2023-03,2024-05,345.6,Pro,NA
C00105,2023-03,2024-06,345.6,Pro,NA
C00105,2023-03,2024-07,345.6,Pro,NA
C00105,2023-03,2024-08,414.72,Pro,NA
C00105,2023-03,2024-09,414.72,Pro,NA
C00105,2023-03,2024-10,414.72,Pro,NA
C00105,2023-03,2024-11,414.72,Pro,NA
C00105,2023-03,2024-12,414.72,Pro,NA
C00106,2023-03,2023-03,50.0,Starter,NA
C00106,2023-03,2023-04,50.0,Starter,NA
C00106,2023-03,2023-05,50.0,Starter,NA
C00106,2023-03,2023-06,50.0,Starter,NA
C00106,2023-03,2023-07,60.0,Starter,NA
C00106,2023-03,2023-08,60.0,Starter,NA
C00106,2023-03,2023-09,72.0,Starter,NA
C00106,2023-03,2023-10,72.0,Starter,NA
C00106,2023-03,2023-11,72.0,Starter,NA
C00106,2023-03,2023-12,72.0,Starter,NA
C00106,2023-03,2024-01,72.0,Starter,NA
C00106,2023-03,2024-02,72.0,Starter,NA
C00106,2023-03,2024-03,72.0,Starter,NA
C00106,2023-03,2024-04,72.0,Starter,NA
C00106,2023-03,2024-05,72.0,Starter,NA
C00106,2023-03,2024-06,72.0,Starter,NA
C00106,2023-03,2024-07,72.0,Starter,NA
C00106,2023-03,2024-08,72.0,Starter,NA
C00106,2023-03,2024-09,72.0,Starter,NA
C00106,2023-03,2024-10,72.0,Starter,NA
C00106,2023-03,2024-11,72.0,Starter,NA
C00106,2023-03,2024-12,72.0,Starter,NA
C00107,2023-03,2023-03,50.0,Starter,APAC
C00107,2023-03,2023-04,50.0,Starter,APAC
C00107,2023-03,2023-05,50.0,Starter,APAC
C00107,2023-03,2023-06,50.0,Starter,APAC
C00107,2023-03,2023-07,50.0,Starter,APAC
C00107,2023-03,2023-08,50.0,Starter,APAC
C00107,2023-03,2023-09,50.0,Starter,APAC
C00107,2023-03,2023-10,50.0,Starter,APAC
C00107,2023-03,2023-11,50.0,Starter,APAC
C00107,2023-03,2023-12,50.0,Starter,APAC
C00107,2023-03,2024-01,50.0,Starter,APAC
C00107,2023-03,2024-02,50.0,Starter,APAC
C00107,2023-03,2024-03,50.0,Starter,APAC
C00107,2023-03,2024-04,50.0,Starter,APAC
C00107,2023-03,2024-05,50.0,Starter,APAC
C00107,2023-03,2024-06,50.0,Starter,APAC
C00107,2023-03,2024-07,50.0,Starter,APAC
C00107,2023-03,2024-08,60.0,Starter,APAC
C00107,2023-03,2024-09,60.0,Starter,APAC
C00107,2023-03,2024-10,72.0,Starter,APAC
C00107,2023-03,2024-11,86.4,Starter,APAC
C00107,2023-03,2024-12,86.4,Starter,APAC
C00108,2023-03,2023-03,50.0,Starter,LATAM
C00109,2023-03,2023-03,800.0,Enterprise,APAC
C00109,2023-03,2023-04,800.0,Enterprise,APAC
C00109,2023-03,2023-05,800.0,Enterprise,APAC
C00109,2023-03,2023-06,800.0,Enterprise,APAC
C00109,2023-03,2023-07,800.0,Enterprise,APAC
C00109,2023-03,2023-08,800.0,Enterprise,APAC
C00109,2023-03,2023-09,680.0,Enterprise,APAC
C00109,2023-03,2023-10,680.0,Enterprise,APAC
C00109,2023-03,2023-11,680.0,Enterprise,APAC
C00109,2023-03,2023-12,680.0,Enterprise,APAC
C00109,2023-03,2024-01,680.0,Enterprise,APAC
C00109,2023-03,2024-02,680.0,Enterprise,APAC
C00109,2023-03,2024-03,680.0,Enterprise,APAC
C00109,2023-03,2024-04,680.0,Enterprise,APAC
C00109,2023-03,2024-05,680.0,Enterprise,APAC
C00109,2023-03,2024-06,680.0,Enterprise,APAC
C00109,2023-03,2024-07,680.0,Enterprise,APAC
C00109,2023-03,2024-08,680.0,Enterprise,APAC
C00109,2023-03,2024-09,680.0,Enterprise,APAC
C00109,2023-03,2024-10,680.0,Enterprise,APAC
C00109,2023-03,2024-11,680.0,Enterprise,APAC
C00109,2023-03,2024-12,680.0,Enterprise,APAC
C00110,2023-03,2023-03,50.0,Starter,NA
C00110,2023-03,2023-04,50.0,Starter,NA
C00110,2023-03,2023-05,50.0,Starter,NA
C00110,2023-03,2023-06,60.0,Starter,NA
C00110,2023-03,2023-07,51.0,Starter,NA
C00110,2023-03,2023-08,51.0,Starter,NA
C00110,2023-03,2023-09,51.0,Starter,NA
C00110,2023-03,2023-10,61.2,Starter,NA
C00110,2023-03,2023-11,61.2,Starter,NA
C00110,2023-03,2023-12,61.2,Starter,NA
C00110,2023-03,2024-01,61.2,Starter,NA
C00110,2023-03,2024-02,61.2,Starter,NA
C00110,2023-03,2024-03,61.2,Starter,NA
C00110,2023-03,2024-04,61.2,Starter,NA
C00110,2023-03,2024-05,73.44,Starter,NA
C00110,2023-03,2024-06,73.44,Starter,NA
C00110,2023-03,2024-07,88.13,Starter,NA
C00110,2023-03,2024-08,105.75,Starter,NA
C00110,2023-03,2024-09,126.9,Starter,NA
C00110,2023-03,2024-10,152.29,Starter,NA
C00110,2023-03,2024-11,129.44,Starter,NA
C00110,2023-03,2024-12,110.03,Starter,NA
C00111,2023-03,2023-03,50.0,Starter,EMEA
C00111,2023-03,2023-04,50.0,Starter,EMEA
C00111,2023-03,2023-05,50.0,Starter,EMEA
C00111,2023-03,2023-06,60.0,Starter,EMEA
C00111,2023-03,2023-07,60.0,Starter,EMEA
C00111,2023-03,2023-08,60.0,Starter,EMEA
C00111,2023-03,2023-09,60.0,Starter,EMEA
C00111,2023-03,2023-10,60.0,Starter,EMEA
C00111,2023-03,2023-11,72.0,Starter,EMEA
C00111,2023-03,2023-12,72.0,Starter,EMEA
C00111,2023-03,2024-01,61.2,Starter,EMEA
C00111,2023-03,2024-02,61.2,Starter,EMEA
C00111,2023-03,2024-03,61.2,Starter,EMEA
C00111,2023-03,2024-04,52.02,Starter,EMEA
C00111,2023-03,2024-05,62.42,Starter,EMEA
C00111,2023-03,2024-06,62.42,Starter,EMEA
C00111,2023-03,2024-07,74.91,Starter,EMEA
C00111,2023-03,2024-08,89.89,Starter,EMEA
C00111,2023-03,2024-09,89.89,Starter,EMEA
C00111,2023-03,2024-10,89.89,Starter,EMEA
C00111,2023-03,2024-11,89.89,Starter,EMEA
C00111,2023-03,2024-12,76.41,Starter,EMEA
C00112,2023-03,2023-03,200.0,Pro,LATAM
C00112,2023-03,2023-04,200.0,Pro,LATAM
C00112,2023-03,2023-05,200.0,Pro,LATAM
C00112,2023-03,2023-06,200.0,Pro,LATAM
C00112,2023-03,2023-07,200.0,Pro,LATAM
C00112,2023-03,2023-08,200.0,Pro,LATAM
C00112,2023-03,2023-09,200.0,Pro,LATAM
C00112,2023-03,2023-10,200.0,Pro,LATAM
C00112,2023-03,2023-11,200.0,Pro,LATAM
C00112,2023-03,2023-12,200.0,Pro,LATAM
C00112,2023-03,2024-01,200.0,Pro,LATAM
C00112,2023-03,2024-02,200.0,Pro,LATAM
C00112,2023-03,2024-03,200.0,Pro,LATAM
C00112,2023-03,2024-04,200.0,Pro,LATAM
C00112,2023-03,2024-05,200.0,Pro,LATAM
C00112,2023-03,2024-06,200.0,Pro,LATAM
C00112,2023-03,2024-07,200.0,Pro,LATAM
C00112,2023-03,2024-08,200.0,Pro,LATAM
C00112,2023-03,2024-09,200.0,Pro,LATAM
C00112,2023-03,2024-10,200.0,Pro,LATAM
C00112,2023-03,2024-11,200.0,Pro,LATAM
C00112,2023-03,2024-12,200.0,Pro,LATAM
C00113,2023-03,2023-03,50.0,Starter,EMEA
C00113,2023-03,2023-04,60.0,Starter,EMEA
C00114,2023-03,2023-03,50.0,Starter,EMEA
C00114,2023-03,2023-04,60.0,Starter,EMEA
C00114,2023-03,2023-05,60.0,Starter,EMEA
C00114,2023-03,2023-06,60.0,Starter,EMEA
C00114,2023-03,2023-07,60.0,Starter,EMEA
C00114,2023-03,2023-08,60.0,Starter,EMEA
C00114,2023-03,2023-09,72.0,Starter,EMEA
C00114,2023-03,2023-10,86.4,Starter,EMEA
C00114,2023-03,2023-11,86.4,Starter,EMEA
C00114,2023-03,2023-12,73.44,Starter,EMEA
C00114,2023-03,2024-01,73.44,Starter,EMEA
C00114,2023-03,2024-02,73.44,Starter,EMEA
C00114,2023-03,2024-03,73.44,Starter,EMEA
C00114,2023-03,2024-04,73.44,Starter,EMEA
C00114,2023-03,2024-05,73.44,Starter,EMEA
C00114,2023-03,2024-06,73.44,Starter,EMEA
C00114,2023-03,2024-07,73.44,Starter,EMEA
C00114,2023-03,2024-08,73.44,Starter,EMEA
C00114,2023-03,2024-09,73.44,Starter,EMEA
C00114,2023-03,2024-10,73.44,Starter,EMEA
C00114,2023-03,2024-11,73.44,Starter,EMEA
C00114,2023-03,2024-12,73.44,Starter,EMEA
C00115,2023-03,2023-03,200.0,Pro,APAC
C00115,2023-03,2023-04,200.0,Pro,APAC
C00115,2023-03,2023-05,200.0,Pro,APAC
C00115,2023-03,2023-06,200.0,Pro,APAC
C00115,2023-03,2023-07,200.0,Pro,APAC
C00115,2023-03,2023-08,200.0,Pro,APAC
C00115,2023-03,2023-09,200.0,Pro,APAC
C00116,2023-03,2023-03,50.0,Starter,APAC
C00116,2023-03,2023-04,50.0,Starter,APAC
C00116,2023-03,2023-05,50.0,Starter,APAC
C00116,2023-03,2023-06,50.0,Starter,APAC
C00116,2023-03,2023-07,50.0,Starter,APAC
C00116,2023-03,2023-08,50.0,Starter,APAC
C00116,2023-03,2023-09,50.0,Starter,APAC
C00116,2023-03,2023-10,50.0,Starter,APAC
C00116,2023-03,2023-11,50.0,Starter,APAC
C00116,2023-03,2023-12,60.0,Starter,APAC
C00116,2023-03,2024-01,72.0,Starter,APAC
C00116,2023-03,2024-02,61.2,Starter,APAC
C00116,2023-03,2024-03,61.2,Starter,APAC
C00116,2023-03,2024-04,61.2,Starter,APAC
C00116,2023-03,2024-05,61.2,Starter,APAC
C00117,2023-03,2023-03,50.0,Starter,EMEA
C00117,2023-03,2023-04,50.0,Starter,EMEA
C00117,2023-03,2023-05,50.0,Starter,EMEA
C00117,2023-03,2023-06,50.0,Starter,EMEA
C00117,2023-03,2023-07,50.0,Starter,EMEA
C00117,2023-03,2023-08,50.0,Starter,EMEA
C00117,2023-03,2023-09,50.0,Starter,EMEA
C00117,2023-03,2023-10,50.0,Starter,EMEA
C00117,2023-03,2023-11,50.0,Starter,EMEA
C00117,2023-03,2023-12,60.0,Starter,EMEA
C00117,2023-03,2024-01,72.0,Starter,EMEA
C00117,2023-03,2024-02,86.4,Starter,EMEA
C00117,2023-03,2024-03,86.4,Starter,EMEA
C00117,2023-03,2024-04,86.4,Starter,EMEA
C00117,2023-03,2024-05,103.68,Starter,EMEA
C00117,2023-03,2024-06,124.42,Starter,EMEA
C00117,2023-03,2024-07,105.75,Starter,EMEA
C00117,2023-03,2024-08,126.9,Starter,EMEA
C00117,2023-03,2024-09,126.9,Starter,EMEA
C00117,2023-03,2024-10,107.87,Starter,EMEA
C00117,2023-03,2024-11,107.87,Starter,EMEA
C00117,2023-03,2024-12,107.87,Starter,EMEA
C00118,2023-03,2023-03,50.0,Starter,EMEA
C00118,2023-03,2023-04,50.0,Starter,EMEA
C00118,2023-03,2023-05,50.0,Starter,EMEA
C00118,2023-03,2023-06,42.5,Starter,EMEA
C00119,2023-03,2023-03,50.0,Starter,NA
C00119,2023-03,2023-04,50.0,Starter,NA
C00119,2023-03,2023-05,60.0,Starter,NA
C00119,2023-03,2023-06,60.0,Starter,NA
C00119,2023-03,2023-07,72.0,Starter,NA
C00119,2023-03,2023-08,72.0,Starter,NA
C00119,2023-03,2023-09,86.4,Starter,NA
C00119,2023-03,2023-10,86.4,Starter,NA
C00119,2023-03,2023-11,86.4,Starter,NA
C00119,2023-03,2023-12,86.4,Starter,NA
C00119,2023-03,2024-01,86.4,Starter,NA
C00119,2023-03,2024-02,86.4,Starter,NA
C00119,2023-03,2024-03,103.68,Starter,NA
C00119,2023-03,2024-04,103.68,Starter,NA
C00119,2023-03,2024-05,124.42,Starter,NA
C00119,2023-03,2024-06,124.42,Starter,NA
C00119,2023-03,2024-07,149.3,Starter,NA
C00119,2023-03,2024-08,149.3,Starter,NA
C00119,2023-03,2024-09,149.3,Starter,NA
C00119,2023-03,2024-10,149.3,Starter,NA
C00119,2023-03,2024-11,149.3,Starter,NA
C00119,2023-03,2024-12,149.3,Starter,NA
C00120,2023-03,2023-03,200.0,Pro,APAC
C00120,2023-03,2023-04,200.0,Pro,APAC
C00120,2023-03,2023-05,200.0,Pro,APAC
C00120,2023-03,2023-06,240.0,Pro,APAC
C00120,2023-03,2023-07,240.0,Pro,APAC
C00120,2023-03,2023-08,240.0,Pro,APAC
C00121,2023-03,2023-03,50.0,Starter,EMEA
C00121,2023-03,2023-04,50.0,Starter,EMEA
C00121,2023-03,2023-05,50.0,Starter,EMEA
C00121,2023-03,2023-06,50.0,Starter,EMEA
C00121,2023-03,2023-07,60.0,Starter,EMEA
C00121,2023-03,2023-08,72.0,Starter,EMEA
C00121,2023-03,2023-09,72.0,Starter,EMEA
C00121,2023-03,2023-10,72.0,Starter,EMEA
C00121,2023-03,2023-11,72.0,Starter,EMEA
C00121,2023-03,2023-12,72.0,Starter,EMEA
C00121,2023-03,2024-01,72.0,Starter,EMEA
C00121,2023-03,2024-02,86.4,Starter,EMEA
C00121,2023-03,2024-03,86.4,Starter,EMEA
C00121,2023-03,2024-04,86.4,Starter,EMEA
C00121,2023-03,2024-05,86.4,Starter,EMEA
C00121,2023-03,2024-06,86.4,Starter,EMEA
C00121,2023-03,2024-07,103.68,Starter,EMEA
C00121,2023-03,2024-08,103.68,Starter,EMEA
C00121,2023-03,2024-09,103.68,Starter,EMEA
C00121,2023-03,2024-10,103.68,Starter,EMEA
C00121,2023-03,2024-11,103.68,Starter,EMEA
C00121,2023-03,2024-12,88.13,Starter,EMEA
C00122,2023-03,2023-03,200.0,Pro,APAC
C00122,2023-03,2023-04,240.0,Pro,APAC
C00122,2023-03,2023-05,288.0,Pro,APAC
C00122,2023-03,2023-06,288.0,Pro,APAC
C00122,2023-03,2023-07,345.6,Pro,APAC
C00123,2023-03,2023-03,50.0,Starter,APAC
C00123,2023-03,2023-04,60.0,Starter,APAC
C00123,2023-03,2023-05,60.0,Starter,APAC
C00123,2023-03,2023-06,60.0,Starter,APAC
C00123,2023-03,2023-07,60.0,Starter,APAC
C00123,2023-03,2023-08,60.0,Starter,APAC
C00123,2023-03,2023-09,72.0,Starter,APAC
C00123,2023-03,2023-10,86.4,Starter,APAC
C00123,2023-03,2023-11,86.4,Starter,APAC
C00123,2023-03,2023-12,86.4,Starter,APAC
C00123,2023-03,2024-01,86.4,Starter,APAC
C00123,2023-03,2024-02,86.4,Starter,APAC
C00123,2023-03,2024-03,86.4,Starter,APAC
C00123,2023-03,2024-04,103.68,Starter,APAC
C00123,2023-03,2024-05,103.68,Starter,APAC
C00123,2023-03,2024-06,103.68,Starter,APAC
C00123,2023-03,2024-07,124.42,Starter,APAC
C00123,2023-03,2024-08,149.3,Starter,APAC
C00123,2023-03,2024-09,179.16,Starter,APAC
C00123,2023-03,2024-10,152.29,Starter,APAC
C00123,2023-03,2024-11,182.74,Starter,APAC
C00123,2023-03,2024-12,182.74,Starter,APAC
C00124,2023-03,2023-03,200.0,Pro,LATAM
C00124,2023-03,2023-04,240.0,Pro,LATAM
C00124,2023-03,2023-05,240.0,Pro,LATAM
C00124,2023-03,2023-06,240.0,Pro,LATAM
C00124,2023-03,2023-07,240.0,Pro,LATAM
C00124,2023-03,2023-08,240.0,Pro,LATAM
C00124,2023-03,2023-09,240.0,Pro,LATAM
C00124,2023-03,2023-10,240.0,Pro,LATAM
C00124,2023-03,2023-11,240.0,Pro,LATAM
C00125,2023-03,2023-03,50.0,Starter,EMEA
C00125,2023-03,2023-04,50.0,Starter,EMEA
C00125,2023-03,2023-05,50.0,Starter,EMEA
C00125,2023-03,2023-06,50.0,Starter,EMEA
C00125,2023-03,2023-07,50.0,Starter,EMEA
C00125,2023-03,2023-08,50.0,Starter,EMEA
C00125,2023-03,2023-09,50.0,Starter,EMEA
C00126,2023-03,2023-03,50.0,Starter,EMEA
C00126,2023-03,2023-04,42.5,Starter,EMEA
C00126,2023-03,2023-05,42.5,Starter,EMEA
C00126,2023-03,2023-06,42.5,Starter,EMEA
C00126,2023-03,2023-07,51.0,Starter,EMEA
C00126,2023-03,2023-08,61.2,Starter,EMEA
C00126,2023-03,2023-09,61.2,Starter,EMEA
C00126,2023-03,2023-10,61.2,Starter,EMEA
C00126,2023-03,2023-11,61.2,Starter,EMEA
C00126,2023-03,2023-12,61.2,Starter,EMEA
C00126,2023-03,2024-01,61.2,Starter,EMEA
C00126,2023-03,2024-02,61.2,Starter,EMEA
C00126,2023-03,2024-03,61.2,Starter,EMEA
C00126,2023-03,2024-04,61.2,Starter,EMEA
C00126,2023-03,2024-05,61.2,Starter,EMEA
C00126,2023-03,2024-06,73.44,Starter,EMEA
C00126,2023-03,2024-07,73.44,Starter,EMEA
C00126,2023-03,2024-08,73.44,Starter,EMEA
C00126,2023-03,2024-09,73.44,Starter,EMEA
C00126,2023-03,2024-10,73.44,Starter,EMEA
C00126,2023-03,2024-11,73.44,Starter,EMEA
C00126,2023-03,2024-12,73.44,Starter,EMEA
C00127,2023-03,2023-03,50.0,Starter,NA
C00127,2023-03,2023-04,50.0,Starter,NA
C00127,2023-03,2023-05,50.0,Starter,NA
C00127,2023-03,2023-06,50.0,Starter,NA
C00127,2023-03,2023-07,60.0,Starter,NA
C00127,2023-03,2023-08,60.0,Starter,NA
C00127,2023-03,2023-09,60.0,Starter,NA
C00127,2023-03,2023-10,60.0,Starter,NA
C00127,2023-03,2023-11,60.0,Starter,NA
C00127,2023-03,2023-12,60.0,Starter,NA
C00127,2023-03,2024-01,60.0,Starter,NA
C00127,2023-03,2024-02,72.0,Starter,NA
C00127,2023-03,2024-03,72.0,Starter,NA
C00127,2023-03,2024-04,72.0,Starter,NA
C00127,2023-03,2024-05,86.4,Starter,NA
C00127,2023-03,2024-06,86.4,Starter,NA
C00127,2023-03,2024-07,86.4,Starter,NA
C00127,2023-03,2024-08,86.4,Starter,NA
C00128,2023-03,2023-03,50.0,Starter,EMEA
C00128,2023-03,2023-04,60.0,Starter,EMEA
C00128,2023-03,2023-05,60.0,Starter,EMEA
C00128,2023-03,2023-06,60.0,Starter,EMEA
C00128,2023-03,2023-07,60.0,Starter,EMEA
C00128,2023-03,2023-08,60.0,Starter,EMEA
C00128,2023-03,2023-09,72.0,Starter,EMEA
C00128,2023-03,2023-10,72.0,Starter,EMEA
C00128,2023-03,2023-11,72.0,Starter,EMEA
C00128,2023-03,2023-12,86.4,Starter,EMEA
C00128,2023-03,2024-01,86.4,Starter,EMEA
C00128,2023-03,2024-02,86.4,Starter,EMEA
C00128,2023-03,2024-03,86.4,Starter,EMEA
C00128,2023-03,2024-04,86.4,Starter,EMEA
C00128,2023-03,2024-05,86.4,Starter,EMEA
C00128,2023-03,2024-06,86.4,Starter,EMEA
C00128,2023-03,2024-07,86.4,Starter,EMEA
C00128,2023-03,2024-08,86.4,Starter,EMEA
C00128,2023-03,2024-09,103.68,Starter,EMEA
C00128,2023-03,2024-10,124.42,Starter,EMEA
C00128,2023-03,2024-11,124.42,Starter,EMEA
C00128,2023-03,2024-12,124.42,Starter,EMEA
C00129,2023-03,2023-03,50.0,Starter,EMEA
C00129,2023-03,2023-04,60.0,Starter,EMEA
C00129,2023-03,2023-05,72.0,Starter,EMEA
C00129,2023-03,2023-06,72.0,Starter,EMEA
C00129,2023-03,2023-07,72.0,Starter,EMEA
C00129,2023-03,2023-08,86.4,Starter,EMEA
C00129,2023-03,2023-09,86.4,Starter,EMEA
C00129,2023-03,2023-10,86.4,Starter,EMEA
C00129,2023-03,2023-11,103.68,Starter,EMEA
C00129,2023-03,2023-12,103.68,Starter,EMEA
C00129,2023-03,2024-01,103.68,Starter,EMEA
C00129,2023-03,2024-02,103.68,Starter,EMEA
C00129,2023-03,2024-03,124.42,Starter,EMEA
C00129,2023-03,2024-04,124.42,Starter,EMEA
C00129,2023-03,2024-05,124.42,Starter,EMEA
C00129,2023-03,2024-06,124.42,Starter,EMEA
C00129,2023-03,2024-07,124.42,Starter,EMEA
C00129,2023-03,2024-08,124.42,Starter,EMEA
C00129,2023-03,2024-09,124.42,Starter,EMEA
C00129,2023-03,2024-10,124.42,Starter,EMEA
C00129,2023-03,2024-11,124.42,Starter,EMEA
C00129,2023-03,2024-12,124.42,Starter,EMEA
C00130,2023-03,2023-03,50.0,Starter,NA
C00130,2023-03,2023-04,50.0,Starter,NA
C00130,2023-03,2023-05,50.0,Starter,NA
C00130,2023-03,2023-06,50.0,Starter,NA
C00130,2023-03,2023-07,50.0,Starter,NA
C00130,2023-03,2023-08,50.0,Starter,NA
C00130,2023-03,2023-09,50.0,Starter,NA
C00130,2023-03,2023-10,60.0,Starter,NA
C00130,2023-03,2023-11,60.0,Starter,NA
C00130,2023-03,2023-12,60.0,Starter,NA
C00130,2023-03,2024-01,60.0,Starter,NA
C00130,2023-03,2024-02,72.0,Starter,NA
C00130,2023-03,2024-03,72.0,Starter,NA
C00130,2023-03,2024-04,61.2,Starter,NA
C00130,2023-03,2024-05,61.2,Starter,NA
C00130,2023-03,2024-06,73.44,Starter,NA
C00130,2023-03,2024-07,73.44,Starter,NA
C00130,2023-03,2024-08,62.42,Starter,NA
C00130,2023-03,2024-09,62.42,Starter,NA
C00130,2023-03,2024-10,62.42,Starter,NA
C00130,2023-03,2024-11,62.42,Starter,NA
C00130,2023-03,2024-12,62.42,Starter,NA
C00131,2023-03,2023-03,50.0,Starter,NA
C00132,2023-03,2023-03,50.0,Starter,NA
C00132,2023-03,2023-04,50.0,Starter,NA
C00132,2023-03,2023-05,42.5,Starter,NA
C00132,2023-03,2023-06,42.5,Starter,NA
C00132,2023-03,2023-07,42.5,Starter,NA
C00132,2023-03,2023-08,51.0,Starter,NA
C00132,2023-03,2023-09,51.0,Starter,NA
C00132,2023-03,2023-10,61.2,Starter,NA
C00132,2023-03,2023-11,73.44,Starter,NA
C00132,2023-03,2023-12,73.44,Starter,NA
C00132,2023-03,2024-01,88.13,Starter,NA
C00132,2023-03,2024-02,88.13,Starter,NA
C00132,2023-03,2024-03,88.13,Starter,NA
C00132,2023-03,2024-04,88.13,Starter,NA
C00132,2023-03,2024-05,88.13,Starter,NA
C00132,2023-03,2024-06,88.13,Starter,NA
C00132,2023-03,2024-07,105.75,Starter,NA
C00132,2023-03,2024-08,126.9,Starter,NA
C00132,2023-03,2024-09,126.9,Starter,NA
C00132,2023-03,2024-10,152.29,Starter,NA
C00132,2023-03,2024-11,152.29,Starter,NA
C00132,2023-03,2024-12,152.29,Starter,NA
C00133,2023-03,2023-03,200.0,Pro,EMEA
C00133,2023-03,2023-04,200.0,Pro,EMEA
C00133,2023-03,2023-05,200.0,Pro,EMEA
C00133,2023-03,2023-06,200.0,Pro,EMEA
C00133,2023-03,2023-07,200.0,Pro,EMEA
C00133,2023-03,2023-08,200.0,Pro,EMEA
C00133,2023-03,2023-09,200.0,Pro,EMEA
C00133,2023-03,2023-10,200.0,Pro,EMEA
C00133,2023-03,2023-11,200.0,Pro,EMEA
C00133,2023-03,2023-12,200.0,Pro,EMEA
C00133,2023-03,2024-01,200.0,Pro,EMEA
C00133,2023-03,2024-02,200.0,Pro,EMEA
C00133,2023-03,2024-03,200.0,Pro,EMEA
C00133,2023-03,2024-04,170.0,Pro,EMEA
C00133,2023-03,2024-05,170.0,Pro,EMEA
C00133,2023-03,2024-06,204.0,Pro,EMEA
C00133,2023-03,2024-07,204.0,Pro,EMEA
C00133,2023-03,2024-08,204.0,Pro,EMEA
C00133,2023-03,2024-09,204.0,Pro,EMEA
C00133,2023-03,2024-10,204.0,Pro,EMEA
C00133,2023-03,2024-11,204.0,Pro,EMEA
C00133,2023-03,2024-12,204.0,Pro,EMEA
C00134,2023-03,2023-03,800.0,Enterprise,EMEA
C00134,2023-03,2023-04,960.0,Enterprise,EMEA
C00134,2023-03,2023-05,960.0,Enterprise,EMEA
C00134,2023-03,2023-06,960.0,Enterprise,EMEA
C00134,2023-03,2023-07,960.0,Enterprise,EMEA
C00134,2023-03,2023-08,1152.0,Enterprise,EMEA
C00134,2023-03,2023-09,1152.0,Enterprise,EMEA
C00134,2023-03,2023-10,1382.4,Enterprise,EMEA
C00134,2023-03,2023-11,1382.4,Enterprise,EMEA
C00134,2023-03,2023-12,1382.4,Enterprise,EMEA
C00134,2023-03,2024-01,1382.4,Enterprise,EMEA
C00134,2023-03,2024-02,1382.4,Enterprise,EMEA
C00134,2023-03,2024-03,1382.4,Enterprise,EMEA
C00134,2023-03,2024-04,1382.4,Enterprise,EMEA
C00134,2023-03,2024-05,1382.4,Enterprise,EMEA
C00134,2023-03,2024-06,1382.4,Enterprise,EMEA
C00134,2023-03,2024-07,1382.4,Enterprise,EMEA
C00134,2023-03,2024-08,1382.4,Enterprise,EMEA
C00134,2023-03,2024-09,1382.4,Enterprise,EMEA
C00135,2023-03,2023-03,50.0,Starter,NA
C00135,2023-03,2023-04,50.0,Starter,NA
C00135,2023-03,2023-05,50.0,Starter,NA
C00135,2023-03,2023-06,50.0,Starter,NA
C00135,2023-03,2023-07,50.0,Starter,NA
C00135,2023-03,2023-08,50.0,Starter,NA
C00135,2023-03,2023-09,50.0,Starter,NA
C00135,2023-03,2023-10,60.0,Starter,NA
C00135,2023-03,2023-11,60.0,Starter,NA
C00136,2023-03,2023-03,50.0,Starter,LATAM
C00136,2023-03,2023-04,42.5,Starter,LATAM
C00136,2023-03,2023-05,42.5,Starter,LATAM
C00136,2023-03,2023-06,42.5,Starter,LATAM
C00136,2023-03,2023-07,36.12,Starter,LATAM
C00136,2023-03,2023-08,36.12,Starter,LATAM
C00136,2023-03,2023-09,36.12,Starter,LATAM
C00136,2023-03,2023-10,36.12,Starter,LATAM
C00136,2023-03,2023-11,36.12,Starter,LATAM
C00136,2023-03,2023-12,36.12,Starter,LATAM
C00136,2023-03,2024-01,36.12,Starter,LATAM
C00136,2023-03,2024-02,43.35,Starter,LATAM
C00136,2023-03,2024-03,43.35,Starter,LATAM
C00136,2023-03,2024-04,43.35,Starter,LATAM
C00136,2023-03,2024-05,43.35,Starter,LATAM
C00136,2023-03,2024-06,43.35,Starter,LATAM
C00136,2023-03,2024-07,43.35,Starter,LATAM
C00136,2023-03,2024-08,43.35,Starter,LATAM
C00136,2023-03,2024-09,43.35,Starter,LATAM
C00136,2023-03,2024-10,43.35,Starter,LATAM
C00136,2023-03,2024-11,43.35,Starter,LATAM
C00136,2023-03,2024-12,43.35,Starter,LATAM
C00137,2023-03,2023-03,50.0,Starter,NA
C00137,2023-03,2023-04,50.0,Starter,NA
C00137,2023-03,2023-05,50.0,Starter,NA
C00137,2023-03,2023-06,50.0,Starter,NA
C00137,2023-03,2023-07,50.0,Starter,NA
C00137,2023-03,2023-08,50.0,Starter,NA
C00137,2023-03,2023-09,50.0,Starter,NA
C00137,2023-03,2023-10,60.0,Starter,NA
C00137,2023-03,2023-11,60.0,Starter,NA
C00137,2023-03,2023-12,60.0,Starter,NA
C00138,2023-03,2023-03,50.0,Starter,EMEA
C00138,2023-03,2023-04,50.0,Starter,EMEA
C00138,2023-03,2023-05,50.0,Starter,EMEA
C00138,2023-03,2023-06,50.0,Starter,EMEA
C00138,2023-03,2023-07,50.0,Starter,EMEA
C00138,2023-03,2023-08,50.0,Starter,EMEA
C00138,2023-03,2023-09,50.0,Starter,EMEA
C00138,2023-03,2023-10,50.0,Starter,EMEA
C00138,2023-03,2023-11,50.0,Starter,EMEA
C00138,2023-03,2023-12,50.0,Starter,EMEA
C00138,2023-03,2024-01,60.0,Starter,EMEA
C00138,2023-03,2024-02,60.0,Starter,EMEA
C00138,2023-03,2024-03,60.0,Starter,EMEA
C00138,2023-03,2024-04,72.0,Starter,EMEA
C00138,2023-03,2024-05,72.0,Starter,EMEA
C00138,2023-03,2024-06,72.0,Starter,EMEA
C00138,2023-03,2024-07,72.0,Starter,EMEA
C00138,2023-03,2024-08,72.0,Starter,EMEA
C00138,2023-03,2024-09,72.0,Starter,EMEA
C00138,2023-03,2024-10,72.0,Starter,EMEA
C00138,2023-03,2024-11,72.0,Starter,EMEA
C00138,2023-03,2024-12,86.4,Starter,EMEA
C00139,2023-03,2023-03,200.0,Pro,APAC
C00139,2023-03,2023-04,200.0,Pro,APAC
C00139,2023-03,2023-05,240.0,Pro,APAC
C00139,2023-03,2023-06,240.0,Pro,APAC
C00139,2023-03,2023-07,240.0,Pro,APAC
C00139,2023-03,2023-08,240.0,Pro,APAC
C00139,2023-03,2023-09,240.0,Pro,APAC
C00139,2023-03,2023-10,240.0,Pro,APAC
C00139,2023-03,2023-11,240.0,Pro,APAC
C00139,2023-03,2023-12,240.0,Pro,APAC
C00139,2023-03,2024-01,204.0,Pro,APAC
C00139,2023-03,2024-02,204.0,Pro,APAC
C00139,2023-03,2024-03,204.0,Pro,APAC
C00139,2023-03,2024-04,204.0,Pro,APAC
C00139,2023-03,2024-05,204.0,Pro,APAC
C00139,2023-03,2024-06,204.0,Pro,APAC
C00139,2023-03,2024-07,204.0,Pro,APAC
C00139,2023-03,2024-08,204.0,Pro,APAC
C00139,2023-03,2024-09,204.0,Pro,APAC
C00139,2023-03,2024-10,204.0,Pro,APAC
C00139,2023-03,2024-11,204.0,Pro,APAC
C00139,2023-03,2024-12,204.0,Pro,APAC
C00140,2023-03,2023-03,200.0,Pro,NA
C00140,2023-03,2023-04,200.0,Pro,NA
C00140,2023-03,2023-05,200.0,Pro,NA
C00140,2023-03,2023-06,200.0,Pro,NA
C00140,2023-03,2023-07,240.0,Pro,NA
C00140,2023-03,2023-08,240.0,Pro,NA
C00140,2023-03,2023-09,240.0,Pro,NA
C00141,2023-03,2023-03,50.0,Starter,NA
C00142,2023-03,2023-03,200.0,Pro,EMEA
C00142,2023-03,2023-04,200.0,Pro,EMEA
C00142,2023-03,2023-05,200.0,Pro,EMEA
C00142,2023-03,2023-06,200.0,Pro,EMEA
C00142,2023-03,2023-07,200.0,Pro,EMEA
C00142,2023-03,2023-08,200.0,Pro,EMEA
C00142,2023-03,2023-09,200.0,Pro,EMEA
C00142,2023-03,2023-10,200.0,Pro,EMEA
C00142,2023-03,2023-11,200.0,Pro,EMEA
C00142,2023-03,2023-12,200.0,Pro,EMEA
C00142,2023-03,2024-01,240.0,Pro,EMEA
C00142,2023-03,2024-02,240.0,Pro,EMEA
C00142,2023-03,2024-03,240.0,Pro,EMEA
C00142,2023-03,2024-04,288.0,Pro,EMEA
C00142,2023-03,2024-05,288.0,Pro,EMEA
C00142,2023-03,2024-06,244.8,Pro,EMEA
C00142,2023-03,2024-07,244.8,Pro,EMEA
C00142,2023-03,2024-08,293.76,Pro,EMEA
C00142,2023-03,2024-09,293.76,Pro,EMEA
C00142,2023-03,2024-10,293.76,Pro,EMEA
C00142,2023-03,2024-11,293.76,Pro,EMEA
C00142,2023-03,2024-12,249.7,Pro,EMEA
C00143,2023-03,2023-03,50.0,Starter,EMEA
C00143,2023-03,2023-04,50.0,Starter,EMEA
C00143,2023-03,2023-05,50.0,Starter,EMEA
C00143,2023-03,2023-06,50.0,Starter,EMEA
C00143,2023-03,2023-07,50.0,Starter,EMEA
C00143,2023-03,2023-08,50.0,Starter,EMEA
C00143,2023-03,2023-09,50.0,Starter,EMEA
C00143,2023-03,2023-10,60.0,Starter,EMEA
C00143,2023-03,2023-11,72.0,Starter,EMEA
C00143,2023-03,2023-12,72.0,Starter,EMEA
C00143,2023-03,2024-01,72.0,Starter,EMEA
C00143,2023-03,2024-02,72.0,Starter,EMEA
C00143,2023-03,2024-03,72.0,Starter,EMEA
C00143,2023-03,2024-04,72.0,Starter,EMEA
C00143,2023-03,2024-05,72.0,Starter,EMEA
C00143,2023-03,2024-06,72.0,Starter,EMEA
C00143,2023-03,2024-07,86.4,Starter,EMEA
C00143,2023-03,2024-08,86.4,Starter,EMEA
C00143,2023-03,2024-09,86.4,Starter,EMEA
C00143,2023-03,2024-10,86.4,Starter,EMEA
C00143,2023-03,2024-11,86.4,Starter,EMEA
C00143,2023-03,2024-12,86.4,Starter,EMEA
C00144,2023-03,2023-03,50.0,Starter,NA
C00144,2023-03,2023-04,50.0,Starter,NA
C00144,2023-03,2023-05,50.0,Starter,NA
C00144,2023-03,2023-06,50.0,Starter,NA
C00144,2023-03,2023-07,50.0,Starter,NA
C00144,2023-03,2023-08,50.0,Starter,NA
C00144,2023-03,2023-09,50.0,Starter,NA
C00144,2023-03,2023-10,50.0,Starter,NA
C00144,2023-03,2023-11,50.0,Starter,NA
C00144,2023-03,2023-12,60.0,Starter,NA
C00144,2023-03,2024-01,60.0,Starter,NA
C00144,2023-03,2024-02,60.0,Starter,NA
C00144,2023-03,2024-03,60.0,Starter,NA
C00144,2023-03,2024-04,60.0,Starter,NA
C00144,2023-03,2024-05,60.0,Starter,NA
C00144,2023-03,2024-06,60.0,Starter,NA
C00144,2023-03,2024-07,60.0,Starter,NA
C00144,2023-03,2024-08,60.0,Starter,NA
C00144,2023-03,2024-09,60.0,Starter,NA
C00144,2023-03,2024-10,60.0,Starter,NA
C00144,2023-03,2024-11,72.0,Starter,NA
C00144,2023-03,2024-12,72.0,Starter,NA
C00145,2023-03,2023-03,50.0,Starter,EMEA
C00145,2023-03,2023-04,60.0,Starter,EMEA
C00145,2023-03,2023-05,60.0,Starter,EMEA
C00145,2023-03,2023-06,72.0,Starter,EMEA
C00145,2023-03,2023-07,72.0,Starter,EMEA
C00145,2023-03,2023-08,86.4,Starter,EMEA
C00145,2023-03,2023-09,86.4,Starter,EMEA
C00145,2023-03,2023-10,86.4,Starter,EMEA
C00145,2023-03,2023-11,86.4,Starter,EMEA
C00145,2023-03,2023-12,86.4,Starter,EMEA
C00145,2023-03,2024-01,86.4,Starter,EMEA
C00145,2023-03,2024-02,86.4,Starter,EMEA
C00145,2023-03,2024-03,73.44,Starter,EMEA
C00145,2023-03,2024-04,73.44,Starter,EMEA
C00145,2023-03,2024-05,88.13,Starter,EMEA
C00145,2023-03,2024-06,88.13,Starter,EMEA
C00145,2023-03,2024-07,88.13,Starter,EMEA
C00145,2023-03,2024-08,88.13,Starter,EMEA
C00145,2023-03,2024-09,88.13,Starter,EMEA
C00145,2023-03,2024-10,88.13,Starter,EMEA
C00145,2023-03,2024-11,88.13,Starter,EMEA
C00145,2023-03,2024-12,88.13,Starter,EMEA
C00146,2023-03,2023-03,50.0,Starter,NA
C00147,2023-03,2023-03,50.0,Starter,EMEA
C00147,2023-03,2023-04,50.0,Starter,EMEA
C00147,2023-03,2023-05,50.0,Starter,EMEA
C00147,2023-03,2023-06,50.0,Starter,EMEA
C00147,2023-03,2023-07,50.0,Starter,EMEA
C00147,2023-03,2023-08,50.0,Starter,EMEA
C00147,2023-03,2023-09,50.0,Starter,EMEA
C00147,2023-03,2023-10,50.0,Starter,EMEA
C00147,2023-03,2023-11,60.0,Starter,EMEA
C00147,2023-03,2023-12,72.0,Starter,EMEA
C00147,2023-03,2024-01,86.4,Starter,EMEA
C00147,2023-03,2024-02,86.4,Starter,EMEA
C00147,2023-03,2024-03,86.4,Starter,EMEA
C00148,2023-03,2023-03,200.0,Pro,NA
C00148,2023-03,2023-04,240.0,Pro,NA
C00148,2023-03,2023-05,240.0,Pro,NA
C00148,2023-03,2023-06,240.0,Pro,NA
C00148,2023-03,2023-07,288.0,Pro,NA
C00148,2023-03,2023-08,288.0,Pro,NA
C00148,2023-03,2023-09,288.0,Pro,NA
C00148,2023-03,2023-10,288.0,Pro,NA
C00148,2023-03,2023-11,288.0,Pro,NA
C00148,2023-03,2023-12,345.6,Pro,NA
C00148,2023-03,2024-01,414.72,Pro,NA
C00149,2023-04,2023-04,50.0,Starter,LATAM
C00149,2023-04,2023-05,60.0,Starter,LATAM
C00149,2023-04,2023-06,60.0,Starter,LATAM
C00149,2023-04,2023-07,60.0,Starter,LATAM
C00149,2023-04,2023-08,60.0,Starter,LATAM
C00149,2023-04,2023-09,72.0,Starter,LATAM
C00149,2023-04,2023-10,86.4,Starter,LATAM
C00149,2023-04,2023-11,86.4,Starter,LATAM
C00149,2023-04,2023-12,103.68,Starter,LATAM
C00149,2023-04,2024-01,103.68,Starter,LATAM
C00149,2023-04,2024-02,124.42,Starter,LATAM
C00149,2023-04,2024-03,124.42,Starter,LATAM
C00149,2023-04,2024-04,124.42,Starter,LATAM
C00149,2023-04,2024-05,124.42,Starter,LATAM
C00149,2023-04,2024-06,124.42,Starter,LATAM
C00149,2023-04,2024-07,149.3,Starter,LATAM
C00149,2023-04,2024-08,149.3,Starter,LATAM
C00149,2023-04,2024-09,149.3,Starter,LATAM
C00149,2023-04,2024-10,149.3,Starter,LATAM
C00149,2023-04,2024-11,149.3,Starter,LATAM
C00149,2023-04,2024-12,126.9,Starter,LATAM
C00150,2023-04,2023-04,50.0,Starter,NA
C00150,2023-04,2023-05,50.0,Starter,NA
C00150,2023-04,2023-06,50.0,Starter,NA
C00150,2023-04,2023-07,50.0,Starter,NA
C00150,2023-04,2023-08,42.5,Starter,NA
C00150,2023-04,2023-09,42.5,Starter,NA
C00150,2023-04,2023-10,42.5,Starter,NA
C00150,2023-04,2023-11,51.0,Starter,NA
C00150,2023-04,2023-12,51.0,Starter,NA
C00150,2023-04,2024-01,51.0,Starter,NA
C00150,2023-04,2024-02,51.0,Starter,NA
C00150,2023-04,2024-03,51.0,Starter,NA
C00150,2023-04,2024-04,51.0,Starter,NA
C00150,2023-04,2024-05,51.0,Starter,NA
C00150,2023-04,2024-06,51.0,Starter,NA
C00150,2023-04,2024-07,51.0,Starter,NA
C00150,2023-04,2024-08,51.0,Starter,NA
C00150,2023-04,2024-09,61.2,Starter,NA
C00150,2023-04,2024-10,61.2,Starter,NA
C00150,2023-04,2024-11,61.2,Starter,NA
C00150,2023-04,2024-12,61.2,Starter,NA
C00151,2023-04,2023-04,200.0,Pro,EMEA
C00151,2023-04,2023-05,200.0,Pro,EMEA
C00151,2023-04,2023-06,240.0,Pro,EMEA
C00151,2023-04,2023-07,240.0,Pro,EMEA
C00151,2023-04,2023-08,240.0,Pro,EMEA
C00152,2023-04,2023-04,200.0,Pro,LATAM
C00152,2023-04,2023-05,170.0,Pro,LATAM
C00152,2023-04,2023-06,170.0,Pro,LATAM
C00152,2023-04,2023-07,170.0,Pro,LATAM
C00152,2023-04,2023-08,170.0,Pro,LATAM
C00152,2023-04,2023-09,204.0,Pro,LATAM
C00152,2023-04,2023-10,204.0,Pro,LATAM
C00152,2023-04,2023-11,244.8,Pro,LATAM
C00152,2023-04,2023-12,244.8,Pro,LATAM
C00152,2023-04,2024-01,293.76,Pro,LATAM
C00152,2023-04,2024-02,293.76,Pro,LATAM
C00152,2023-04,2024-03,293.76,Pro,LATAM
C00152,2023-04,2024-04,293.76,Pro,LATAM
C00152,2023-04,2024-05,293.76,Pro,LATAM
C00152,2023-04,2024-06,293.76,Pro,LATAM
C00152,2023-04,2024-07,293.76,Pro,LATAM
C00152,2023-04,2024-08,293.76,Pro,LATAM
C00152,2023-04,2024-09,293.76,Pro,LATAM
C00152,2023-04,2024-10,293.76,Pro,LATAM
C00152,2023-04,2024-11,293.76,Pro,LATAM
C00152,2023-04,2024-12,293.76,Pro,LATAM
C00153,2023-04,2023-04,50.0,Starter,LATAM
C00153,2023-04,2023-05,50.0,Starter,LATAM
C00153,2023-04,2023-06,50.0,Starter,LATAM
C00153,2023-04,2023-07,50.0,Starter,LATAM
C00153,2023-04,2023-08,50.0,Starter,LATAM
C00153,2023-04,2023-09,50.0,Starter,LATAM
C00153,2023-04,2023-10,60.0,Starter,LATAM
C00153,2023-04,2023-11,60.0,Starter,LATAM
C00153,2023-04,2023-12,60.0,Starter,LATAM
C00153,2023-04,2024-01,60.0,Starter,LATAM
C00153,2023-04,2024-02,72.0,Starter,LATAM
C00153,2023-04,2024-03,86.4,Starter,LATAM
C00153,2023-04,2024-04,86.4,Starter,LATAM
C00153,2023-04,2024-05,86.4,Starter,LATAM
C00153,2023-04,2024-06,73.44,Starter,LATAM
C00153,2023-04,2024-07,62.42,Starter,LATAM
C00153,2023-04,2024-08,62.42,Starter,LATAM
C00153,2023-04,2024-09,62.42,Starter,LATAM
C00153,2023-04,2024-10,74.91,Starter,LATAM
C00153,2023-04,2024-11,74.91,Starter,LATAM
C00153,2023-04,2024-12,74.91,Starter,LATAM
C00154,2023-04,2023-04,50.0,Starter,NA
C00154,2023-04,2023-05,50.0,Starter,NA
C00154,2023-04,2023-06,50.0,Starter,NA
C00154,2023-04,2023-07,50.0,Starter,NA
C00154,2023-04,2023-08,50.0,Starter,NA
C00154,2023-04,2023-09,50.0,Starter,NA
C00154,2023-04,2023-10,50.0,Starter,NA
C00154,2023-04,2023-11,50.0,Starter,NA
C00154,2023-04,2023-12,50.0,Starter,NA
C00154,2023-04,2024-01,50.0,Starter,NA
C00154,2023-04,2024-02,50.0,Starter,NA
C00154,2023-04,2024-03,60.0,Starter,NA
C00154,2023-04,2024-04,72.0,Starter,NA
C00154,2023-04,2024-05,72.0,Starter,NA
C00154,2023-04,2024-06,72.0,Starter,NA
C00155,2023-04,2023-04,800.0,Enterprise,EMEA
C00155,2023-04,2023-05,800.0,Enterprise,EMEA
C00155,2023-04,2023-06,800.0,Enterprise,EMEA
C00155,2023-04,2023-07,800.0,Enterprise,EMEA
C00155,2023-04,2023-08,800.0,Enterprise,EMEA
C00155,2023-04,2023-09,960.0,Enterprise,EMEA
C00155,2023-04,2023-10,816.0,Enterprise,EMEA
C00155,2023-04,2023-11,979.2,Enterprise,EMEA
C00155,2023-04,2023-12,979.2,Enterprise,EMEA
C00155,2023-04,2024-01,979.2,Enterprise,EMEA
C00155,2023-04,2024-02,979.2,Enterprise,EMEA
C00155,2023-04,2024-03,979.2,Enterprise,EMEA
C00155,2023-04,2024-04,979.2,Enterprise,EMEA
C00156,2023-04,2023-04,200.0,Pro,EMEA
C00156,2023-04,2023-05,200.0,Pro,EMEA
C00156,2023-04,2023-06,240.0,Pro,EMEA
C00156,2023-04,2023-07,204.0,Pro,EMEA
C00156,2023-04,2023-08,204.0,Pro,EMEA
C00156,2023-04,2023-09,244.8,Pro,EMEA
C00156,2023-04,2023-10,293.76,Pro,EMEA
C00156,2023-04,2023-11,293.76,Pro,EMEA
C00156,2023-04,2023-12,293.76,Pro,EMEA
C00156,2023-04,2024-01,293.76,Pro,EMEA
C00156,2023-04,2024-02,293.76,Pro,EMEA
C00156,2023-04,2024-03,293.76,Pro,EMEA
C00156,2023-04,2024-04,249.7,Pro,EMEA
C00156,2023-04,2024-05,249.7,Pro,EMEA
C00156,2023-04,2024-06,299.64,Pro,EMEA
C00157,2023-04,2023-04,50.0,Starter,NA
C00157,2023-04,2023-05,50.0,Starter,NA
C00157,2023-04,2023-06,60.0,Starter,NA
C00157,2023-04,2023-07,60.0,Starter,NA
C00157,2023-04,2023-08,60.0,Starter,NA
C00157,2023-04,2023-09,60.0,Starter,NA
C00157,2023-04,2023-10,60.0,Starter,NA
C00157,2023-04,2023-11,60.0,Starter,NA
C00158,2023-04,2023-04,50.0,Starter,NA
C00158,2023-04,2023-05,60.0,Starter,NA
C00158,2023-04,2023-06,60.0,Starter,NA
C00158,2023-04,2023-07,72.0,Starter,NA
C00158,2023-04,2023-08,72.0,Starter,NA
C00158,2023-04,2023-09,86.4,Starter,NA
C00158,2023-04,2023-10,86.4,Starter,NA
C00158,2023-04,2023-11,103.68,Starter,NA
C00158,2023-04,2023-12,124.42,Starter,NA
C00158,2023-04,2024-01,149.3,Starter,NA
C00158,2023-04,2024-02,149.3,Starter,NA
C00158,2023-04,2024-03,149.3,Starter,NA
C00158,2023-04,2024-04,149.3,Starter,NA
C00158,2023-04,2024-05,149.3,Starter,NA
C00158,2023-04,2024-06,149.3,Starter,NA
C00158,2023-04,2024-07,149.3,Starter,NA
C00158,2023-04,2024-08,149.3,Starter,NA
C00158,2023-04,2024-09,149.3,Starter,NA
C00158,2023-04,2024-10,149.3,Starter,NA
C00158,2023-04,2024-11,149.3,Starter,NA
C00159,2023-04,2023-04,800.0,Enterprise,EMEA
C00159,2023-04,2023-05,800.0,Enterprise,EMEA
C00159,2023-04,2023-06,800.0,Enterprise,EMEA
C00159,2023-04,2023-07,800.0,Enterprise,EMEA
C00159,2023-04,2023-08,800.0,Enterprise,EMEA
C00159,2023-04,2023-09,960.0,Enterprise,EMEA
C00159,2023-04,2023-10,1152.0,Enterprise,EMEA
C00159,2023-04,2023-11,1152.0,Enterprise,EMEA
C00159,2023-04,2023-12,1152.0,Enterprise,EMEA
C00159,2023-04,2024-01,1382.4,Enterprise,EMEA
C00159,2023-04,2024-02,1382.4,Enterprise,EMEA
C00159,2023-04,2024-03,1658.88,Enterprise,EMEA
C00159,2023-04,2024-04,1658.88,Enterprise,EMEA
C00159,2023-04,2024-05,1990.66,Enterprise,EMEA
C00159,2023-04,2024-06,1990.66,Enterprise,EMEA
C00159,2023-04,2024-07,2388.79,Enterprise,EMEA
C00159,2023-04,2024-08,2388.79,Enterprise,EMEA
C00159,2023-04,2024-09,2866.54,Enterprise,EMEA
C00159,2023-04,2024-10,2866.54,Enterprise,EMEA
C00159,2023-04,2024-11,2866.54,Enterprise,EMEA
C00159,2023-04,2024-12,2866.54,Enterprise,EMEA
C00160,2023-04,2023-04,200.0,Pro,LATAM
C00160,2023-04,2023-05,200.0,Pro,LATAM
C00160,2023-04,2023-06,200.0,Pro,LATAM
C00160,2023-04,2023-07,200.0,Pro,LATAM
C00160,2023-04,2023-08,240.0,Pro,LATAM
C00160,2023-04,2023-09,240.0,Pro,LATAM
C00160,2023-04,2023-10,240.0,Pro,LATAM
C00160,2023-04,2023-11,240.0,Pro,LATAM
C00160,2023-04,2023-12,288.0,Pro,LATAM
C00160,2023-04,2024-01,288.0,Pro,LATAM
C00160,2023-04,2024-02,288.0,Pro,LATAM
C00160,2023-04,2024-03,288.0,Pro,LATAM
C00160,2023-04,2024-04,288.0,Pro,LATAM
C00160,2023-04,2024-05,288.0,Pro,LATAM
C00160,2023-04,2024-06,288.0,Pro,LATAM
C00160,2023-04,2024-07,288.0,Pro,LATAM
C00160,2023-04,2024-08,288.0,Pro,LATAM
C00160,2023-04,2024-09,345.6,Pro,LATAM
C00160,2023-04,2024-10,345.6,Pro,LATAM
C00160,2023-04,2024-11,345.6,Pro,LATAM
C00161,2023-04,2023-04,200.0,Pro,EMEA
C00161,2023-04,2023-05,240.0,Pro,EMEA
C00161,2023-04,2023-06,240.0,Pro,EMEA
C00161,2023-04,2023-07,240.0,Pro,EMEA
C00161,2023-04,2023-08,288.0,Pro,EMEA
C00161,2023-04,2023-09,288.0,Pro,EMEA
C00161,2023-04,2023-10,345.6,Pro,EMEA
C00161,2023-04,2023-11,345.6,Pro,EMEA
C00161,2023-04,2023-12,345.6,Pro,EMEA
C00161,2023-04,2024-01,345.6,Pro,EMEA
C00161,2023-04,2024-02,345.6,Pro,EMEA
C00161,2023-04,2024-03,345.6,Pro,EMEA
C00161,2023-04,2024-04,345.6,Pro,EMEA
C00161,2023-04,2024-05,345.6,Pro,EMEA
C00161,2023-04,2024-06,345.6,Pro,EMEA
C00161,2023-04,2024-07,345.6,Pro,EMEA
C00161,2023-04,2024-08,414.72,Pro,EMEA
C00161,2023-04,2024-09,414.72,Pro,EMEA
C00162,2023-04,2023-04,50.0,Starter,NA
C00162,2023-04,2023-05,50.0,Starter,NA
C00162,2023-04,2023-06,50.0,Starter,NA
C00162,2023-04,2023-07,50.0,Starter,NA
C00162,2023-04,2023-08,50.0,Starter,NA
C00162,2023-04,2023-09,50.0,Starter,NA
C00162,2023-04,2023-10,50.0,Starter,NA
C00162,2023-04,2023-11,50.0,Starter,NA
C00162,2023-04,2023-12,50.0,Starter,NA
C00162,2023-04,2024-01,50.0,Starter,NA
C00162,2023-04,2024-02,50.0,Starter,NA
C00162,2023-04,2024-03,60.0,Starter,NA
C00162,2023-04,2024-04,51.0,Starter,NA
C00162,2023-04,2024-05,51.0,Starter,NA
C00162,2023-04,2024-06,61.2,Starter,NA
C00162,2023-04,2024-07,61.2,Starter,NA
C00162,2023-04,2024-08,61.2,Starter,NA
C00162,2023-04,2024-09,61.2,Starter,NA
C00162,2023-04,2024-10,73.44,Starter,NA
C00162,2023-04,2024-11,88.13,Starter,NA
C00162,2023-04,2024-12,88.13,Starter,NA
C00163,2023-04,2023-04,800.0,Enterprise,APAC
C00163,2023-04,2023-05,800.0,Enterprise,APAC
C00163,2023-04,2023-06,800.0,Enterprise,APAC
C00163,2023-04,2023-07,800.0,Enterprise,APAC
C00163,2023-04,2023-08,680.0,Enterprise,APAC
C00163,2023-04,2023-09,680.0,Enterprise,APAC
C00163,2023-04,2023-10,816.0,Enterprise,APAC
C00163,2023-04,2023-11,979.2,Enterprise,APAC
C00163,2023-04,2023-12,979.2,Enterprise,APAC
C00163,2023-04,2024-01,979.2,Enterprise,APAC
C00163,2023-04,2024-02,979.2,Enterprise,APAC
C00163,2023-04,2024-03,979.2,Enterprise,APAC
C00163,2023-04,2024-04,979.2,Enterprise,APAC
C00163,2023-04,2024-05,979.2,Enterprise,APAC
C00163,2023-04,2024-06,979.2,Enterprise,APAC
C00163,2023-04,2024-07,979.2,Enterprise,APAC
C00163,2023-04,2024-08,979.2,Enterprise,APAC
C00163,2023-04,2024-09,979.2,Enterprise,APAC
C00163,2023-04,2024-10,979.2,Enterprise,APAC
C00163,2023-04,2024-11,1175.04,Enterprise,APAC
C00163,2023-04,2024-12,1175.04,Enterprise,APAC
C00164,2023-04,2023-04,50.0,Starter,NA
C00164,2023-04,2023-05,50.0,Starter,NA
C00164,2023-04,2023-06,50.0,Starter,NA
C00164,2023-04,2023-07,50.0,Starter,NA
C00164,2023-04,2023-08,60.0,Starter,NA
C00164,2023-04,2023-09,60.0,Starter,NA
C00164,2023-04,2023-10,60.0,Starter,NA
C00164,2023-04,2023-11,60.0,Starter,NA
C00164,2023-04,2023-12,60.0,Starter,NA
C00164,2023-04,2024-01,60.0,Starter,NA
C00164,2023-04,2024-02,60.0,Starter,NA
C00164,2023-04,2024-03,60.0,Starter,NA
C00164,2023-04,2024-04,72.0,Starter,NA
C00164,2023-04,2024-05,72.0,Starter,NA
C00164,2023-04,2024-06,86.4,Starter,NA
C00164,2023-04,2024-07,86.4,Starter,NA
C00164,2023-04,2024-08,86.4,Starter,NA
C00164,2023-04,2024-09,86.4,Starter,NA
C00164,2023-04,2024-10,86.4,Starter,NA
C00164,2023-04,2024-11,86.4,Starter,NA
C00164,2023-04,2024-12,86.4,Starter,NA
C00165,2023-04,2023-04,200.0,Pro,EMEA
C00165,2023-04,2023-05,200.0,Pro,EMEA
C00165,2023-04,2023-06,200.0,Pro,EMEA
C00165,2023-04,2023-07,200.0,Pro,EMEA
C00165,2023-04,2023-08,200.0,Pro,EMEA
C00165,2023-04,2023-09,200.0,Pro,EMEA
C00165,2023-04,2023-10,200.0,Pro,EMEA
C00165,2023-04,2023-11,200.0,Pro,EMEA
C00165,2023-04,2023-12,240.0,Pro,EMEA
C00165,2023-04,2024-01,240.0,Pro,EMEA
C00165,2023-04,2024-02,240.0,Pro,EMEA
C00165,2023-04,2024-03,204.0,Pro,EMEA
C00165,2023-04,2024-04,204.0,Pro,EMEA
C00165,2023-04,2024-05,204.0,Pro,EMEA
C00165,2023-04,2024-06,244.8,Pro,EMEA
C00165,2023-04,2024-07,293.76,Pro,EMEA
C00165,2023-04,2024-08,293.76,Pro,EMEA
C00165,2023-04,2024-09,293.76,Pro,EMEA
C00165,2023-04,2024-10,293.76,Pro,EMEA
C00165,2023-04,2024-11,293.76,Pro,EMEA
C00165,2023-04,2024-12,352.51,Pro,EMEA
C00166,2023-04,2023-04,50.0,Starter,NA
C00166,2023-04,2023-05,50.0,Starter,NA
C00166,2023-04,2023-06,50.0,Starter,NA
C00166,2023-04,2023-07,50.0,Starter,NA
C00166,2023-04,2023-08,42.5,Starter,NA
C00166,2023-04,2023-09,42.5,Starter,NA
C00166,2023-04,2023-10,42.5,Starter,NA
C00167,2023-04,2023-04,50.0,Starter,NA
C00167,2023-04,2023-05,50.0,Starter,NA
C00167,2023-04,2023-06,50.0,Starter,NA
C00167,2023-04,2023-07,50.0,Starter,NA
C00167,2023-04,2023-08,50.0,Starter,NA
C00167,2023-04,2023-09,50.0,Starter,NA
C00167,2023-04,2023-10,50.0,Starter,NA
C00167,2023-04,2023-11,60.0,Starter,NA
C00167,2023-04,2023-12,60.0,Starter,NA
C00167,2023-04,2024-01,72.0,Starter,NA
C00167,2023-04,2024-02,86.4,Starter,NA
C00167,2023-04,2024-03,86.4,Starter,NA
C00167,2023-04,2024-04,86.4,Starter,NA
C00167,2023-04,2024-05,86.4,Starter,NA
C00167,2023-04,2024-06,86.4,Starter,NA
C00167,2023-04,2024-07,86.4,Starter,NA
C00167,2023-04,2024-08,86.4,Starter,NA
C00167,2023-04,2024-09,86.4,Starter,NA
C00167,2023-04,2024-10,86.4,Starter,NA
C00167,2023-04,2024-11,86.4,Starter,NA
C00167,2023-04,2024-12,103.68,Starter,NA
C00168,2023-04,2023-04,200.0,Pro,EMEA
C00168,2023-04,2023-05,200.0,Pro,EMEA
C00169,2023-04,2023-04,50.0,Starter,APAC
C00169,2023-04,2023-05,50.0,Starter,APAC
C00169,2023-04,2023-06,50.0,Starter,APAC
C00169,2023-04,2023-07,60.0,Starter,APAC
C00169,2023-04,2023-08,72.0,Starter,APAC
C00169,2023-04,2023-09,72.0,Starter,APAC
C00169,2023-04,2023-10,72.0,Starter,APAC
C00169,2023-04,2023-11,72.0,Starter,APAC
C00169,2023-04,2023-12,72.0,Starter,APAC
C00169,2023-04,2024-01,86.4,Starter,APAC
C00169,2023-04,2024-02,86.4,Starter,APAC
C00169,2023-04,2024-03,103.68,Starter,APAC
C00169,2023-04,2024-04,103.68,Starter,APAC
C00169,2023-04,2024-05,124.42,Starter,APAC
C00169,2023-04,2024-06,124.42,Starter,APAC
C00169,2023-04,2024-07,124.42,Starter,APAC
C00169,2023-04,2024-08,124.42,Starter,APAC
C00169,2023-04,2024-09,124.42,Starter,APAC
C00169,2023-04,2024-10,124.42,Starter,APAC
C00169,2023-04,2024-11,124.42,Starter,APAC
C00169,2023-04,2024-12,124.42,Starter,APAC
C00170,2023-04,2023-04,50.0,Starter,EMEA
C00170,2023-04,2023-05,50.0,Starter,EMEA
C00170,2023-04,2023-06,50.0,Starter,EMEA
C00170,2023-04,2023-07,60.0,Starter,EMEA
C00170,2023-04,2023-08,60.0,Starter,EMEA
C00170,2023-04,2023-09,72.0,Starter,EMEA
C00170,2023-04,2023-10,72.0,Starter,EMEA
C00171,2023-04,2023-04,50.0,Starter,EMEA
C00171,2023-04,2023-05,50.0,Starter,EMEA
C00171,2023-04,2023-06,50.0,Starter,EMEA
C00171,2023-04,2023-07,50.0,Starter,EMEA
C00171,2023-04,2023-08,50.0,Starter,EMEA
C00171,2023-04,2023-09,50.0,Starter,EMEA
C00171,2023-04,2023-10,50.0,Starter,EMEA
C00171,2023-04,2023-11,50.0,Starter,EMEA
C00171,2023-04,2023-12,60.0,Starter,EMEA
C00171,2023-04,2024-01,60.0,Starter,EMEA
C00171,2023-04,2024-02,60.0,Starter,EMEA
C00171,2023-04,2024-03,60.0,Starter,EMEA
C00171,2023-04,2024-04,72.0,Starter,EMEA
C00171,2023-04,2024-05,72.0,Starter,EMEA
C00171,2023-04,2024-06,86.4,Starter,EMEA
C00171,2023-04,2024-07,86.4,Starter,EMEA
C00171,2023-04,2024-08,86.4,Starter,EMEA
C00171,2023-04,2024-09,86.4,Starter,EMEA
C00171,2023-04,2024-10,86.4,Starter,EMEA
C00171,2023-04,2024-11,86.4,Starter,EMEA
C00171,2023-04,2024-12,86.4,Starter,EMEA
C00172,2023-04,2023-04,50.0,Starter,EMEA
C00172,2023-04,2023-05,50.0,Starter,EMEA
C00172,2023-04,2023-06,50.0,Starter,EMEA
C00172,2023-04,2023-07,60.0,Starter,EMEA
C00172,2023-04,2023-08,72.0,Starter,EMEA
C00172,2023-04,2023-09,86.4,Starter,EMEA
C00172,2023-04,2023-10,86.4,Starter,EMEA
C00172,2023-04,2023-11,86.4,Starter,EMEA
C00172,2023-04,2023-12,103.68,Starter,EMEA
C00172,2023-04,2024-01,103.68,Starter,EMEA
C00172,2023-04,2024-02,124.42,Starter,EMEA
C00172,2023-04,2024-03,124.42,Starter,EMEA
C00172,2023-04,2024-04,124.42,Starter,EMEA
C00172,2023-04,2024-05,149.3,Starter,EMEA
C00173,2023-04,2023-04,800.0,Enterprise,APAC
C00173,2023-04,2023-05,800.0,Enterprise,APAC
C00173,2023-04,2023-06,800.0,Enterprise,APAC
C00173,2023-04,2023-07,960.0,Enterprise,APAC
C00173,2023-04,2023-08,960.0,Enterprise,APAC
C00173,2023-04,2023-09,960.0,Enterprise,APAC
C00173,2023-04,2023-10,1152.0,Enterprise,APAC
C00173,2023-04,2023-11,1152.0,Enterprise,APAC
C00173,2023-04,2023-12,1152.0,Enterprise,APAC
C00173,2023-04,2024-01,1152.0,Enterprise,APAC
C00173,2023-04,2024-02,1382.4,Enterprise,APAC
C00173,2023-04,2024-03,1382.4,Enterprise,APAC
C00173,2023-04,2024-04,1382.4,Enterprise,APAC
C00173,2023-04,2024-05,1382.4,Enterprise,APAC
C00173,2023-04,2024-06,1382.4,Enterprise,APAC
C00173,2023-04,2024-07,1382.4,Enterprise,APAC
C00173,2023-04,2024-08,1382.4,Enterprise,APAC
C00173,2023-04,2024-09,1658.88,Enterprise,APAC
C00173,2023-04,2024-10,1990.66,Enterprise,APAC
C00174,2023-04,2023-04,50.0,Starter,APAC
C00174,2023-04,2023-05,50.0,Starter,APAC
C00174,2023-04,2023-06,60.0,Starter,APAC
C00174,2023-04,2023-07,51.0,Starter,APAC
C00174,2023-04,2023-08,51.0,Starter,APAC
C00174,2023-04,2023-09,61.2,Starter,APAC
C00174,2023-04,2023-10,61.2,Starter,APAC
C00174,2023-04,2023-11,61.2,Starter,APAC
C00174,2023-04,2023-12,73.44,Starter,APAC
C00174,2023-04,2024-01,73.44,Starter,APAC
C00174,2023-04,2024-02,73.44,Starter,APAC
C00174,2023-04,2024-03,88.13,Starter,APAC
C00174,2023-04,2024-04,88.13,Starter,APAC
C00174,2023-04,2024-05,88.13,Starter,APAC
C00174,2023-04,2024-06,88.13,Starter,APAC
C00174,2023-04,2024-07,88.13,Starter,APAC
C00174,2023-04,2024-08,88.13,Starter,APAC
C00174,2023-04,2024-09,88.13,Starter,APAC
C00174,2023-04,2024-10,105.75,Starter,APAC
C00174,2023-04,2024-11,105.75,Starter,APAC
C00174,2023-04,2024-12,105.75,Starter,APAC
C00175,2023-04,2023-04,50.0,Starter,APAC
C00176,2023-04,2023-04,50.0,Starter,NA
C00176,2023-04,2023-05,50.0,Starter,NA
C00176,2023-04,2023-06,50.0,Starter,NA
C00176,2023-04,2023-07,60.0,Starter,NA
C00176,2023-04,2023-08,72.0,Starter,NA
C00176,2023-04,2023-09,72.0,Starter,NA
C00176,2023-04,2023-10,72.0,Starter,NA
C00176,2023-04,2023-11,72.0,Starter,NA
C00176,2023-04,2023-12,61.2,Starter,NA
C00176,2023-04,2024-01,61.2,Starter,NA
C00176,2023-04,2024-02,73.44,Starter,NA
C00176,2023-04,2024-03,73.44,Starter,NA
C00176,2023-04,2024-04,73.44,Starter,NA
C00176,2023-04,2024-05,73.44,Starter,NA
C00176,2023-04,2024-06,73.44,Starter,NA
C00176,2023-04,2024-07,73.44,Starter,NA
C00176,2023-04,2024-08,73.44,Starter,NA
C00176,2023-04,2024-09,88.13,Starter,NA
C00176,2023-04,2024-10,105.75,Starter,NA
C00177,2023-04,2023-04,800.0,Enterprise,EMEA
C00177,2023-04,2023-05,800.0,Enterprise,EMEA
C00177,2023-04,2023-06,800.0,Enterprise,EMEA
C00177,2023-04,2023-07,800.0,Enterprise,EMEA
C00177,2023-04,2023-08,800.0,Enterprise,EMEA
C00177,2023-04,2023-09,800.0,Enterprise,EMEA
C00177,2023-04,2023-10,800.0,Enterprise,EMEA
C00177,2023-04,2023-11,800.0,Enterprise,EMEA
C00177,2023-04,2023-12,800.0,Enterprise,EMEA
C00177,2023-04,2024-01,800.0,Enterprise,EMEA
C00177,2023-04,2024-02,960.0,Enterprise,EMEA
C00177,2023-04,2024-03,960.0,Enterprise,EMEA
C00177,2023-04,2024-04,816.0,Enterprise,EMEA
C00177,2023-04,2024-05,816.0,Enterprise,EMEA
C00177,2023-04,2024-06,816.0,Enterprise,EMEA
C00177,2023-04,2024-07,816.0,Enterprise,EMEA
C00177,2023-04,2024-08,693.6,Enterprise,EMEA
C00177,2023-04,2024-09,832.32,Enterprise,EMEA
C00177,2023-04,2024-10,832.32,Enterprise,EMEA
C00177,2023-04,2024-11,832.32,Enterprise,EMEA
C00177,2023-04,2024-12,832.32,Enterprise,EMEA
C00178,2023-04,2023-04,50.0,Starter,NA
C00178,2023-04,2023-05,50.0,Starter,NA
C00178,2023-04,2023-06,60.0,Starter,NA
C00178,2023-04,2023-07,72.0,Starter,NA
C00178,2023-04,2023-08,72.0,Starter,NA
C00178,2023-04,2023-09,72.0,Starter,NA
C00178,2023-04,2023-10,72.0,Starter,NA
C00178,2023-04,2023-11,61.2,Starter,NA
C00178,2023-04,2023-12,61.2,Starter,NA
C00178,2023-04,2024-01,61.2,Starter,NA
C00178,2023-04,2024-02,61.2,Starter,NA
C00178,2023-04,2024-03,61.2,Starter,NA
C00178,2023-04,2024-04,61.2,Starter,NA
C00178,2023-04,2024-05,61.2,Starter,NA
C00178,2023-04,2024-06,61.2,Starter,NA
C00178,2023-04,2024-07,61.2,Starter,NA
C00178,2023-04,2024-08,61.2,Starter,NA
C00178,2023-04,2024-09,61.2,Starter,NA
C00178,2023-04,2024-10,61.2,Starter,NA
C00178,2023-04,2024-11,73.44,Starter,NA
C00178,2023-04,2024-12,88.13,Starter,NA
C00179,2023-04,2023-04,800.0,Enterprise,EMEA
C00179,2023-04,2023-05,800.0,Enterprise,EMEA
C00179,2023-04,2023-06,800.0,Enterprise,EMEA
C00179,2023-04,2023-07,800.0,Enterprise,EMEA
C00179,2023-04,2023-08,800.0,Enterprise,EMEA
C00179,2023-04,2023-09,800.0,Enterprise,EMEA
C00179,2023-04,2023-10,800.0,Enterprise,EMEA
C00179,2023-04,2023-11,960.0,Enterprise,EMEA
C00179,2023-04,2023-12,960.0,Enterprise,EMEA
C00179,2023-04,2024-01,1152.0,Enterprise,EMEA
C00179,2023-04,2024-02,1382.4,Enterprise,EMEA
C00179,2023-04,2024-03,1382.4,Enterprise,EMEA
C00179,2023-04,2024-04,1382.4,Enterprise,EMEA
C00179,2023-04,2024-05,1658.88,Enterprise,EMEA
C00179,2023-04,2024-06,1410.05,Enterprise,EMEA
C00179,2023-04,2024-07,1410.05,Enterprise,EMEA
C00179,2023-04,2024-08,1410.05,Enterprise,EMEA
C00179,2023-04,2024-09,1410.05,Enterprise,EMEA
C00179,2023-04,2024-10,1410.05,Enterprise,EMEA
C00179,2023-04,2024-11,1410.05,Enterprise,EMEA
C00179,2023-04,2024-12,1410.05,Enterprise,EMEA
C00180,2023-04,2023-04,800.0,Enterprise,LATAM
C00180,2023-04,2023-05,960.0,Enterprise,LATAM
C00180,2023-04,2023-06,960.0,Enterprise,LATAM
C00180,2023-04,2023-07,960.0,Enterprise,LATAM
C00180,2023-04,2023-08,816.0,Enterprise,LATAM
C00180,2023-04,2023-09,816.0,Enterprise,LATAM
C00180,2023-04,2023-10,816.0,Enterprise,LATAM
C00180,2023-04,2023-11,816.0,Enterprise,LATAM
C00180,2023-04,2023-12,816.0,Enterprise,LATAM
C00180,2023-04,2024-01,979.2,Enterprise,LATAM
C00180,2023-04,2024-02,979.2,Enterprise,LATAM
C00180,2023-04,2024-03,979.2,Enterprise,LATAM
C00180,2023-04,2024-04,979.2,Enterprise,LATAM
C00180,2023-04,2024-05,979.2,Enterprise,LATAM
C00180,2023-04,2024-06,979.2,Enterprise,LATAM
C00180,2023-04,2024-07,979.2,Enterprise,LATAM
C00180,2023-04,2024-08,979.2,Enterprise,LATAM
C00180,2023-04,2024-09,979.2,Enterprise,LATAM
C00180,2023-04,2024-10,979.2,Enterprise,LATAM
C00180,2023-04,2024-11,979.2,Enterprise,LATAM
C00180,2023-04,2024-12,979.2,Enterprise,LATAM
C00181,2023-04,2023-04,50.0,Starter,NA
C00181,2023-04,2023-05,60.0,Starter,NA
C00181,2023-04,2023-06,60.0,Starter,NA
C00181,2023-04,2023-07,60.0,Starter,NA
C00181,2023-04,2023-08,60.0,Starter,NA
C00181,2023-04,2023-09,60.0,Starter,NA
C00181,2023-04,2023-10,60.0,Starter,NA
C00181,2023-04,2023-11,60.0,Starter,NA
C00181,2023-04,2023-12,60.0,Starter,NA
C00181,2023-04,2024-01,60.0,Starter,NA
C00181,2023-04,2024-02,60.0,Starter,NA
C00181,2023-04,2024-03,60.0,Starter,NA
C00181,2023-04,2024-04,60.0,Starter,NA
C00181,2023-04,2024-05,60.0,Starter,NA
C00181,2023-04,2024-06,60.0,Starter,NA
C00181,2023-04,2024-07,60.0,Starter,NA
C00181,2023-04,2024-08,60.0,Starter,NA
C00181,2023-04,2024-09,60.0,Starter,NA
C00181,2023-04,2024-10,60.0,Starter,NA
C00181,2023-04,2024-11,60.0,Starter,NA
C00181,2023-04,2024-12,60.0,Starter,NA
C00182,2023-04,2023-04,50.0,Starter,EMEA
C00182,2023-04,2023-05,50.0,Starter,EMEA
C00182,2023-04,2023-06,60.0,Starter,EMEA
C00182,2023-04,2023-07,60.0,Starter,EMEA
C00182,2023-04,2023-08,60.0,Starter,EMEA
C00182,2023-04,2023-09,72.0,Starter,EMEA
C00182,2023-04,2023-10,72.0,Starter,EMEA
C00182,2023-04,2023-11,72.0,Starter,EMEA
C00182,2023-04,2023-12,72.0,Starter,EMEA
C00182,2023-04,2024-01,72.0,Starter,EMEA
C00182,2023-04,2024-02,86.4,Starter,EMEA
C00182,2023-04,2024-03,103.68,Starter,EMEA
C00182,2023-04,2024-04,88.13,Starter,EMEA
C00182,2023-04,2024-05,88.13,Starter,EMEA
C00182,2023-04,2024-06,88.13,Starter,EMEA
C00182,2023-04,2024-07,105.75,Starter,EMEA
C00182,2023-04,2024-08,105.75,Starter,EMEA
C00182,2023-04,2024-09,105.75,Starter,EMEA
C00182,2023-04,2024-10,105.75,Starter,EMEA
C00182,2023-04,2024-11,105.75,Starter,EMEA
C00182,2023-04,2024-12,105.75,Starter,EMEA
C00183,2023-04,2023-04,200.0,Pro,NA
C00184,2023-04,2023-04,50.0,Starter,NA
C00184,2023-04,2023-05,60.0,Starter,NA
C00184,2023-04,2023-06,60.0,Starter,NA
C00184,2023-04,2023-07,60.0,Starter,NA
C00184,2023-04,2023-08,60.0,Starter,NA
C00184,2023-04,2023-09,60.0,Starter,NA
C00184,2023-04,2023-10,60.0,Starter,NA
C00184,2023-04,2023-11,60.0,Starter,NA
C00184,2023-04,2023-12,60.0,Starter,NA
C00184,2023-04,2024-01,72.0,Starter,NA
C00184,2023-04,2024-02,72.0,Starter,NA
C00184,2023-04,2024-03,72.0,Starter,NA
C00184,2023-04,2024-04,72.0,Starter,NA
C00184,2023-04,2024-05,72.0,Starter,NA
C00184,2023-04,2024-06,72.0,Starter,NA
C00184,2023-04,2024-07,72.0,Starter,NA
C00184,2023-04,2024-08,72.0,Starter,NA
C00184,2023-04,2024-09,72.0,Starter,NA
C00184,2023-04,2024-10,72.0,Starter,NA
C00184,2023-04,2024-11,72.0,Starter,NA
C00184,2023-04,2024-12,72.0,Starter,NA
C00185,2023-04,2023-04,50.0,Starter,EMEA
C00185,2023-04,2023-05,50.0,Starter,EMEA
C00185,2023-04,2023-06,60.0,Starter,EMEA
C00185,2023-04,2023-07,60.0,Starter,EMEA
C00185,2023-04,2023-08,60.0,Starter,EMEA
C00185,2023-04,2023-09,60.0,Starter,EMEA
C00185,2023-04,2023-10,60.0,Starter,EMEA
C00185,2023-04,2023-11,60.0,Starter,EMEA
C00185,2023-04,2023-12,60.0,Starter,EMEA
C00186,2023-04,2023-04,800.0,Enterprise,NA
C00186,2023-04,2023-05,800.0,Enterprise,NA
C00186,2023-04,2023-06,800.0,Enterprise,NA
C00187,2023-04,2023-04,50.0,Starter,EMEA
C00187,2023-04,2023-05,50.0,Starter,EMEA
C00187,2023-04,2023-06,50.0,Starter,EMEA
C00187,2023-04,2023-07,50.0,Starter,EMEA
C00187,2023-04,2023-08,60.0,Starter,EMEA
C00187,2023-04,2023-09,72.0,Starter,EMEA
C00187,2023-04,2023-10,72.0,Starter,EMEA
C00187,2023-04,2023-11,86.4,Starter,EMEA
C00187,2023-04,2023-12,86.4,Starter,EMEA
C00187,2023-04,2024-01,86.4,Starter,EMEA
C00187,2023-04,2024-02,86.4,Starter,EMEA
C00187,2023-04,2024-03,86.4,Starter,EMEA
C00187,2023-04,2024-04,86.4,Starter,EMEA
C00187,2023-04,2024-05,73.44,Starter,EMEA
C00187,2023-04,2024-06,73.44,Starter,EMEA
C00187,2023-04,2024-07,88.13,Starter,EMEA
C00187,2023-04,2024-08,105.75,Starter,EMEA
C00187,2023-04,2024-09,105.75,Starter,EMEA
C00187,2023-04,2024-10,126.9,Starter,EMEA
C00187,2023-04,2024-11,152.29,Starter,EMEA
C00187,2023-04,2024-12,152.29,Starter,EMEA
C00188,2023-04,2023-04,200.0,Pro,NA
C00188,2023-04,2023-05,200.0,Pro,NA
C00188,2023-04,2023-06,200.0,Pro,NA
C00188,2023-04,2023-07,200.0,Pro,NA
C00188,2023-04,2023-08,200.0,Pro,NA
C00188,2023-04,2023-09,200.0,Pro,NA
C00188,2023-04,2023-10,240.0,Pro,NA
C00188,2023-04,2023-11,240.0,Pro,NA
C00188,2023-04,2023-12,288.0,Pro,NA
C00188,2023-04,2024-01,288.0,Pro,NA
C00188,2023-04,2024-02,288.0,Pro,NA
C00188,2023-04,2024-03,288.0,Pro,NA
C00188,2023-04,2024-04,288.0,Pro,NA
C00188,2023-04,2024-05,288.0,Pro,NA
C00188,2023-04,2024-06,288.0,Pro,NA
C00188,2023-04,2024-07,288.0,Pro,NA
C00188,2023-04,2024-08,288.0,Pro,NA
C00188,2023-04,2024-09,288.0,Pro,NA
C00188,2023-04,2024-10,288.0,Pro,NA
C00188,2023-04,2024-11,288.0,Pro,NA
C00188,2023-04,2024-12,288.0,Pro,NA
C00189,2023-04,2023-04,50.0,Starter,NA
C00190,2023-04,2023-04,800.0,Enterprise,APAC
C00190,2023-04,2023-05,800.0,Enterprise,APAC
C00190,2023-04,2023-06,800.0,Enterprise,APAC
C00190,2023-04,2023-07,800.0,Enterprise,APAC
C00190,2023-04,2023-08,800.0,Enterprise,APAC
C00190,2023-04,2023-09,960.0,Enterprise,APAC
C00190,2023-04,2023-10,1152.0,Enterprise,APAC
C00190,2023-04,2023-11,1152.0,Enterprise,APAC
C00190,2023-04,2023-12,1152.0,Enterprise,APAC
C00190,2023-04,2024-01,1152.0,Enterprise,APAC
C00190,2023-04,2024-02,1382.4,Enterprise,APAC
C00191,2023-04,2023-04,200.0,Pro,NA
C00191,2023-04,2023-05,240.0,Pro,NA
C00191,2023-04,2023-06,288.0,Pro,NA
C00191,2023-04,2023-07,288.0,Pro,NA
C00191,2023-04,2023-08,288.0,Pro,NA
C00191,2023-04,2023-09,288.0,Pro,NA
C00192,2023-04,2023-04,50.0,Starter,NA
C00192,2023-04,2023-05,50.0,Starter,NA
C00192,2023-04,2023-06,42.5,Starter,NA
C00192,2023-04,2023-07,42.5,Starter,NA
C00192,2023-04,2023-08,42.5,Starter,NA
C00192,2023-04,2023-09,42.5,Starter,NA
C00192,2023-04,2023-10,51.0,Starter,NA
C00192,2023-04,2023-11,51.0,Starter,NA
C00192,2023-04,2023-12,61.2,Starter,NA
C00192,2023-04,2024-01,52.02,Starter,NA
C00192,2023-04,2024-02,52.02,Starter,NA
C00192,2023-04,2024-03,62.42,Starter,NA
C00192,2023-04,2024-04,62.42,Starter,NA
C00192,2023-04,2024-05,62.42,Starter,NA
C00192,2023-04,2024-06,62.42,Starter,NA
C00192,2023-04,2024-07,62.42,Starter,NA
C00192,2023-04,2024-08,62.42,Starter,NA
C00192,2023-04,2024-09,62.42,Starter,NA
C00192,2023-04,2024-10,62.42,Starter,NA
C00192,2023-04,2024-11,74.91,Starter,NA
C00192,2023-04,2024-12,74.91,Starter,NA
C00193,2023-04,2023-04,50.0,Starter,NA
C00193,2023-04,2023-05,50.0,Starter,NA
C00193,2023-04,2023-06,50.0,Starter,NA
C00193,2023-04,2023-07,50.0,Starter,NA
C00193,2023-04,2023-08,50.0,Starter,NA
C00193,2023-04,2023-09,60.0,Starter,NA
C00193,2023-04,2023-10,60.0,Starter,NA
C00193,2023-04,2023-11,60.0,Starter,NA
C00193,2023-04,2023-12,60.0,Starter,NA
C00193,2023-04,2024-01,60.0,Starter,NA
C00193,2023-04,2024-02,60.0,Starter,NA
C00193,2023-04,2024-03,60.0,Starter,NA
C00193,2023-04,2024-04,60.0,Starter,NA
C00193,2023-04,2024-05,60.0,Starter,NA
C00193,2023-04,2024-06,60.0,Starter,NA
C00193,2023-04,2024-07,60.0,Starter,NA
C00193,2023-04,2024-08,60.0,Starter,NA
C00193,2023-04,2024-09,60.0,Starter,NA
C00193,2023-04,2024-10,60.0,Starter,NA
C00193,2023-04,2024-11,72.0,Starter,NA
C00193,2023-04,2024-12,72.0,Starter,NA
C00194,2023-04,2023-04,200.0,Pro,NA
C00194,2023-04,2023-05,200.0,Pro,NA
C00194,2023-04,2023-06,200.0,Pro,NA
C00194,2023-04,2023-07,200.0,Pro,NA
C00194,2023-04,2023-08,200.0,Pro,NA
C00194,2023-04,2023-09,200.0,Pro,NA
C00194,2023-04,2023-10,200.0,Pro,NA
C00194,2023-04,2023-11,240.0,Pro,NA
C00194,2023-04,2023-12,240.0,Pro,NA
C00194,2023-04,2024-01,240.0,Pro,NA
C00194,2023-04,2024-02,240.0,Pro,NA
C00194,2023-04,2024-03,288.0,Pro,NA
C00194,2023-04,2024-04,345.6,Pro,NA
C00194,2023-04,2024-05,345.6,Pro,NA
C00194,2023-04,2024-06,345.6,Pro,NA
C00194,2023-04,2024-07,414.72,Pro,NA
C00195,2023-04,2023-04,50.0,Starter,NA
C00195,2023-04,2023-05,50.0,Starter,NA
C00195,2023-04,2023-06,50.0,Starter,NA
C00196,2023-04,2023-04,50.0,Starter,APAC
C00196,2023-04,2023-05,50.0,Starter,APAC
C00196,2023-04,2023-06,50.0,Starter,APAC
C00196,2023-04,2023-07,50.0,Starter,APAC
C00196,2023-04,2023-08,60.0,Starter,APAC
C00196,2023-04,2023-09,60.0,Starter,APAC
C00196,2023-04,2023-10,60.0,Starter,APAC
C00196,2023-04,2023-11,60.0,Starter,APAC
C00196,2023-04,2023-12,60.0,Starter,APAC
C00196,2023-04,2024-01,60.0,Starter,APAC
C00196,2023-04,2024-02,60.0,Starter,APAC
C00196,2023-04,2024-03,60.0,Starter,APAC
C00196,2023-04,2024-04,60.0,Starter,APAC
C00196,2023-04,2024-05,60.0,Starter,APAC
C00196,2023-04,2024-06,60.0,Starter,APAC
C00196,2023-04,2024-07,60.0,Starter,APAC
C00196,2023-04,2024-08,60.0,Starter,APAC
C00196,2023-04,2024-09,60.0,Starter,APAC
C00196,2023-04,2024-10,60.0,Starter,APAC
C00196,2023-04,2024-11,60.0,Starter,APAC
C00196,2023-04,2024-12,60.0,Starter,APAC
C00197,2023-04,2023-04,200.0,Pro,APAC
C00197,2023-04,2023-05,200.0,Pro,APAC
C00197,2023-04,2023-06,200.0,Pro,APAC
C00197,2023-04,2023-07,200.0,Pro,APAC
C00197,2023-04,2023-08,200.0,Pro,APAC
C00197,2023-04,2023-09,200.0,Pro,APAC
C00197,2023-04,2023-10,200.0,Pro,APAC
C00197,2023-04,2023-11,240.0,Pro,APAC
C00197,2023-04,2023-12,240.0,Pro,APAC
C00197,2023-04,2024-01,240.0,Pro,APAC
C00197,2023-04,2024-02,240.0,Pro,APAC
C00197,2023-04,2024-03,288.0,Pro,APAC
C00197,2023-04,2024-04,288.0,Pro,APAC
C00197,2023-04,2024-05,288.0,Pro,APAC
C00197,2023-04,2024-06,288.0,Pro,APAC
C00197,2023-04,2024-07,345.6,Pro,APAC
C00197,2023-04,2024-08,345.6,Pro,APAC
C00197,2023-04,2024-09,345.6,Pro,APAC
C00197,2023-04,2024-10,345.6,Pro,APAC
C00197,2023-04,2024-11,345.6,Pro,APAC
C00197,2023-04,2024-12,414.72,Pro,APAC
C00198,2023-04,2023-04,200.0,Pro,EMEA
C00198,2023-04,2023-05,200.0,Pro,EMEA
C00198,2023-04,2023-06,200.0,Pro,EMEA
C00198,2023-04,2023-07,200.0,Pro,EMEA
C00198,2023-04,2023-08,170.0,Pro,EMEA
C00198,2023-04,2023-09,170.0,Pro,EMEA
C00198,2023-04,2023-10,170.0,Pro,EMEA
C00198,2023-04,2023-11,204.0,Pro,EMEA
C00198,2023-04,2023-12,204.0,Pro,EMEA
C00198,2023-04,2024-01,173.4,Pro,EMEA
C00198,2023-04,2024-02,147.39,Pro,EMEA
C00198,2023-04,2024-03,176.87,Pro,EMEA
C00198,2023-04,2024-04,176.87,Pro,EMEA
C00198,2023-04,2024-05,176.87,Pro,EMEA
C00198,2023-04,2024-06,176.87,Pro,EMEA
C00198,2023-04,2024-07,176.87,Pro,EMEA
C00198,2023-04,2024-08,176.87,Pro,EMEA
C00198,2023-04,2024-09,176.87,Pro,EMEA
C00198,2023-04,2024-10,212.24,Pro,EMEA
C00198,2023-04,2024-11,212.24,Pro,EMEA
C00198,2023-04,2024-12,254.69,Pro,EMEA
C00199,2023-04,2023-04,200.0,Pro,LATAM
C00199,2023-04,2023-05,200.0,Pro,LATAM
C00199,2023-04,2023-06,200.0,Pro,LATAM
C00199,2023-04,2023-07,200.0,Pro,LATAM
C00199,2023-04,2023-08,240.0,Pro,LATAM
C00199,2023-04,2023-09,288.0,Pro,LATAM
C00199,2023-04,2023-10,288.0,Pro,LATAM
C00200,2023-04,2023-04,200.0,Pro,LATAM
C00200,2023-04,2023-05,200.0,Pro,LATAM
C00200,2023-04,2023-06,200.0,Pro,LATAM
C00200,2023-04,2023-07,200.0,Pro,LATAM
C00200,2023-04,2023-08,200.0,Pro,LATAM
C00200,2023-04,2023-09,200.0,Pro,LATAM
C00200,2023-04,2023-10,200.0,Pro,LATAM
C00200,2023-04,2023-11,200.0,Pro,LATAM
C00200,2023-04,2023-12,200.0,Pro,LATAM
C00200,2023-04,2024-01,200.0,Pro,LATAM
C00200,2023-04,2024-02,200.0,Pro,LATAM
C00200,2023-04,2024-03,200.0,Pro,LATAM
C00200,2023-04,2024-04,200.0,Pro,LATAM
C00200,2023-04,2024-05,240.0,Pro,LATAM
C00200,2023-04,2024-06,240.0,Pro,LATAM
C00200,2023-04,2024-07,240.0,Pro,LATAM
C00200,2023-04,2024-08,240.0,Pro,LATAM
C00200,2023-04,2024-09,240.0,Pro,LATAM
C00200,2023-04,2024-10,240.0,Pro,LATAM
C00200,2023-04,2024-11,240.0,Pro,LATAM
C00200,2023-04,2024-12,240.0,Pro,LATAM
C00201,2023-04,2023-04,50.0,Starter,EMEA
C00201,2023-04,2023-05,50.0,Starter,EMEA
C00201,2023-04,2023-06,50.0,Starter,EMEA
C00201,2023-04,2023-07,50.0,Starter,EMEA
C00201,2023-04,2023-08,50.0,Starter,EMEA
C00201,2023-04,2023-09,50.0,Starter,EMEA
C00201,2023-04,2023-10,50.0,Starter,EMEA
C00201,2023-04,2023-11,50.0,Starter,EMEA
C00201,2023-04,2023-12,50.0,Starter,EMEA
C00201,2023-04,2024-01,60.0,Starter,EMEA
C00201,2023-04,2024-02,60.0,Starter,EMEA
C00201,2023-04,2024-03,60.0,Starter,EMEA
C00201,2023-04,2024-04,72.0,Starter,EMEA
C00201,2023-04,2024-05,72.0,Starter,EMEA
C00201,2023-04,2024-06,72.0,Starter,EMEA
C00201,2023-04,2024-07,72.0,Starter,EMEA
C00201,2023-04,2024-08,86.4,Starter,EMEA
C00201,2023-04,2024-09,73.44,Starter,EMEA
C00201,2023-04,2024-10,73.44,Starter,EMEA
C00201,2023-04,2024-11,73.44,Starter,EMEA
C00201,2023-04,2024-12,73.44,Starter,EMEA
C00202,2023-04,2023-04,200.0,Pro,NA
C00203,2023-04,2023-04,50.0,Starter,NA
C00203,2023-04,2023-05,50.0,Starter,NA
C00203,2023-04,2023-06,50.0,Starter,NA
C00203,2023-04,2023-07,50.0,Starter,NA
C00203,2023-04,2023-08,50.0,Starter,NA
C00203,2023-04,2023-09,50.0,Starter,NA
C00203,2023-04,2023-10,50.0,Starter,NA
C00203,2023-04,2023-11,50.0,Starter,NA
C00203,2023-04,2023-12,50.0,Starter,NA
C00203,2023-04,2024-01,60.0,Starter,NA
C00203,2023-04,2024-02,72.0,Starter,NA
C00203,2023-04,2024-03,86.4,Starter,NA
C00203,2023-04,2024-04,86.4,Starter,NA
C00203,2023-04,2024-05,86.4,Starter,NA
C00203,2023-04,2024-06,103.68,Starter,NA
C00203,2023-04,2024-07,103.68,Starter,NA
C00203,2023-04,2024-08,103.68,Starter,NA
C00203,2023-04,2024-09,124.42,Starter,NA
C00203,2023-04,2024-10,124.42,Starter,NA
C00203,2023-04,2024-11,124.42,Starter,NA
C00203,2023-04,2024-12,149.3,Starter,NA
C00204,2023-04,2023-04,50.0,Starter,NA
C00204,2023-04,2023-05,60.0,Starter,NA
C00204,2023-04,2023-06,60.0,Starter,NA
C00204,2023-04,2023-07,60.0,Starter,NA
C00204,2023-04,2023-08,72.0,Starter,NA
C00204,2023-04,2023-09,72.0,Starter,NA
C00204,2023-04,2023-10,72.0,Starter,NA
C00204,2023-04,2023-11,72.0,Starter,NA
C00204,2023-04,2023-12,72.0,Starter,NA
C00204,2023-04,2024-01,72.0,Starter,NA
C00204,2023-04,2024-02,86.4,Starter,NA
C00204,2023-04,2024-03,86.4,Starter,NA
C00204,2023-04,2024-04,86.4,Starter,NA
C00204,2023-04,2024-05,103.68,Starter,NA
C00205,2023-04,2023-04,50.0,Starter,NA
C00205,2023-04,2023-05,50.0,Starter,NA
C00205,2023-04,2023-06,50.0,Starter,NA
C00205,2023-04,2023-07,50.0,Starter,NA
C00205,2023-04,2023-08,42.5,Starter,NA
C00205,2023-04,2023-09,42.5,Starter,NA
C00205,2023-04,2023-10,42.5,Starter,NA
C00205,2023-04,2023-11,42.5,Starter,NA
C00205,2023-04,2023-12,42.5,Starter,NA
C00205,2023-04,2024-01,42.5,Starter,NA
C00205,2023-04,2024-02,36.12,Starter,NA
C00205,2023-04,2024-03,36.12,Starter,NA
C00205,2023-04,2024-04,36.12,Starter,NA
C00205,2023-04,2024-05,36.12,Starter,NA
C00205,2023-04,2024-06,36.12,Starter,NA
C00205,2023-04,2024-07,36.12,Starter,NA
C00205,2023-04,2024-08,36.12,Starter,NA
C00205,2023-04,2024-09,36.12,Starter,NA
C00205,2023-04,2024-10,43.35,Starter,NA
C00205,2023-04,2024-11,43.35,Starter,NA
C00205,2023-04,2024-12,52.02,Starter,NA
C00206,2023-04,2023-04,200.0,Pro,EMEA
C00206,2023-04,2023-05,240.0,Pro,EMEA
C00206,2023-04,2023-06,240.0,Pro,EMEA
C00206,2023-04,2023-07,240.0,Pro,EMEA
C00206,2023-04,2023-08,240.0,Pro,EMEA
C00206,2023-04,2023-09,240.0,Pro,EMEA
C00206,2023-04,2023-10,240.0,Pro,EMEA
C00206,2023-04,2023-11,288.0,Pro,EMEA
C00206,2023-04,2023-12,288.0,Pro,EMEA
C00206,2023-04,2024-01,288.0,Pro,EMEA
C00206,2023-04,2024-02,288.0,Pro,EMEA
C00206,2023-04,2024-03,288.0,Pro,EMEA
C00206,2023-04,2024-04,288.0,Pro,EMEA
C00206,2023-04,2024-05,288.0,Pro,EMEA
C00206,2023-04,2024-06,288.0,Pro,EMEA
C00206,2023-04,2024-07,288.0,Pro,EMEA
C00206,2023-04,2024-08,345.6,Pro,EMEA
C00206,2023-04,2024-09,345.6,Pro,EMEA
C00206,2023-04,2024-10,414.72,Pro,EMEA
C00206,2023-04,2024-11,414.72,Pro,EMEA
C00206,2023-04,2024-12,414.72,Pro,EMEA
C00207,2023-05,2023-05,200.0,Pro,EMEA
C00207,2023-05,2023-06,200.0,Pro,EMEA
C00207,2023-05,2023-07,200.0,Pro,EMEA
C00207,2023-05,2023-08,200.0,Pro,EMEA
C00207,2023-05,2023-09,240.0,Pro,EMEA
C00207,2023-05,2023-10,240.0,Pro,EMEA
C00207,2023-05,2023-11,240.0,Pro,EMEA
C00207,2023-05,2023-12,240.0,Pro,EMEA
C00207,2023-05,2024-01,204.0,Pro,EMEA
C00207,2023-05,2024-02,244.8,Pro,EMEA
C00207,2023-05,2024-03,244.8,Pro,EMEA
C00207,2023-05,2024-04,244.8,Pro,EMEA
C00207,2023-05,2024-05,293.76,Pro,EMEA
C00207,2023-05,2024-06,293.76,Pro,EMEA
C00207,2023-05,2024-07,293.76,Pro,EMEA
C00207,2023-05,2024-08,293.76,Pro,EMEA
C00207,2023-05,2024-09,293.76,Pro,EMEA
C00207,2023-05,2024-10,293.76,Pro,EMEA
C00207,2023-05,2024-11,293.76,Pro,EMEA
C00207,2023-05,2024-12,293.76,Pro,EMEA
C00208,2023-05,2023-05,200.0,Pro,EMEA
C00208,2023-05,2023-06,200.0,Pro,EMEA
C00208,2023-05,2023-07,200.0,Pro,EMEA
C00208,2023-05,2023-08,200.0,Pro,EMEA
C00208,2023-05,2023-09,200.0,Pro,EMEA
C00209,2023-05,2023-05,800.0,Enterprise,EMEA
C00209,2023-05,2023-06,800.0,Enterprise,EMEA
C00210,2023-05,2023-05,50.0,Starter,EMEA
C00210,2023-05,2023-06,50.0,Starter,EMEA
C00210,2023-05,2023-07,50.0,Starter,EMEA
C00210,2023-05,2023-08,60.0,Starter,EMEA
C00210,2023-05,2023-09,60.0,Starter,EMEA
C00210,2023-05,2023-10,51.0,Starter,EMEA
C00210,2023-05,2023-11,43.35,Starter,EMEA
C00210,2023-05,2023-12,52.02,Starter,EMEA
C00210,2023-05,2024-01,62.42,Starter,EMEA
C00210,2023-05,2024-02,62.42,Starter,EMEA
C00210,2023-05,2024-03,62.42,Starter,EMEA
C00210,2023-05,2024-04,62.42,Starter,EMEA
C00210,2023-05,2024-05,62.42,Starter,EMEA
C00210,2023-05,2024-06,62.42,Starter,EMEA
C00210,2023-05,2024-07,62.42,Starter,EMEA
C00210,2023-05,2024-08,62.42,Starter,EMEA
C00210,2023-05,2024-09,62.42,Starter,EMEA
C00210,2023-05,2024-10,62.42,Starter,EMEA
C00210,2023-05,2024-11,62.42,Starter,EMEA
C00210,2023-05,2024-12,53.06,Starter,EMEA
C00211,2023-05,2023-05,50.0,Starter,EMEA
C00211,2023-05,2023-06,50.0,Starter,EMEA
C00211,2023-05,2023-07,60.0,Starter,EMEA
C00211,2023-05,2023-08,60.0,Starter,EMEA
C00211,2023-05,2023-09,72.0,Starter,EMEA
C00211,2023-05,2023-10,72.0,Starter,EMEA
C00211,2023-05,2023-11,86.4,Starter,EMEA
C00211,2023-05,2023-12,103.68,Starter,EMEA
C00211,2023-05,2024-01,103.68,Starter,EMEA
C00211,2023-05,2024-02,103.68,Starter,EMEA
C00211,2023-05,2024-03,103.68,Starter,EMEA
C00212,2023-05,2023-05,50.0,Starter,EMEA
C00212,2023-05,2023-06,50.0,Starter,EMEA
C00212,2023-05,2023-07,50.0,Starter,EMEA
C00212,2023-05,2023-08,50.0,Starter,EMEA
C00212,2023-05,2023-09,60.0,Starter,EMEA
C00212,2023-05,2023-10,60.0,Starter,EMEA
C00212,2023-05,2023-11,60.0,Starter,EMEA
C00212,2023-05,2023-12,60.0,Starter,EMEA
C00212,2023-05,2024-01,60.0,Starter,EMEA
C00212,2023-05,2024-02,60.0,Starter,EMEA
C00212,2023-05,2024-03,60.0,Starter,EMEA
C00212,2023-05,2024-04,60.0,Starter,EMEA
C00212,2023-05,2024-05,60.0,Starter,EMEA
C00212,2023-05,2024-06,60.0,Starter,EMEA
C00212,2023-05,2024-07,60.0,Starter,EMEA
C00212,2023-05,2024-08,60.0,Starter,EMEA
C00212,2023-05,2024-09,72.0,Starter,EMEA
C00212,2023-05,2024-10,86.4,Starter,EMEA
C00212,2023-05,2024-11,86.4,Starter,EMEA
C00212,2023-05,2024-12,86.4,Starter,EMEA
C00213,2023-05,2023-05,50.0,Starter,APAC
C00213,2023-05,2023-06,50.0,Starter,APAC
C00213,2023-05,2023-07,60.0,Starter,APAC
C00213,2023-05,2023-08,60.0,Starter,APAC
C00213,2023-05,2023-09,60.0,Starter,APAC
C00213,2023-05,2023-10,60.0,Starter,APAC
C00213,2023-05,2023-11,60.0,Starter,APAC
C00213,2023-05,2023-12,51.0,Starter,APAC
C00213,2023-05,2024-01,51.0,Starter,APAC
C00213,2023-05,2024-02,51.0,Starter,APAC
C00213,2023-05,2024-03,51.0,Starter,APAC
C00213,2023-05,2024-04,61.2,Starter,APAC
C00213,2023-05,2024-05,61.2,Starter,APAC
C00213,2023-05,2024-06,61.2,Starter,APAC
C00213,2023-05,2024-07,61.2,Starter,APAC
C00213,2023-05,2024-08,61.2,Starter,APAC
C00213,2023-05,2024-09,61.2,Starter,APAC
C00213,2023-05,2024-10,73.44,Starter,APAC
C00213,2023-05,2024-11,73.44,Starter,APAC
C00213,2023-05,2024-12,73.44,Starter,APAC
C00214,2023-05,2023-05,50.0,Starter,NA
C00214,2023-05,2023-06,50.0,Starter,NA
C00214,2023-05,2023-07,50.0,Starter,NA
C00214,2023-05,2023-08,42.5,Starter,NA
C00214,2023-05,2023-09,51.0,Starter,NA
C00214,2023-05,2023-10,51.0,Starter,NA
C00214,2023-05,2023-11,51.0,Starter,NA
C00214,2023-05,2023-12,51.0,Starter,NA
C00214,2023-05,2024-01,51.0,Starter,NA
C00214,2023-05,2024-02,61.2,Starter,NA
C00214,2023-05,2024-03,61.2,Starter,NA
C00214,2023-05,2024-04,61.2,Starter,NA
C00214,2023-05,2024-05,61.2,Starter,NA
C00214,2023-05,2024-06,73.44,Starter,NA
C00214,2023-05,2024-07,73.44,Starter,NA
C00214,2023-05,2024-08,88.13,Starter,NA
C00214,2023-05,2024-09,88.13,Starter,NA
C00215,2023-05,2023-05,50.0,Starter,EMEA
C00215,2023-05,2023-06,50.0,Starter,EMEA
C00215,2023-05,2023-07,50.0,Starter,EMEA
C00215,2023-05,2023-08,50.0,Starter,EMEA
C00215,2023-05,2023-09,50.0,Starter,EMEA
C00215,2023-05,2023-10,50.0,Starter,EMEA
C00215,2023-05,2023-11,60.0,Starter,EMEA
C00215,2023-05,2023-12,60.0,Starter,EMEA
C00215,2023-05,2024-01,51.0,Starter,EMEA
C00215,2023-05,2024-02,51.0,Starter,EMEA
C00215,2023-05,2024-03,51.0,Starter,EMEA
C00215,2023-05,2024-04,51.0,Starter,EMEA
C00215,2023-05,2024-05,51.0,Starter,EMEA
C00215,2023-05,2024-06,61.2,Starter,EMEA
C00215,2023-05,2024-07,52.02,Starter,EMEA
C00215,2023-05,2024-08,52.02,Starter,EMEA
C00215,2023-05,2024-09,44.22,Starter,EMEA
C00215,2023-05,2024-10,53.06,Starter,EMEA
C00215,2023-05,2024-11,53.06,Starter,EMEA
C00215,2023-05,2024-12,53.06,Starter,EMEA
C00216,2023-05,2023-05,50.0,Starter,NA
C00216,2023-05,2023-06,50.0,Starter,NA
C00216,2023-05,2023-07,50.0,Starter,NA
C00216,2023-05,2023-08,50.0,Starter,NA
C00216,2023-05,2023-09,60.0,Starter,NA
C00216,2023-05,2023-10,60.0,Starter,NA
C00216,2023-05,2023-11,60.0,Starter,NA
C00216,2023-05,2023-12,60.0,Starter,NA
C00216,2023-05,2024-01,60.0,Starter,NA
C00216,2023-05,2024-02,60.0,Starter,NA
C00216,2023-05,2024-03,60.0,Starter,NA
C00216,2023-05,2024-04,60.0,Starter,NA
C00216,2023-05,2024-05,60.0,Starter,NA
C00216,2023-05,2024-06,60.0,Starter,NA
C00216,2023-05,2024-07,60.0,Starter,NA
C00216,2023-05,2024-08,72.0,Starter,NA
C00216,2023-05,2024-09,61.2,Starter,NA
C00216,2023-05,2024-10,61.2,Starter,NA
C00216,2023-05,2024-11,61.2,Starter,NA
C00216,2023-05,2024-12,61.2,Starter,NA
C00217,2023-05,2023-05,50.0,Starter,NA
C00217,2023-05,2023-06,50.0,Starter,NA
C00217,2023-05,2023-07,50.0,Starter,NA
C00217,2023-05,2023-08,50.0,Starter,NA
C00217,2023-05,2023-09,50.0,Starter,NA
C00217,2023-05,2023-10,60.0,Starter,NA
C00217,2023-05,2023-11,72.0,Starter,NA
C00217,2023-05,2023-12,72.0,Starter,NA
C00217,2023-05,2024-01,86.4,Starter,NA
C00217,2023-05,2024-02,86.4,Starter,NA
C00217,2023-05,2024-03,86.4,Starter,NA
C00217,2023-05,2024-04,103.68,Starter,NA
C00217,2023-05,2024-05,103.68,Starter,NA
C00217,2023-05,2024-06,103.68,Starter,NA
C00217,2023-05,2024-07,103.68,Starter,NA
C00217,2023-05,2024-08,103.68,Starter,NA
C00217,2023-05,2024-09,103.68,Starter,NA
C00217,2023-05,2024-10,103.68,Starter,NA
C00217,2023-05,2024-11,103.68,Starter,NA
C00217,2023-05,2024-12,103.68,Starter,NA
C00218,2023-05,2023-05,50.0,Starter,NA
C00218,2023-05,2023-06,50.0,Starter,NA
C00218,2023-05,2023-07,60.0,Starter,NA
C00218,2023-05,2023-08,60.0,Starter,NA
C00218,2023-05,2023-09,60.0,Starter,NA
C00218,2023-05,2023-10,72.0,Starter,NA
C00218,2023-05,2023-11,86.4,Starter,NA
C00218,2023-05,2023-12,103.68,Starter,NA
C00218,2023-05,2024-01,103.68,Starter,NA
C00218,2023-05,2024-02,103.68,Starter,NA
C00218,2023-05,2024-03,103.68,Starter,NA
C00218,2023-05,2024-04,103.68,Starter,NA
C00218,2023-05,2024-05,103.68,Starter,NA
C00218,2023-05,2024-06,103.68,Starter,NA
C00218,2023-05,2024-07,124.42,Starter,NA
C00218,2023-05,2024-08,149.3,Starter,NA
C00218,2023-05,2024-09,149.3,Starter,NA
C00218,2023-05,2024-10,149.3,Starter,NA
C00218,2023-05,2024-11,149.3,Starter,NA
C00218,2023-05,2024-12,149.3,Starter,NA
C00219,2023-05,2023-05,800.0,Enterprise,NA
C00219,2023-05,2023-06,800.0,Enterprise,NA
C00219,2023-05,2023-07,800.0,Enterprise,NA
C00219,2023-05,2023-08,800.0,Enterprise,NA
C00219,2023-05,2023-09,800.0,Enterprise,NA
C00219,2023-05,2023-10,800.0,Enterprise,NA
C00219,2023-05,2023-11,800.0,Enterprise,NA
C00220,2023-05,2023-05,800.0,Enterprise,LATAM
C00221,2023-05,2023-05,50.0,Starter,NA
C00221,2023-05,2023-06,50.0,Starter,NA
C00221,2023-05,2023-07,50.0,Starter,NA
C00221,2023-05,2023-08,50.0,Starter,NA
C00221,2023-05,2023-09,50.0,Starter,NA
C00221,2023-05,2023-10,50.0,Starter,NA
C00221,2023-05,2023-11,50.0,Starter,NA
C00221,2023-05,2023-12,50.0,Starter,NA
C00221,2023-05,2024-01,50.0,Starter,NA
C00221,2023-05,2024-02,50.0,Starter,NA
C00221,2023-05,2024-03,50.0,Starter,NA
C00221,2023-05,2024-04,50.0,Starter,NA
C00221,2023-05,2024-05,50.0,Starter,NA
C00221,2023-05,2024-06,50.0,Starter,NA
C00221,2023-05,2024-07,60.0,Starter,NA
C00221,2023-05,2024-08,60.0,Starter,NA
C00221,2023-05,2024-09,60.0,Starter,NA
C00221,2023-05,2024-10,60.0,Starter,NA
C00221,2023-05,2024-11,60.0,Starter,NA
C00221,2023-05,2024-12,60.0,Starter,NA
C00222,2023-05,2023-05,50.0,Starter,EMEA
C00222,2023-05,2023-06,60.0,Starter,EMEA
C00222,2023-05,2023-07,72.0,Starter,EMEA
C00222,2023-05,2023-08,72.0,Starter,EMEA
C00222,2023-05,2023-09,72.0,Starter,EMEA
C00222,2023-05,2023-10,72.0,Starter,EMEA
C00222,2023-05,2023-11,72.0,Starter,EMEA
C00222,2023-05,2023-12,86.4,Starter,EMEA
C00222,2023-05,2024-01,86.4,Starter,EMEA
C00222,2023-05,2024-02,86.4,Starter,EMEA
C00222,2023-05,2024-03,86.4,Starter,EMEA
C00222,2023-05,2024-04,86.4,Starter,EMEA
C00222,2023-05,2024-05,86.4,Starter,EMEA
C00222,2023-05,2024-06,86.4,Starter,EMEA
C00222,2023-05,2024-07,86.4,Starter,EMEA
C00222,2023-05,2024-08,86.4,Starter,EMEA
C00222,2023-05,2024-09,103.68,Starter,EMEA
C00222,2023-05,2024-10,103.68,Starter,EMEA
C00222,2023-05,2024-11,103.68,Starter,EMEA
C00222,2023-05,2024-12,103.68,Starter,EMEA
C00223,2023-05,2023-05,200.0,Pro,LATAM
C00223,2023-05,2023-06,200.0,Pro,LATAM
C00223,2023-05,2023-07,200.0,Pro,LATAM
C00223,2023-05,2023-08,200.0,Pro,LATAM
C00223,2023-05,2023-09,240.0,Pro,LATAM
C00223,2023-05,2023-10,240.0,Pro,LATAM
C00223,2023-05,2023-11,240.0,Pro,LATAM
C00223,2023-05,2023-12,240.0,Pro,LATAM
C00223,2023-05,2024-01,240.0,Pro,LATAM
C00223,2023-05,2024-02,240.0,Pro,LATAM
C00223,2023-05,2024-03,240.0,Pro,LATAM
C00224,2023-05,2023-05,200.0,Pro,EMEA
C00224,2023-05,2023-06,200.0,Pro,EMEA
C00224,2023-05,2023-07,240.0,Pro,EMEA
C00224,2023-05,2023-08,240.0,Pro,EMEA
C00224,2023-05,2023-09,240.0,Pro,EMEA
C00224,2023-05,2023-10,240.0,Pro,EMEA
C00224,2023-05,2023-11,288.0,Pro,EMEA
C00224,2023-05,2023-12,345.6,Pro,EMEA
C00224,2023-05,2024-01,345.6,Pro,EMEA
C00224,2023-05,2024-02,345.6,Pro,EMEA
C00224,2023-05,2024-03,293.76,Pro,EMEA
C00224,2023-05,2024-04,293.76,Pro,EMEA
C00224,2023-05,2024-05,293.76,Pro,EMEA
C00224,2023-05,2024-06,293.76,Pro,EMEA
C00224,2023-05,2024-07,293.76,Pro,EMEA
C00224,2023-05,2024-08,293.76,Pro,EMEA
C00224,2023-05,2024-09,293.76,Pro,EMEA
C00224,2023-05,2024-10,249.7,Pro,EMEA
C00224,2023-05,2024-11,299.64,Pro,EMEA
C00224,2023-05,2024-12,299.64,Pro,EMEA
C00225,2023-05,2023-05,50.0,Starter,EMEA
C00225,2023-05,2023-06,50.0,Starter,EMEA
C00225,2023-05,2023-07,50.0,Starter,EMEA
C00225,2023-05,2023-08,50.0,Starter,EMEA
C00225,2023-05,2023-09,50.0,Starter,EMEA
C00225,2023-05,2023-10,60.0,Starter,EMEA
C00225,2023-05,2023-11,60.0,Starter,EMEA
C00225,2023-05,2023-12,60.0,Starter,EMEA
C00225,2023-05,2024-01,60.0,Starter,EMEA
C00225,2023-05,2024-02,60.0,Starter,EMEA
C00225,2023-05,2024-03,60.0,Starter,EMEA
C00225,2023-05,2024-04,60.0,Starter,EMEA
C00225,2023-05,2024-05,60.0,Starter,EMEA
C00225,2023-05,2024-06,60.0,Starter,EMEA
C00225,2023-05,2024-07,72.0,Starter,EMEA
C00225,2023-05,2024-08,72.0,Starter,EMEA
C00225,2023-05,2024-09,72.0,Starter,EMEA
C00225,2023-05,2024-10,72.0,Starter,EMEA
C00225,2023-05,2024-11,72.0,Starter,EMEA
C00226,2023-05,2023-05,200.0,Pro,NA
C00226,2023-05,2023-06,200.0,Pro,NA
C00226,2023-05,2023-07,240.0,Pro,NA
C00226,2023-05,2023-08,240.0,Pro,NA
C00226,2023-05,2023-09,240.0,Pro,NA
C00226,2023-05,2023-10,240.0,Pro,NA
C00226,2023-05,2023-11,240.0,Pro,NA
C00226,2023-05,2023-12,240.0,Pro,NA
C00226,2023-05,2024-01,240.0,Pro,NA
C00226,2023-05,2024-02,240.0,Pro,NA
C00226,2023-05,2024-03,240.0,Pro,NA
C00226,2023-05,2024-04,240.0,Pro,NA
C00226,2023-05,2024-05,240.0,Pro,NA
C00226,2023-05,2024-06,240.0,Pro,NA
C00226,2023-05,2024-07,240.0,Pro,NA
C00226,2023-05,2024-08,240.0,Pro,NA
C00226,2023-05,2024-09,240.0,Pro,NA
C00226,2023-05,2024-10,240.0,Pro,NA
C00226,2023-05,2024-11,240.0,Pro,NA
C00226,2023-05,2024-12,240.0,Pro,NA
C00227,2023-05,2023-05,800.0,Enterprise,NA
C00227,2023-05,2023-06,800.0,Enterprise,NA
C00227,2023-05,2023-07,800.0,Enterprise,NA
C00227,2023-05,2023-08,800.0,Enterprise,NA
C00227,2023-05,2023-09,800.0,Enterprise,NA
C00227,2023-05,2023-10,800.0,Enterprise,NA
C00227,2023-05,2023-11,800.0,Enterprise,NA
C00227,2023-05,2023-12,800.0,Enterprise,NA
C00227,2023-05,2024-01,680.0,Enterprise,NA
C00227,2023-05,2024-02,816.0,Enterprise,NA
C00227,2023-05,2024-03,693.6,Enterprise,NA
C00227,2023-05,2024-04,693.6,Enterprise,NA
C00227,2023-05,2024-05,693.6,Enterprise,NA
C00227,2023-05,2024-06,693.6,Enterprise,NA
C00227,2023-05,2024-07,693.6,Enterprise,NA
C00227,2023-05,2024-08,693.6,Enterprise,NA
C00227,2023-05,2024-09,693.6,Enterprise,NA
C00227,2023-05,2024-10,693.6,Enterprise,NA
C00227,2023-05,2024-11,693.6,Enterprise,NA
C00227,2023-05,2024-12,693.6,Enterprise,NA
C00228,2023-05,2023-05,50.0,Starter,APAC
C00228,2023-05,2023-06,50.0,Starter,APAC
C00228,2023-05,2023-07,50.0,Starter,APAC
C00228,2023-05,2023-08,50.0,Starter,APAC
C00228,2023-05,2023-09,50.0,Starter,APAC
C00228,2023-05,2023-10,60.0,Starter,APAC
C00228,2023-05,2023-11,60.0,Starter,APAC
C00228,2023-05,2023-12,60.0,Starter,APAC
C00229,2023-05,2023-05,50.0,Starter,EMEA
C00229,2023-05,2023-06,60.0,Starter,EMEA
C00230,2023-05,2023-05,50.0,Starter,NA
C00230,2023-05,2023-06,60.0,Starter,NA
C00230,2023-05,2023-07,60.0,Starter,NA
C00230,2023-05,2023-08,60.0,Starter,NA
C00230,2023-05,2023-09,72.0,Starter,NA
C00230,2023-05,2023-10,72.0,Starter,NA
C00230,2023-05,2023-11,72.0,Starter,NA
C00230,2023-05,2023-12,61.2,Starter,NA
C00230,2023-05,2024-01,61.2,Starter,NA
C00230,2023-05,2024-02,61.2,Starter,NA
C00230,2023-05,2024-03,73.44,Starter,NA
C00230,2023-05,2024-04,73.44,Starter,NA
C00230,2023-05,2024-05,88.13,Starter,NA
C00230,2023-05,2024-06,88.13,Starter,NA
C00230,2023-05,2024-07,88.13,Starter,NA
C00230,2023-05,2024-08,88.13,Starter,NA
C00230,2023-05,2024-09,74.91,Starter,NA
C00230,2023-05,2024-10,74.91,Starter,NA
C00230,2023-05,2024-11,74.91,Starter,NA
C00230,2023-05,2024-12,89.89,Starter,NA
C00231,2023-05,2023-05,800.0,Enterprise,LATAM
C00231,2023-05,2023-06,960.0,Enterprise,LATAM
C00231,2023-05,2023-07,960.0,Enterprise,LATAM
C00231,2023-05,2023-08,960.0,Enterprise,LATAM
C00231,2023-05,2023-09,960.0,Enterprise,LATAM
C00231,2023-05,2023-10,816.0,Enterprise,LATAM
C00231,2023-05,2023-11,816.0,Enterprise,LATAM
C00232,2023-05,2023-05,200.0,Pro,NA
C00232,2023-05,2023-06,240.0,Pro,NA
C00232,2023-05,2023-07,240.0,Pro,NA
C00232,2023-05,2023-08,204.0,Pro,NA
C00232,2023-05,2023-09,173.4,Pro,NA
C00232,2023-05,2023-10,208.08,Pro,NA
C00232,2023-05,2023-11,208.08,Pro,NA
C00232,2023-05,2023-12,208.08,Pro,NA
C00232,2023-05,2024-01,208.08,Pro,NA
C00232,2023-05,2024-02,208.08,Pro,NA
C00232,2023-05,2024-03,208.08,Pro,NA
C00232,2023-05,2024-04,208.08,Pro,NA
C00232,2023-05,2024-05,208.08,Pro,NA
C00232,2023-05,2024-06,208.08,Pro,NA
C00232,2023-05,2024-07,249.7,Pro,NA
C00232,2023-05,2024-08,299.64,Pro,NA
C00232,2023-05,2024-09,299.64,Pro,NA
C00232,2023-05,2024-10,359.56,Pro,NA
C00232,2023-05,2024-11,359.56,Pro,NA
C00232,2023-05,2024-12,431.47,Pro,NA
C00233,2023-05,2023-05,50.0,Starter,EMEA
C00234,2023-05,2023-05,200.0,Pro,APAC
C00234,2023-05,2023-06,200.0,Pro,APAC
C00234,2023-05,2023-07,200.0,Pro,APAC
C00234,2023-05,2023-08,200.0,Pro,APAC
C00234,2023-05,2023-09,200.0,Pro,APAC
C00234,2023-05,2023-10,170.0,Pro,APAC
C00234,2023-05,2023-11,170.0,Pro,APAC
C00234,2023-05,2023-12,170.0,Pro,APAC
C00234,2023-05,2024-01,170.0,Pro,APAC
C00234,2023-05,2024-02,170.0,Pro,APAC
C00234,2023-05,2024-03,170.0,Pro,APAC
C00234,2023-05,2024-04,170.0,Pro,APAC
C00234,2023-05,2024-05,170.0,Pro,APAC
C00234,2023-05,2024-06,170.0,Pro,APAC
C00234,2023-05,2024-07,204.0,Pro,APAC
C00234,2023-05,2024-08,204.0,Pro,APAC
C00234,2023-05,2024-09,204.0,Pro,APAC
C00234,2023-05,2024-10,204.0,Pro,APAC
C00234,2023-05,2024-11,204.0,Pro,APAC
C00234,2023-05,2024-12,204.0,Pro,APAC
C00235,2023-05,2023-05,50.0,Starter,APAC
C00235,2023-05,2023-06,50.0,Starter,APAC
C00235,2023-05,2023-07,42.5,Starter,APAC
C00235,2023-05,2023-08,42.5,Starter,APAC
C00235,2023-05,2023-09,42.5,Starter,APAC
C00235,2023-05,2023-10,42.5,Starter,APAC
C00235,2023-05,2023-11,42.5,Starter,APAC
C00235,2023-05,2023-12,42.5,Starter,APAC
C00235,2023-05,2024-01,42.5,Starter,APAC
C00235,2023-05,2024-02,51.0,Starter,APAC
C00235,2023-05,2024-03,51.0,Starter,APAC
C00235,2023-05,2024-04,61.2,Starter,APAC
C00235,2023-05,2024-05,73.44,Starter,APAC
C00235,2023-05,2024-06,73.44,Starter,APAC
C00235,2023-05,2024-07,73.44,Starter,APAC
C00235,2023-05,2024-08,73.44,Starter,APAC
C00235,2023-05,2024-09,73.44,Starter,APAC
C00235,2023-05,2024-10,73.44,Starter,APAC
C00235,2023-05,2024-11,73.44,Starter,APAC
C00235,2023-05,2024-12,73.44,Starter,APAC
C00236,2023-05,2023-05,50.0,Starter,EMEA
C00236,2023-05,2023-06,50.0,Starter,EMEA
C00236,2023-05,2023-07,50.0,Starter,EMEA
C00236,2023-05,2023-08,50.0,Starter,EMEA
C00236,2023-05,2023-09,60.0,Starter,EMEA
C00236,2023-05,2023-10,72.0,Starter,EMEA
C00236,2023-05,2023-11,72.0,Starter,EMEA
C00236,2023-05,2023-12,72.0,Starter,EMEA
C00236,2023-05,2024-01,72.0,Starter,EMEA
C00236,2023-05,2024-02,86.4,Starter,EMEA
C00236,2023-05,2024-03,86.4,Starter,EMEA
C00236,2023-05,2024-04,73.44,Starter,EMEA
C00236,2023-05,2024-05,88.13,Starter,EMEA
C00236,2023-05,2024-06,105.75,Starter,EMEA
C00236,2023-05,2024-07,105.75,Starter,EMEA
C00236,2023-05,2024-08,105.75,Starter,EMEA
C00236,2023-05,2024-09,105.75,Starter,EMEA
C00236,2023-05,2024-10,105.75,Starter,EMEA
C00236,2023-05,2024-11,126.9,Starter,EMEA
C00236,2023-05,2024-12,152.29,Starter,EMEA
C00237,2023-05,2023-05,800.0,Enterprise,NA
C00237,2023-05,2023-06,800.0,Enterprise,NA
C00237,2023-05,2023-07,800.0,Enterprise,NA
C00237,2023-05,2023-08,800.0,Enterprise,NA
C00237,2023-05,2023-09,800.0,Enterprise,NA
C00237,2023-05,2023-10,800.0,Enterprise,NA
C00237,2023-05,2023-11,800.0,Enterprise,NA
C00237,2023-05,2023-12,960.0,Enterprise,NA
C00237,2023-05,2024-01,960.0,Enterprise,NA
C00237,2023-05,2024-02,960.0,Enterprise,NA
C00237,2023-05,2024-03,960.0,Enterprise,NA
C00237,2023-05,2024-04,960.0,Enterprise,NA
C00237,2023-05,2024-05,960.0,Enterprise,NA
C00237,2023-05,2024-06,960.0,Enterprise,NA
C00237,2023-05,2024-07,960.0,Enterprise,NA
C00237,2023-05,2024-08,960.0,Enterprise,NA
C00237,2023-05,2024-09,960.0,Enterprise,NA
C00237,2023-05,2024-10,960.0,Enterprise,NA
C00237,2023-05,2024-11,960.0,Enterprise,NA
C00237,2023-05,2024-12,960.0,Enterprise,NA
C00238,2023-05,2023-05,50.0,Starter,NA
C00238,2023-05,2023-06,50.0,Starter,NA
C00238,2023-05,2023-07,50.0,Starter,NA
C00238,2023-05,2023-08,50.0,Starter,NA
C00238,2023-05,2023-09,50.0,Starter,NA
C00238,2023-05,2023-10,50.0,Starter,NA
C00238,2023-05,2023-11,50.0,Starter,NA
C00238,2023-05,2023-12,50.0,Starter,NA
C00238,2023-05,2024-01,50.0,Starter,NA
C00238,2023-05,2024-02,50.0,Starter,NA
C00238,2023-05,2024-03,50.0,Starter,NA
C00238,2023-05,2024-04,50.0,Starter,NA
C00238,2023-05,2024-05,50.0,Starter,NA
C00238,2023-05,2024-06,42.5,Starter,NA
C00238,2023-05,2024-07,42.5,Starter,NA
C00238,2023-05,2024-08,42.5,Starter,NA
C00238,2023-05,2024-09,51.0,Starter,NA
C00238,2023-05,2024-10,51.0,Starter,NA
C00238,2023-05,2024-11,51.0,Starter,NA
C00238,2023-05,2024-12,51.0,Starter,NA
C00239,2023-05,2023-05,50.0,Starter,NA
C00239,2023-05,2023-06,50.0,Starter,NA
C00239,2023-05,2023-07,50.0,Starter,NA
C00239,2023-05,2023-08,50.0,Starter,NA
C00239,2023-05,2023-09,60.0,Starter,NA
C00239,2023-05,2023-10,60.0,Starter,NA
C00239,2023-05,2023-11,60.0,Starter,NA
C00239,2023-05,2023-12,60.0,Starter,NA
C00239,2023-05,2024-01,72.0,Starter,NA
C00239,2023-05,2024-02,72.0,Starter,NA
C00239,2023-05,2024-03,72.0,Starter,NA
C00239,2023-05,2024-04,72.0,Starter,NA
C00239,2023-05,2024-05,72.0,Starter,NA
C00239,2023-05,2024-06,72.0,Starter,NA
C00239,2023-05,2024-07,72.0,Starter,NA
C00239,2023-05,2024-08,72.0,Starter,NA
C00239,2023-05,2024-09,72.0,Starter,NA
C00239,2023-05,2024-10,72.0,Starter,NA
C00239,2023-05,2024-11,72.0,Starter,NA
C00239,2023-05,2024-12,72.0,Starter,NA
C00240,2023-05,2023-05,50.0,Starter,EMEA
C00240,2023-05,2023-06,50.0,Starter,EMEA
C00240,2023-05,2023-07,50.0,Starter,EMEA
C00240,2023-05,2023-08,50.0,Starter,EMEA
C00240,2023-05,2023-09,50.0,Starter,EMEA
C00240,2023-05,2023-10,50.0,Starter,EMEA
C00240,2023-05,2023-11,50.0,Starter,EMEA
C00240,2023-05,2023-12,60.0,Starter,EMEA
C00240,2023-05,2024-01,60.0,Starter,EMEA
C00240,2023-05,2024-02,60.0,Starter,EMEA
C00240,2023-05,2024-03,72.0,Starter,EMEA
C00240,2023-05,2024-04,72.0,Starter,EMEA
C00240,2023-05,2024-05,72.0,Starter,EMEA
C00240,2023-05,2024-06,72.0,Starter,EMEA
C00240,2023-05,2024-07,72.0,Starter,EMEA
C00240,2023-05,2024-08,72.0,Starter,EMEA
C00240,2023-05,2024-09,72.0,Starter,EMEA
C00240,2023-05,2024-10,72.0,Starter,EMEA
C00240,2023-05,2024-11,72.0,Starter,EMEA
C00240,2023-05,2024-12,72.0,Starter,EMEA
C00241,2023-05,2023-05,50.0,Starter,EMEA
C00241,2023-05,2023-06,50.0,Starter,EMEA
C00241,2023-05,2023-07,50.0,Starter,EMEA
C00241,2023-05,2023-08,50.0,Starter,EMEA
C00241,2023-05,2023-09,50.0,Starter,EMEA
C00241,2023-05,2023-10,50.0,Starter,EMEA
C00241,2023-05,2023-11,50.0,Starter,EMEA
C00241,2023-05,2023-12,50.0,Starter,EMEA
C00241,2023-05,2024-01,60.0,Starter,EMEA
C00241,2023-05,2024-02,60.0,Starter,EMEA
C00241,2023-05,2024-03,60.0,Starter,EMEA
C00241,2023-05,2024-04,60.0,Starter,EMEA
C00241,2023-05,2024-05,60.0,Starter,EMEA
C00242,2023-05,2023-05,200.0,Pro,NA
C00242,2023-05,2023-06,200.0,Pro,NA
C00243,2023-05,2023-05,50.0,Starter,EMEA
C00243,2023-05,2023-06,42.5,Starter,EMEA
C00243,2023-05,2023-07,42.5,Starter,EMEA
C00243,2023-05,2023-08,42.5,Starter,EMEA
C00243,2023-05,2023-09,42.5,Starter,EMEA
C00243,2023-05,2023-10,42.5,Starter,EMEA
C00243,2023-05,2023-11,51.0,Starter,EMEA
C00243,2023-05,2023-12,43.35,Starter,EMEA
C00243,2023-05,2024-01,43.35,Starter,EMEA
C00243,2023-05,2024-02,43.35,Starter,EMEA
C00243,2023-05,2024-03,52.02,Starter,EMEA
C00243,2023-05,2024-04,62.42,Starter,EMEA
C00243,2023-05,2024-05,62.42,Starter,EMEA
C00243,2023-05,2024-06,62.42,Starter,EMEA
C00243,2023-05,2024-07,62.42,Starter,EMEA
C00243,2023-05,2024-08,53.06,Starter,EMEA
C00243,2023-05,2024-09,63.67,Starter,EMEA
C00243,2023-05,2024-10,54.12,Starter,EMEA
C00243,2023-05,2024-11,54.12,Starter,EMEA
C00243,2023-05,2024-12,54.12,Starter,EMEA
C00244,2023-05,2023-05,200.0,Pro,EMEA
C00244,2023-05,2023-06,200.0,Pro,EMEA
C00244,2023-05,2023-07,200.0,Pro,EMEA
C00244,2023-05,2023-08,240.0,Pro,EMEA
C00244,2023-05,2023-09,240.0,Pro,EMEA
C00244,2023-05,2023-10,240.0,Pro,EMEA
C00244,2023-05,2023-11,240.0,Pro,EMEA
C00244,2023-05,2023-12,240.0,Pro,EMEA
C00244,2023-05,2024-01,240.0,Pro,EMEA
C00244,2023-05,2024-02,288.0,Pro,EMEA
C00244,2023-05,2024-03,288.0,Pro,EMEA
C00244,2023-05,2024-04,288.0,Pro,EMEA
C00244,2023-05,2024-05,345.6,Pro,EMEA
C00244,2023-05,2024-06,345.6,Pro,EMEA
C00244,2023-05,2024-07,345.6,Pro,EMEA
C00244,2023-05,2024-08,293.76,Pro,EMEA
C00244,2023-05,2024-09,293.76,Pro,EMEA
C00244,2023-05,2024-10,293.76,Pro,EMEA
C00244,2023-05,2024-11,293.76,Pro,EMEA
C00244,2023-05,2024-12,293.76,Pro,EMEA
C00245,2023-05,2023-05,50.0,Starter,NA
C00245,2023-05,2023-06,50.0,Starter,NA
C00245,2023-05,2023-07,50.0,Starter,NA
C00245,2023-05,2023-08,50.0,Starter,NA
C00245,2023-05,2023-09,50.0,Starter,NA
C00245,2023-05,2023-10,60.0,Starter,NA
C00245,2023-05,2023-11,60.0,Starter,NA
C00245,2023-05,2023-12,60.0,Starter,NA
C00245,2023-05,2024-01,60.0,Starter,NA
C00245,2023-05,2024-02,60.0,Starter,NA
C00245,2023-05,2024-03,60.0,Starter,NA
C00245,2023-05,2024-04,51.0,Starter,NA
C00245,2023-05,2024-05,51.0,Starter,NA
C00245,2023-05,2024-06,51.0,Starter,NA
C00245,2023-05,2024-07,51.0,Starter,NA
C00245,2023-05,2024-08,61.2,Starter,NA
C00245,2023-05,2024-09,61.2,Starter,NA
C00245,2023-05,2024-10,61.2,Starter,NA
C00245,2023-05,2024-11,61.2,Starter,NA
C00245,2023-05,2024-12,61.2,Starter,NA
C00246,2023-05,2023-05,200.0,Pro,APAC
C00246,2023-05,2023-06,200.0,Pro,APAC
C00246,2023-05,2023-07,240.0,Pro,APAC
C00246,2023-05,2023-08,240.0,Pro,APAC
C00246,2023-05,2023-09,240.0,Pro,APAC
C00246,2023-05,2023-10,240.0,Pro,APAC
C00246,2023-05,2023-11,240.0,Pro,APAC
C00246,2023-05,2023-12,240.0,Pro,APAC
C00246,2023-05,2024-01,240.0,Pro,APAC
C00246,2023-05,2024-02,240.0,Pro,APAC
C00247,2023-05,2023-05,50.0,Starter,EMEA
C00247,2023-05,2023-06,50.0,Starter,EMEA
C00247,2023-05,2023-07,60.0,Starter,EMEA
C00247,2023-05,2023-08,60.0,Starter,EMEA
C00247,2023-05,2023-09,72.0,Starter,EMEA
C00247,2023-05,2023-10,72.0,Starter,EMEA
C00247,2023-05,2023-11,72.0,Starter,EMEA
C00247,2023-05,2023-12,72.0,Starter,EMEA
C00247,2023-05,2024-01,72.0,Starter,EMEA
C00247,2023-05,2024-02,72.0,Starter,EMEA
C00247,2023-05,2024-03,72.0,Starter,EMEA
C00247,2023-05,2024-04,72.0,Starter,EMEA
C00247,2023-05,2024-05,72.0,Starter,EMEA
C00247,2023-05,2024-06,86.4,Starter,EMEA
C00247,2023-05,2024-07,86.4,Starter,EMEA
C00247,2023-05,2024-08,86.4,Starter,EMEA
C00247,2023-05,2024-09,86.4,Starter,EMEA
C00248,2023-05,2023-05,50.0,Starter,APAC
C00248,2023-05,2023-06,50.0,Starter,APAC
C00248,2023-05,2023-07,50.0,Starter,APAC
C00248,2023-05,2023-08,50.0,Starter,APAC
C00248,2023-05,2023-09,42.5,Starter,APAC
C00248,2023-05,2023-10,42.5,Starter,APAC
C00248,2023-05,2023-11,42.5,Starter,APAC
C00248,2023-05,2023-12,51.0,Starter,APAC
C00248,2023-05,2024-01,51.0,Starter,APAC
C00249,2023-05,2023-05,50.0,Starter,APAC
C00249,2023-05,2023-06,50.0,Starter,APAC
C00249,2023-05,2023-07,50.0,Starter,APAC
C00249,2023-05,2023-08,50.0,Starter,APAC
C00249,2023-05,2023-09,50.0,Starter,APAC
C00249,2023-05,2023-10,50.0,Starter,APAC
C00249,2023-05,2023-11,50.0,Starter,APAC
C00249,2023-05,2023-12,50.0,Starter,APAC
C00249,2023-05,2024-01,60.0,Starter,APAC
C00249,2023-05,2024-02,72.0,Starter,APAC
C00249,2023-05,2024-03,72.0,Starter,APAC
C00249,2023-05,2024-04,72.0,Starter,APAC
C00249,2023-05,2024-05,72.0,Starter,APAC
C00249,2023-05,2024-06,72.0,Starter,APAC
C00249,2023-05,2024-07,72.0,Starter,APAC
C00249,2023-05,2024-08,86.4,Starter,APAC
C00249,2023-05,2024-09,86.4,Starter,APAC
C00249,2023-05,2024-10,86.4,Starter,APAC
C00249,2023-05,2024-11,86.4,Starter,APAC
C00249,2023-05,2024-12,86.4,Starter,APAC
C00250,2023-05,2023-05,50.0,Starter,LATAM
C00250,2023-05,2023-06,50.0,Starter,LATAM
C00250,2023-05,2023-07,50.0,Starter,LATAM
C00250,2023-05,2023-08,50.0,Starter,LATAM
C00250,2023-05,2023-09,50.0,Starter,LATAM
C00250,2023-05,2023-10,50.0,Starter,LATAM
C00250,2023-05,2023-11,60.0,Starter,LATAM
C00250,2023-05,2023-12,60.0,Starter,LATAM
C00250,2023-05,2024-01,60.0,Starter,LATAM
C00250,2023-05,2024-02,60.0,Starter,LATAM
C00250,2023-05,2024-03,60.0,Starter,LATAM
C00250,2023-05,2024-04,60.0,Starter,LATAM
C00250,2023-05,2024-05,60.0,Starter,LATAM
C00250,2023-05,2024-06,60.0,Starter,LATAM
C00250,2023-05,2024-07,60.0,Starter,LATAM
C00250,2023-05,2024-08,60.0,Starter,LATAM
C00250,2023-05,2024-09,60.0,Starter,LATAM
C00251,2023-05,2023-05,50.0,Starter,EMEA
C00251,2023-05,2023-06,50.0,Starter,EMEA
C00251,2023-05,2023-07,50.0,Starter,EMEA
C00252,2023-05,2023-05,200.0,Pro,NA
C00252,2023-05,2023-06,200.0,Pro,NA
C00252,2023-05,2023-07,200.0,Pro,NA
C00252,2023-05,2023-08,240.0,Pro,NA
C00252,2023-05,2023-09,240.0,Pro,NA
C00252,2023-05,2023-10,240.0,Pro,NA
C00252,2023-05,2023-11,240.0,Pro,NA
C00252,2023-05,2023-12,240.0,Pro,NA
C00252,2023-05,2024-01,288.0,Pro,NA
C00252,2023-05,2024-02,288.0,Pro,NA
C00252,2023-05,2024-03,288.0,Pro,NA
C00252,2023-05,2024-04,288.0,Pro,NA
C00252,2023-05,2024-05,345.6,Pro,NA
C00252,2023-05,2024-06,345.6,Pro,NA
C00252,2023-05,2024-07,414.72,Pro,NA
C00252,2023-05,2024-08,414.72,Pro,NA
C00252,2023-05,2024-09,414.72,Pro,NA
C00252,2023-05,2024-10,414.72,Pro,NA
C00252,2023-05,2024-11,414.72,Pro,NA
C00252,2023-05,2024-12,414.72,Pro,NA
C00253,2023-05,2023-05,50.0,Starter,LATAM
C00253,2023-05,2023-06,50.0,Starter,LATAM
C00253,2023-05,2023-07,50.0,Starter,LATAM
C00254,2023-05,2023-05,200.0,Pro,NA
C00254,2023-05,2023-06,200.0,Pro,NA
C00254,2023-05,2023-07,200.0,Pro,NA
C00255,2023-05,2023-05,50.0,Starter,LATAM
C00255,2023-05,2023-06,50.0,Starter,LATAM
C00255,2023-05,2023-07,50.0,Starter,LATAM
C00255,2023-05,2023-08,50.0,Starter,LATAM
C00255,2023-05,2023-09,50.0,Starter,LATAM
C00255,2023-05,2023-10,50.0,Starter,LATAM
C00255,2023-05,2023-11,60.0,Starter,LATAM
C00255,2023-05,2023-12,51.0,Starter,LATAM
C00255,2023-05,2024-01,51.0,Starter,LATAM
C00255,2023-05,2024-02,51.0,Starter,LATAM
C00255,2023-05,2024-03,51.0,Starter,LATAM
C00255,2023-05,2024-04,51.0,Starter,LATAM
C00255,2023-05,2024-05,51.0,Starter,LATAM
C00255,2023-05,2024-06,51.0,Starter,LATAM
C00255,2023-05,2024-07,51.0,Starter,LATAM
C00255,2023-05,2024-08,51.0,Starter,LATAM
C00255,2023-05,2024-09,43.35,Starter,LATAM
C00255,2023-05,2024-10,43.35,Starter,LATAM
C00255,2023-05,2024-11,43.35,Starter,LATAM
C00255,2023-05,2024-12,43.35,Starter,LATAM
C00256,2023-05,2023-05,200.0,Pro,APAC
C00256,2023-05,2023-06,240.0,Pro,APAC
C00256,2023-05,2023-07,240.0,Pro,APAC
C00256,2023-05,2023-08,240.0,Pro,APAC
C00256,2023-05,2023-09,240.0,Pro,APAC
C00257,2023-05,2023-05,50.0,Starter,APAC
C00257,2023-05,2023-06,60.0,Starter,APAC
C00257,2023-05,2023-07,72.0,Starter,APAC
C00257,2023-05,2023-08,72.0,Starter,APAC
C00257,2023-05,2023-09,61.2,Starter,APAC
C00257,2023-05,2023-10,61.2,Starter,APAC
C00257,2023-05,2023-11,73.44,Starter,APAC
C00257,2023-05,2023-12,88.13,Starter,APAC
C00257,2023-05,2024-01,88.13,Starter,APAC
C00257,2023-05,2024-02,88.13,Starter,APAC
C00257,2023-05,2024-03,105.75,Starter,APAC
C00257,2023-05,2024-04,89.89,Starter,APAC
C00257,2023-05,2024-05,89.89,Starter,APAC
C00257,2023-05,2024-06,89.89,Starter,APAC
C00257,2023-05,2024-07,89.89,Starter,APAC
C00257,2023-05,2024-08,89.89,Starter,APAC
C00257,2023-05,2024-09,89.89,Starter,APAC
C00257,2023-05,2024-10,107.87,Starter,APAC
C00257,2023-05,2024-11,107.87,Starter,APAC
C00257,2023-05,2024-12,107.87,Starter,APAC
C00258,2023-05,2023-05,50.0,Starter,EMEA
C00258,2023-05,2023-06,50.0,Starter,EMEA
C00258,2023-05,2023-07,60.0,Starter,EMEA
C00258,2023-05,2023-08,72.0,Starter,EMEA
C00258,2023-05,2023-09,72.0,Starter,EMEA
C00258,2023-05,2023-10,72.0,Starter,EMEA
C00258,2023-05,2023-11,72.0,Starter,EMEA
C00258,2023-05,2023-12,72.0,Starter,EMEA
C00258,2023-05,2024-01,72.0,Starter,EMEA
C00258,2023-05,2024-02,86.4,Starter,EMEA
C00258,2023-05,2024-03,86.4,Starter,EMEA
C00258,2023-05,2024-04,86.4,Starter,EMEA
C00258,2023-05,2024-05,86.4,Starter,EMEA
C00258,2023-05,2024-06,86.4,Starter,EMEA
C00258,2023-05,2024-07,86.4,Starter,EMEA
C00258,2023-05,2024-08,86.4,Starter,EMEA
C00258,2023-05,2024-09,86.4,Starter,EMEA
C00258,2023-05,2024-10,103.68,Starter,EMEA
C00258,2023-05,2024-11,103.68,Starter,EMEA
C00258,2023-05,2024-12,103.68,Starter,EMEA
C00259,2023-05,2023-05,200.0,Pro,APAC
C00259,2023-05,2023-06,200.0,Pro,APAC
C00259,2023-05,2023-07,200.0,Pro,APAC
C00259,2023-05,2023-08,200.0,Pro,APAC
C00259,2023-05,2023-09,200.0,Pro,APAC
C00259,2023-05,2023-10,200.0,Pro,APAC
C00259,2023-05,2023-11,200.0,Pro,APAC
C00259,2023-05,2023-12,200.0,Pro,APAC
C00259,2023-05,2024-01,200.0,Pro,APAC
C00259,2023-05,2024-02,200.0,Pro,APAC
C00259,2023-05,2024-03,240.0,Pro,APAC
C00259,2023-05,2024-04,288.0,Pro,APAC
C00259,2023-05,2024-05,345.6,Pro,APAC
C00259,2023-05,2024-06,345.6,Pro,APAC
C00259,2023-05,2024-07,414.72,Pro,APAC
C00259,2023-05,2024-08,414.72,Pro,APAC
C00259,2023-05,2024-09,414.72,Pro,APAC
C00259,2023-05,2024-10,414.72,Pro,APAC
C00259,2023-05,2024-11,414.72,Pro,APAC
C00259,2023-05,2024-12,414.72,Pro,APAC
C00260,2023-05,2023-05,200.0,Pro,NA
C00260,2023-05,2023-06,200.0,Pro,NA
C00260,2023-05,2023-07,200.0,Pro,NA
C00260,2023-05,2023-08,200.0,Pro,NA
C00260,2023-05,2023-09,240.0,Pro,NA
C00260,2023-05,2023-10,288.0,Pro,NA
C00260,2023-05,2023-11,345.6,Pro,NA
C00260,2023-05,2023-12,345.6,Pro,NA
C00260,2023-05,2024-01,345.6,Pro,NA
C00260,2023-05,2024-02,414.72,Pro,NA
C00260,2023-05,2024-03,497.66,Pro,NA
C00260,2023-05,2024-04,597.2,Pro,NA
C00260,2023-05,2024-05,597.2,Pro,NA
C00260,2023-05,2024-06,597.2,Pro,NA
C00260,2023-05,2024-07,597.2,Pro,NA
C00260,2023-05,2024-08,597.2,Pro,NA
C00260,2023-05,2024-09,716.64,Pro,NA
C00260,2023-05,2024-10,716.64,Pro,NA
C00260,2023-05,2024-11,716.64,Pro,NA
C00260,2023-05,2024-12,716.64,Pro,NA
C00261,2023-05,2023-05,50.0,Starter,APAC
C00261,2023-05,2023-06,60.0,Starter,APAC
C00261,2023-05,2023-07,72.0,Starter,APAC
C00261,2023-05,2023-08,72.0,Starter,APAC
C00261,2023-05,2023-09,72.0,Starter,APAC
C00261,2023-05,2023-10,86.4,Starter,APAC
C00261,2023-05,2023-11,103.68,Starter,APAC
C00261,2023-05,2023-12,103.68,Starter,APAC
C00261,2023-05,2024-01,124.42,Starter,APAC
C00261,2023-05,2024-02,124.42,Starter,APAC
C00261,2023-05,2024-03,124.42,Starter,APAC
C00262,2023-05,2023-05,50.0,Starter,NA
C00263,2023-05,2023-05,200.0,Pro,APAC
C00264,2023-05,2023-05,200.0,Pro,EMEA
C00264,2023-05,2023-06,200.0,Pro,EMEA
C00264,2023-05,2023-07,240.0,Pro,EMEA
C00264,2023-05,2023-08,240.0,Pro,EMEA
C00264,2023-05,2023-09,288.0,Pro,EMEA
C00264,2023-05,2023-10,288.0,Pro,EMEA
C00264,2023-05,2023-11,288.0,Pro,EMEA
C00264,2023-05,2023-12,288.0,Pro,EMEA
C00264,2023-05,2024-01,288.0,Pro,EMEA
C00264,2023-05,2024-02,288.0,Pro,EMEA
C00264,2023-05,2024-03,288.0,Pro,EMEA
C00264,2023-05,2024-04,288.0,Pro,EMEA
C00264,2023-05,2024-05,288.0,Pro,EMEA
C00264,2023-05,2024-06,244.8,Pro,EMEA
C00264,2023-05,2024-07,244.8,Pro,EMEA
C00264,2023-05,2024-08,244.8,Pro,EMEA
C00265,2023-05,2023-05,50.0,Starter,NA
C00265,2023-05,2023-06,50.0,Starter,NA
C00265,2023-05,2023-07,50.0,Starter,NA
C00265,2023-05,2023-08,50.0,Starter,NA
C00265,2023-05,2023-09,60.0,Starter,NA
C00265,2023-05,2023-10,60.0,Starter,NA
C00265,2023-05,2023-11,51.0,Starter,NA
C00266,2023-05,2023-05,50.0,Starter,LATAM
C00266,2023-05,2023-06,60.0,Starter,LATAM
C00266,2023-05,2023-07,60.0,Starter,LATAM
C00266,2023-05,2023-08,60.0,Starter,LATAM
C00266,2023-05,2023-09,60.0,Starter,LATAM
C00266,2023-05,2023-10,72.0,Starter,LATAM
C00266,2023-05,2023-11,72.0,Starter,LATAM
C00266,2023-05,2023-12,72.0,Starter,LATAM
C00266,2023-05,2024-01,72.0,Starter,LATAM
C00266,2023-05,2024-02,72.0,Starter,LATAM
C00267,2023-05,2023-05,200.0,Pro,NA
C00267,2023-05,2023-06,200.0,Pro,NA
C00267,2023-05,2023-07,200.0,Pro,NA
C00267,2023-05,2023-08,200.0,Pro,NA
C00267,2023-05,2023-09,200.0,Pro,NA
C00267,2023-05,2023-10,200.0,Pro,NA
C00267,2023-05,2023-11,200.0,Pro,NA
C00267,2023-05,2023-12,200.0,Pro,NA
C00267,2023-05,2024-01,240.0,Pro,NA
C00267,2023-05,2024-02,240.0,Pro,NA
C00267,2023-05,2024-03,240.0,Pro,NA
C00267,2023-05,2024-04,240.0,Pro,NA
C00267,2023-05,2024-05,240.0,Pro,NA
C00267,2023-05,2024-06,240.0,Pro,NA
C00267,2023-05,2024-07,288.0,Pro,NA
C00267,2023-05,2024-08,288.0,Pro,NA
C00267,2023-05,2024-09,345.6,Pro,NA
C00267,2023-05,2024-10,345.6,Pro,NA
C00267,2023-05,2024-11,345.6,Pro,NA
C00267,2023-05,2024-12,345.6,Pro,NA
C00268,2023-06,2023-06,50.0,Starter,EMEA
C00269,2023-06,2023-06,50.0,Starter,EMEA
C00269,2023-06,2023-07,50.0,Starter,EMEA
C00269,2023-06,2023-08,60.0,Starter,EMEA
C00269,2023-06,2023-09,60.0,Starter,EMEA
C00269,2023-06,2023-10,60.0,Starter,EMEA
C00269,2023-06,2023-11,60.0,Starter,EMEA
C00269,2023-06,2023-12,60.0,Starter,EMEA
C00269,2023-06,2024-01,60.0,Starter,EMEA
C00269,2023-06,2024-02,60.0,Starter,EMEA
C00269,2023-06,2024-03,60.0,Starter,EMEA
C00269,2023-06,2024-04,60.0,Starter,EMEA
C00269,2023-06,2024-05,60.0,Starter,EMEA
C00270,2023-06,2023-06,50.0,Starter,NA
C00270,2023-06,2023-07,50.0,Starter,NA
C00270,2023-06,2023-08,50.0,Starter,NA
C00270,2023-06,2023-09,50.0,Starter,NA
C00270,2023-06,2023-10,50.0,Starter,NA
C00270,2023-06,2023-11,60.0,Starter,NA
C00270,2023-06,2023-12,60.0,Starter,NA
C00270,2023-06,2024-01,60.0,Starter,NA
C00270,2023-06,2024-02,60.0,Starter,NA
C00270,2023-06,2024-03,60.0,Starter,NA
C00270,2023-06,2024-04,72.0,Starter,NA
C00270,2023-06,2024-05,72.0,Starter,NA
C00270,2023-06,2024-06,72.0,Starter,NA
C00270,2023-06,2024-07,72.0,Starter,NA
C00270,2023-06,2024-08,86.4,Starter,NA
C00270,2023-06,2024-09,86.4,Starter,NA
C00270,2023-06,2024-10,86.4,Starter,NA
C00270,2023-06,2024-11,73.44,Starter,NA
C00270,2023-06,2024-12,73.44,Starter,NA
C00271,2023-06,2023-06,50.0,Starter,NA
C00271,2023-06,2023-07,50.0,Starter,NA
C00271,2023-06,2023-08,50.0,Starter,NA
C00271,2023-06,2023-09,50.0,Starter,NA
C00271,2023-06,2023-10,60.0,Starter,NA
C00271,2023-06,2023-11,60.0,Starter,NA
C00271,2023-06,2023-12,72.0,Starter,NA
C00271,2023-06,2024-01,86.4,Starter,NA
C00271,2023-06,2024-02,86.4,Starter,NA
C00271,2023-06,2024-03,86.4,Starter,NA
C00271,2023-06,2024-04,86.4,Starter,NA
C00271,2023-06,2024-05,103.68,Starter,NA
C00271,2023-06,2024-06,103.68,Starter,NA
C00271,2023-06,2024-07,103.68,Starter,NA
C00271,2023-06,2024-08,103.68,Starter,NA
C00271,2023-06,2024-09,103.68,Starter,NA
C00271,2023-06,2024-10,103.68,Starter,NA
C00271,2023-06,2024-11,103.68,Starter,NA
C00271,2023-06,2024-12,88.13,Starter,NA
C00272,2023-06,2023-06,50.0,Starter,LATAM
C00272,2023-06,2023-07,50.0,Starter,LATAM
C00272,2023-06,2023-08,50.0,Starter,LATAM
C00272,2023-06,2023-09,60.0,Starter,LATAM
C00272,2023-06,2023-10,60.0,Starter,LATAM
C00272,2023-06,2023-11,60.0,Starter,LATAM
C00272,2023-06,2023-12,60.0,Starter,LATAM
C00272,2023-06,2024-01,60.0,Starter,LATAM
C00272,2023-06,2024-02,60.0,Starter,LATAM
C00272,2023-06,2024-03,60.0,Starter,LATAM
C00272,2023-06,2024-04,72.0,Starter,LATAM
C00272,2023-06,2024-05,72.0,Starter,LATAM
C00272,2023-06,2024-06,86.4,Starter,LATAM
C00272,2023-06,2024-07,86.4,Starter,LATAM
C00272,2023-06,2024-08,86.4,Starter,LATAM
C00272,2023-06,2024-09,86.4,Starter,LATAM
C00272,2023-06,2024-10,86.4,Starter,LATAM
C00272,2023-06,2024-11,103.68,Starter,LATAM
C00272,2023-06,2024-12,103.68,Starter,LATAM
C00273,2023-06,2023-06,50.0,Starter,NA
C00273,2023-06,2023-07,50.0,Starter,NA
C00273,2023-06,2023-08,50.0,Starter,NA
C00273,2023-06,2023-09,50.0,Starter,NA
C00273,2023-06,2023-10,50.0,Starter,NA
C00273,2023-06,2023-11,50.0,Starter,NA
C00273,2023-06,2023-12,50.0,Starter,NA
C00273,2023-06,2024-01,50.0,Starter,NA
C00273,2023-06,2024-02,50.0,Starter,NA
C00273,2023-06,2024-03,60.0,Starter,NA
C00273,2023-06,2024-04,72.0,Starter,NA
C00273,2023-06,2024-05,86.4,Starter,NA
C00273,2023-06,2024-06,86.4,Starter,NA
C00273,2023-06,2024-07,86.4,Starter,NA
C00273,2023-06,2024-08,86.4,Starter,NA
C00273,2023-06,2024-09,86.4,Starter,NA
C00273,2023-06,2024-10,86.4,Starter,NA
C00273,2023-06,2024-11,86.4,Starter,NA
C00273,2023-06,2024-12,86.4,Starter,NA
C00274,2023-06,2023-06,200.0,Pro,EMEA
C00274,2023-06,2023-07,200.0,Pro,EMEA
C00274,2023-06,2023-08,200.0,Pro,EMEA
C00274,2023-06,2023-09,200.0,Pro,EMEA
C00274,2023-06,2023-10,200.0,Pro,EMEA
C00274,2023-06,2023-11,240.0,Pro,EMEA
C00274,2023-06,2023-12,240.0,Pro,EMEA
C00274,2023-06,2024-01,288.0,Pro,EMEA
C00274,2023-06,2024-02,288.0,Pro,EMEA
C00274,2023-06,2024-03,288.0,Pro,EMEA
C00274,2023-06,2024-04,288.0,Pro,EMEA
C00274,2023-06,2024-05,345.6,Pro,EMEA
C00274,2023-06,2024-06,414.72,Pro,EMEA
C00274,2023-06,2024-07,414.72,Pro,EMEA
C00274,2023-06,2024-08,414.72,Pro,EMEA
C00274,2023-06,2024-09,414.72,Pro,EMEA
C00274,2023-06,2024-10,414.72,Pro,EMEA
C00274,2023-06,2024-11,497.66,Pro,EMEA
C00274,2023-06,2024-12,497.66,Pro,EMEA
C00275,2023-06,2023-06,50.0,Starter,NA
C00275,2023-06,2023-07,50.0,Starter,NA
C00275,2023-06,2023-08,60.0,Starter,NA
C00275,2023-06,2023-09,60.0,Starter,NA
C00275,2023-06,2023-10,60.0,Starter,NA
C00275,2023-06,2023-11,60.0,Starter,NA
C00275,2023-06,2023-12,72.0,Starter,NA
C00275,2023-06,2024-01,72.0,Starter,NA
C00275,2023-06,2024-02,72.0,Starter,NA
C00275,2023-06,2024-03,72.0,Starter,NA
C00275,2023-06,2024-04,72.0,Starter,NA
C00275,2023-06,2024-05,72.0,Starter,NA
C00275,2023-06,2024-06,72.0,Starter,NA
C00275,2023-06,2024-07,72.0,Starter,NA
C00275,2023-06,2024-08,72.0,Starter,NA
C00275,2023-06,2024-09,72.0,Starter,NA
C00275,2023-06,2024-10,72.0,Starter,NA
C00275,2023-06,2024-11,86.4,Starter,NA
C00275,2023-06,2024-12,86.4,Starter,NA
C00276,2023-06,2023-06,200.0,Pro,NA
C00276,2023-06,2023-07,200.0,Pro,NA
C00276,2023-06,2023-08,200.0,Pro,NA
C00276,2023-06,2023-09,200.0,Pro,NA
C00276,2023-06,2023-10,200.0,Pro,NA
C00276,2023-06,2023-11,200.0,Pro,NA
C00276,2023-06,2023-12,200.0,Pro,NA
C00276,2023-06,2024-01,200.0,Pro,NA
C00276,2023-06,2024-02,200.0,Pro,NA
C00276,2023-06,2024-03,200.0,Pro,NA
C00276,2023-06,2024-04,200.0,Pro,NA
C00276,2023-06,2024-05,200.0,Pro,NA
C00276,2023-06,2024-06,240.0,Pro,NA
C00276,2023-06,2024-07,288.0,Pro,NA
C00276,2023-06,2024-08,288.0,Pro,NA
C00276,2023-06,2024-09,288.0,Pro,NA
C00276,2023-06,2024-10,288.0,Pro,NA
C00276,2023-06,2024-11,345.6,Pro,NA
C00276,2023-06,2024-12,345.6,Pro,NA
C00277,2023-06,2023-06,200.0,Pro,NA
C00277,2023-06,2023-07,200.0,Pro,NA
C00277,2023-06,2023-08,240.0,Pro,NA
C00277,2023-06,2023-09,240.0,Pro,NA
C00277,2023-06,2023-10,240.0,Pro,NA
C00277,2023-06,2023-11,240.0,Pro,NA
C00277,2023-06,2023-12,288.0,Pro,NA
C00277,2023-06,2024-01,288.0,Pro,NA
C00277,2023-06,2024-02,288.0,Pro,NA
C00277,2023-06,2024-03,345.6,Pro,NA
C00277,2023-06,2024-04,345.6,Pro,NA
C00277,2023-06,2024-05,345.6,Pro,NA
C00277,2023-06,2024-06,345.6,Pro,NA
C00277,2023-06,2024-07,345.6,Pro,NA
C00277,2023-06,2024-08,345.6,Pro,NA
C00277,2023-06,2024-09,414.72,Pro,NA
C00278,2023-06,2023-06,200.0,Pro,NA
C00278,2023-06,2023-07,200.0,Pro,NA
C00278,2023-06,2023-08,200.0,Pro,NA
C00278,2023-06,2023-09,240.0,Pro,NA
C00278,2023-06,2023-10,240.0,Pro,NA
C00278,2023-06,2023-11,240.0,Pro,NA
C00278,2023-06,2023-12,240.0,Pro,NA
C00278,2023-06,2024-01,240.0,Pro,NA
C00278,2023-06,2024-02,288.0,Pro,NA
C00278,2023-06,2024-03,288.0,Pro,NA
C00278,2023-06,2024-04,288.0,Pro,NA
C00278,2023-06,2024-05,288.0,Pro,NA
C00278,2023-06,2024-06,288.0,Pro,NA
C00278,2023-06,2024-07,288.0,Pro,NA
C00278,2023-06,2024-08,345.6,Pro,NA
C00278,2023-06,2024-09,345.6,Pro,NA
C00278,2023-06,2024-10,293.76,Pro,NA
C00278,2023-06,2024-11,352.51,Pro,NA
C00278,2023-06,2024-12,423.01,Pro,NA
C00279,2023-06,2023-06,50.0,Starter,LATAM
C00279,2023-06,2023-07,50.0,Starter,LATAM
C00279,2023-06,2023-08,50.0,Starter,LATAM
C00279,2023-06,2023-09,60.0,Starter,LATAM
C00279,2023-06,2023-10,60.0,Starter,LATAM
C00279,2023-06,2023-11,51.0,Starter,LATAM
C00279,2023-06,2023-12,51.0,Starter,LATAM
C00279,2023-06,2024-01,51.0,Starter,LATAM
C00279,2023-06,2024-02,51.0,Starter,LATAM
C00279,2023-06,2024-03,51.0,Starter,LATAM
C00279,2023-06,2024-04,51.0,Starter,LATAM
C00279,2023-06,2024-05,51.0,Starter,LATAM
C00279,2023-06,2024-06,61.2,Starter,LATAM
C00279,2023-06,2024-07,61.2,Starter,LATAM
C00279,2023-06,2024-08,61.2,Starter,LATAM
C00279,2023-06,2024-09,61.2,Starter,LATAM
C00279,2023-06,2024-10,61.2,Starter,LATAM
C00279,2023-06,2024-11,61.2,Starter,LATAM
C00279,2023-06,2024-12,61.2,Starter,LATAM
C00280,2023-06,2023-06,200.0,Pro,NA
C00280,2023-06,2023-07,200.0,Pro,NA
C00280,2023-06,2023-08,200.0,Pro,NA
C00280,2023-06,2023-09,200.0,Pro,NA
C00280,2023-06,2023-10,170.0,Pro,NA
C00280,2023-06,2023-11,170.0,Pro,NA
C00280,2023-06,2023-12,170.0,Pro,NA
C00280,2023-06,2024-01,170.0,Pro,NA
C00280,2023-06,2024-02,204.0,Pro,NA
C00280,2023-06,2024-03,204.0,Pro,NA
C00280,2023-06,2024-04,204.0,Pro,NA
C00280,2023-06,2024-05,204.0,Pro,NA
C00280,2023-06,2024-06,204.0,Pro,NA
C00280,2023-06,2024-07,204.0,Pro,NA
C00280,2023-06,2024-08,204.0,Pro,NA
C00280,2023-06,2024-09,204.0,Pro,NA
C00280,2023-06,2024-10,244.8,Pro,NA
C00280,2023-06,2024-11,293.76,Pro,NA
C00280,2023-06,2024-12,293.76,Pro,NA
C00281,2023-06,2023-06,50.0,Starter,NA
C00281,2023-06,2023-07,50.0,Starter,NA
C00281,2023-06,2023-08,50.0,Starter,NA
C00281,2023-06,2023-09,50.0,Starter,NA
C00281,2023-06,2023-10,60.0,Starter,NA
C00282,2023-06,2023-06,50.0,Starter,NA
C00282,2023-06,2023-07,50.0,Starter,NA
C00282,2023-06,2023-08,50.0,Starter,NA
C00282,2023-06,2023-09,50.0,Starter,NA
C00282,2023-06,2023-10,50.0,Starter,NA
C00282,2023-06,2023-11,50.0,Starter,NA
C00282,2023-06,2023-12,50.0,Starter,NA
C00282,2023-06,2024-01,50.0,Starter,NA
C00282,2023-06,2024-02,50.0,Starter,NA
C00282,2023-06,2024-03,50.0,Starter,NA
C00282,2023-06,2024-04,60.0,Starter,NA
C00282,2023-06,2024-05,72.0,Starter,NA
C00282,2023-06,2024-06,72.0,Starter,NA
C00282,2023-06,2024-07,72.0,Starter,NA
C00282,2023-06,2024-08,72.0,Starter,NA
C00282,2023-06,2024-09,72.0,Starter,NA
C00282,2023-06,2024-10,72.0,Starter,NA
C00282,2023-06,2024-11,72.0,Starter,NA
C00282,2023-06,2024-12,72.0,Starter,NA
C00283,2023-06,2023-06,200.0,Pro,NA
C00283,2023-06,2023-07,200.0,Pro,NA
C00283,2023-06,2023-08,200.0,Pro,NA
C00283,2023-06,2023-09,200.0,Pro,NA
C00283,2023-06,2023-10,240.0,Pro,NA
C00283,2023-06,2023-11,288.0,Pro,NA
C00283,2023-06,2023-12,288.0,Pro,NA
C00283,2023-06,2024-01,288.0,Pro,NA
C00283,2023-06,2024-02,288.0,Pro,NA
C00283,2023-06,2024-03,288.0,Pro,NA
C00283,2023-06,2024-04,288.0,Pro,NA
C00283,2023-06,2024-05,288.0,Pro,NA
C00283,2023-06,2024-06,288.0,Pro,NA
C00283,2023-06,2024-07,288.0,Pro,NA
C00283,2023-06,2024-08,288.0,Pro,NA
C00283,2023-06,2024-09,288.0,Pro,NA
C00283,2023-06,2024-10,288.0,Pro,NA
C00283,2023-06,2024-11,288.0,Pro,NA
C00283,2023-06,2024-12,288.0,Pro,NA
C00284,2023-06,2023-06,50.0,Starter,NA
C00285,2023-06,2023-06,50.0,Starter,EMEA
C00285,2023-06,2023-07,50.0,Starter,EMEA
C00285,2023-06,2023-08,60.0,Starter,EMEA
C00285,2023-06,2023-09,60.0,Starter,EMEA
C00285,2023-06,2023-10,60.0,Starter,EMEA
C00285,2023-06,2023-11,60.0,Starter,EMEA
C00285,2023-06,2023-12,60.0,Starter,EMEA
C00285,2023-06,2024-01,60.0,Starter,EMEA
C00285,2023-06,2024-02,60.0,Starter,EMEA
C00285,2023-06,2024-03,60.0,Starter,EMEA
C00285,2023-06,2024-04,60.0,Starter,EMEA
C00285,2023-06,2024-05,72.0,Starter,EMEA
C00285,2023-06,2024-06,86.4,Starter,EMEA
C00285,2023-06,2024-07,86.4,Starter,EMEA
C00285,2023-06,2024-08,86.4,Starter,EMEA
C00285,2023-06,2024-09,86.4,Starter,EMEA
C00285,2023-06,2024-10,103.68,Starter,EMEA
C00285,2023-06,2024-11,124.42,Starter,EMEA
C00285,2023-06,2024-12,124.42,Starter,EMEA
C00286,2023-06,2023-06,50.0,Starter,NA
C00286,2023-06,2023-07,50.0,Starter,NA
C00286,2023-06,2023-08,42.5,Starter,NA
C00286,2023-06,2023-09,42.5,Starter,NA
C00286,2023-06,2023-10,42.5,Starter,NA
C00286,2023-06,2023-11,42.5,Starter,NA
C00286,2023-06,2023-12,42.5,Starter,NA
C00286,2023-06,2024-01,42.5,Starter,NA
C00286,2023-06,2024-02,42.5,Starter,NA
C00286,2023-06,2024-03,42.5,Starter,NA
C00287,2023-06,2023-06,50.0,Starter,EMEA
C00287,2023-06,2023-07,60.0,Starter,EMEA
C00287,2023-06,2023-08,60.0,Starter,EMEA
C00287,2023-06,2023-09,60.0,Starter,EMEA
C00287,2023-06,2023-10,60.0,Starter,EMEA
C00287,2023-06,2023-11,60.0,Starter,EMEA
C00287,2023-06,2023-12,60.0,Starter,EMEA
C00287,2023-06,2024-01,60.0,Starter,EMEA
C00287,2023-06,2024-02,60.0,Starter,EMEA
C00288,2023-06,2023-06,200.0,Pro,APAC
C00288,2023-06,2023-07,200.0,Pro,APAC
C00288,2023-06,2023-08,240.0,Pro,APAC
C00288,2023-06,2023-09,288.0,Pro,APAC
C00288,2023-06,2023-10,288.0,Pro,APAC
C00288,2023-06,2023-11,288.0,Pro,APAC
C00288,2023-06,2023-12,288.0,Pro,APAC
C00288,2023-06,2024-01,288.0,Pro,APAC
C00288,2023-06,2024-02,288.0,Pro,APAC
C00288,2023-06,2024-03,288.0,Pro,APAC
C00288,2023-06,2024-04,345.6,Pro,APAC
C00288,2023-06,2024-05,345.6,Pro,APAC
C00288,2023-06,2024-06,345.6,Pro,APAC
C00288,2023-06,2024-07,345.6,Pro,APAC
C00288,2023-06,2024-08,345.6,Pro,APAC
C00288,2023-06,2024-09,345.6,Pro,APAC
C00288,2023-06,2024-10,345.6,Pro,APAC
C00288,2023-06,2024-11,345.6,Pro,APAC
C00288,2023-06,2024-12,345.6,Pro,APAC
C00289,2023-06,2023-06,200.0,Pro,EMEA
C00289,2023-06,2023-07,200.0,Pro,EMEA
C00289,2023-06,2023-08,240.0,Pro,EMEA
C00289,2023-06,2023-09,240.0,Pro,EMEA
C00289,2023-06,2023-10,288.0,Pro,EMEA
C00289,2023-06,2023-11,288.0,Pro,EMEA
C00289,2023-06,2023-12,345.6,Pro,EMEA
C00289,2023-06,2024-01,293.76,Pro,EMEA
C00289,2023-06,2024-02,352.51,Pro,EMEA
C00289,2023-06,2024-03,352.51,Pro,EMEA
C00289,2023-06,2024-04,352.51,Pro,EMEA
C00289,2023-06,2024-05,352.51,Pro,EMEA
C00289,2023-06,2024-06,423.01,Pro,EMEA
C00289,2023-06,2024-07,423.01,Pro,EMEA
C00289,2023-06,2024-08,507.62,Pro,EMEA
C00289,2023-06,2024-09,507.62,Pro,EMEA
C00289,2023-06,2024-10,507.62,Pro,EMEA
C00289,2023-06,2024-11,507.62,Pro,EMEA
C00289,2023-06,2024-12,507.62,Pro,EMEA
C00290,2023-06,2023-06,50.0,Starter,NA
C00290,2023-06,2023-07,50.0,Starter,NA
C00291,2023-06,2023-06,200.0,Pro,LATAM
C00291,2023-06,2023-07,200.0,Pro,LATAM
C00291,2023-06,2023-08,200.0,Pro,LATAM
C00291,2023-06,2023-09,200.0,Pro,LATAM
C00291,2023-06,2023-10,200.0,Pro,LATAM
C00291,2023-06,2023-11,200.0,Pro,LATAM
C00291,2023-06,2023-12,240.0,Pro,LATAM
C00291,2023-06,2024-01,240.0,Pro,LATAM
C00292,2023-06,2023-06,50.0,Starter,EMEA
C00292,2023-06,2023-07,50.0,Starter,EMEA
C00292,2023-06,2023-08,50.0,Starter,EMEA
C00292,2023-06,2023-09,50.0,Starter,EMEA
C00292,2023-06,2023-10,50.0,Starter,EMEA
C00292,2023-06,2023-11,50.0,Starter,EMEA
C00292,2023-06,2023-12,50.0,Starter,EMEA
C00292,2023-06,2024-01,50.0,Starter,EMEA
C00293,2023-06,2023-06,200.0,Pro,NA
C00293,2023-06,2023-07,200.0,Pro,NA
C00293,2023-06,2023-08,200.0,Pro,NA
C00293,2023-06,2023-09,240.0,Pro,NA
C00293,2023-06,2023-10,240.0,Pro,NA
C00293,2023-06,2023-11,240.0,Pro,NA
C00293,2023-06,2023-12,240.0,Pro,NA
C00293,2023-06,2024-01,288.0,Pro,NA
C00293,2023-06,2024-02,288.0,Pro,NA
C00293,2023-06,2024-03,288.0,Pro,NA
C00293,2023-06,2024-04,345.6,Pro,NA
C00293,2023-06,2024-05,345.6,Pro,NA
C00293,2023-06,2024-06,345.6,Pro,NA
C00293,2023-06,2024-07,345.6,Pro,NA
C00293,2023-06,2024-08,345.6,Pro,NA
C00293,2023-06,2024-09,345.6,Pro,NA
C00293,2023-06,2024-10,345.6,Pro,NA
C00293,2023-06,2024-11,345.6,Pro,NA
C00293,2023-06,2024-12,414.72,Pro,NA
C00294,2023-06,2023-06,50.0,Starter,EMEA
C00295,2023-06,2023-06,50.0,Starter,NA
C00295,2023-06,2023-07,60.0,Starter,NA
C00295,2023-06,2023-08,60.0,Starter,NA
C00295,2023-06,2023-09,60.0,Starter,NA
C00295,2023-06,2023-10,60.0,Starter,NA
C00295,2023-06,2023-11,60.0,Starter,NA
C00295,2023-06,2023-12,60.0,Starter,NA
C00295,2023-06,2024-01,60.0,Starter,NA
C00295,2023-06,2024-02,60.0,Starter,NA
C00295,2023-06,2024-03,72.0,Starter,NA
C00296,2023-06,2023-06,50.0,Starter,APAC
C00296,2023-06,2023-07,50.0,Starter,APAC
C00296,2023-06,2023-08,50.0,Starter,APAC
C00296,2023-06,2023-09,60.0,Starter,APAC
C00296,2023-06,2023-10,60.0,Starter,APAC
C00296,2023-06,2023-11,60.0,Starter,APAC
C00296,2023-06,2023-12,60.0,Starter,APAC
C00296,2023-06,2024-01,60.0,Starter,APAC
C00296,2023-06,2024-02,72.0,Starter,APAC
C00296,2023-06,2024-03,72.0,Starter,APAC
C00296,2023-06,2024-04,72.0,Starter,APAC
C00296,2023-06,2024-05,61.2,Starter,APAC
C00296,2023-06,2024-06,61.2,Starter,APAC
C00296,2023-06,2024-07,61.2,Starter,APAC
C00296,2023-06,2024-08,61.2,Starter,APAC
C00296,2023-06,2024-09,73.44,Starter,APAC
C00296,2023-06,2024-10,73.44,Starter,APAC
C00296,2023-06,2024-11,88.13,Starter,APAC
C00296,2023-06,2024-12,105.75,Starter,APAC
C00297,2023-06,2023-06,50.0,Starter,EMEA
C00297,2023-06,2023-07,50.0,Starter,EMEA
C00297,2023-06,2023-08,50.0,Starter,EMEA
C00297,2023-06,2023-09,50.0,Starter,EMEA
C00298,2023-06,2023-06,200.0,Pro,NA
C00298,2023-06,2023-07,240.0,Pro,NA
C00298,2023-06,2023-08,240.0,Pro,NA
C00298,2023-06,2023-09,204.0,Pro,NA
C00298,2023-06,2023-10,204.0,Pro,NA
C00298,2023-06,2023-11,244.8,Pro,NA
C00298,2023-06,2023-12,244.8,Pro,NA
C00298,2023-06,2024-01,244.8,Pro,NA
C00298,2023-06,2024-02,244.8,Pro,NA
C00298,2023-06,2024-03,244.8,Pro,NA
C00298,2023-06,2024-04,293.76,Pro,NA
C00298,2023-06,2024-05,293.76,Pro,NA
C00298,2023-06,2024-06,352.51,Pro,NA
C00298,2023-06,2024-07,352.51,Pro,NA
C00298,2023-06,2024-08,352.51,Pro,NA
C00298,2023-06,2024-09,352.51,Pro,NA
C00298,2023-06,2024-10,352.51,Pro,NA
C00298,2023-06,2024-11,352.51,Pro,NA
C00298,2023-06,2024-12,352.51,Pro,NA
C00299,2023-06,2023-06,200.0,Pro,NA
C00299,2023-06,2023-07,240.0,Pro,NA
C00299,2023-06,2023-08,240.0,Pro,NA
C00299,2023-06,2023-09,240.0,Pro,NA
C00299,2023-06,2023-10,240.0,Pro,NA
C00299,2023-06,2023-11,288.0,Pro,NA
C00299,2023-06,2023-12,244.8,Pro,NA
C00299,2023-06,2024-01,244.8,Pro,NA
C00299,2023-06,2024-02,293.76,Pro,NA
C00299,2023-06,2024-03,293.76,Pro,NA
C00299,2023-06,2024-04,293.76,Pro,NA
C00299,2023-06,2024-05,352.51,Pro,NA
C00299,2023-06,2024-06,352.51,Pro,NA
C00299,2023-06,2024-07,352.51,Pro,NA
C00299,2023-06,2024-08,352.51,Pro,NA
C00299,2023-06,2024-09,352.51,Pro,NA
C00299,2023-06,2024-10,352.51,Pro,NA
C00299,2023-06,2024-11,352.51,Pro,NA
C00299,2023-06,2024-12,352.51,Pro,NA
C00300,2023-06,2023-06,50.0,Starter,EMEA
C00300,2023-06,2023-07,60.0,Starter,EMEA
C00300,2023-06,2023-08,60.0,Starter,EMEA
C00300,2023-06,2023-09,60.0,Starter,EMEA
C00300,2023-06,2023-10,60.0,Starter,EMEA
C00300,2023-06,2023-11,60.0,Starter,EMEA
C00300,2023-06,2023-12,60.0,Starter,EMEA
C00300,2023-06,2024-01,72.0,Starter,EMEA
C00300,2023-06,2024-02,86.4,Starter,EMEA
C00301,2023-06,2023-06,50.0,Starter,EMEA
C00301,2023-06,2023-07,50.0,Starter,EMEA
C00301,2023-06,2023-08,60.0,Starter,EMEA
C00301,2023-06,2023-09,60.0,Starter,EMEA
C00301,2023-06,2023-10,72.0,Starter,EMEA
C00301,2023-06,2023-11,72.0,Starter,EMEA
C00301,2023-06,2023-12,86.4,Starter,EMEA
C00301,2023-06,2024-01,103.68,Starter,EMEA
C00301,2023-06,2024-02,103.68,Starter,EMEA
C00301,2023-06,2024-03,103.68,Starter,EMEA
C00301,2023-06,2024-04,103.68,Starter,EMEA
C00301,2023-06,2024-05,103.68,Starter,EMEA
C00301,2023-06,2024-06,103.68,Starter,EMEA
C00301,2023-06,2024-07,124.42,Starter,EMEA
C00301,2023-06,2024-08,124.42,Starter,EMEA
C00301,2023-06,2024-09,149.3,Starter,EMEA
C00301,2023-06,2024-10,149.3,Starter,EMEA
C00301,2023-06,2024-11,149.3,Starter,EMEA
C00301,2023-06,2024-12,179.16,Starter,EMEA
C00302,2023-06,2023-06,50.0,Starter,LATAM
C00302,2023-06,2023-07,50.0,Starter,LATAM
C00302,2023-06,2023-08,50.0,Starter,LATAM
C00302,2023-06,2023-09,60.0,Starter,LATAM
C00302,2023-06,2023-10,72.0,Starter,LATAM
C00302,2023-06,2023-11,72.0,Starter,LATAM
C00302,2023-06,2023-12,72.0,Starter,LATAM
C00302,2023-06,2024-01,72.0,Starter,LATAM
C00302,2023-06,2024-02,72.0,Starter,LATAM
C00302,2023-06,2024-03,86.4,Starter,LATAM
C00302,2023-06,2024-04,103.68,Starter,LATAM
C00302,2023-06,2024-05,103.68,Starter,LATAM
C00302,2023-06,2024-06,103.68,Starter,LATAM
C00302,2023-06,2024-07,124.42,Starter,LATAM
C00302,2023-06,2024-08,124.42,Starter,LATAM
C00302,2023-06,2024-09,124.42,Starter,LATAM
C00302,2023-06,2024-10,124.42,Starter,LATAM
C00303,2023-06,2023-06,50.0,Starter,EMEA
C00303,2023-06,2023-07,50.0,Starter,EMEA
C00303,2023-06,2023-08,50.0,Starter,EMEA
C00303,2023-06,2023-09,50.0,Starter,EMEA
C00303,2023-06,2023-10,60.0,Starter,EMEA
C00304,2023-06,2023-06,200.0,Pro,NA
C00304,2023-06,2023-07,240.0,Pro,NA
C00305,2023-06,2023-06,50.0,Starter,EMEA
C00305,2023-06,2023-07,50.0,Starter,EMEA
C00305,2023-06,2023-08,50.0,Starter,EMEA
C00305,2023-06,2023-09,50.0,Starter,EMEA
C00305,2023-06,2023-10,50.0,Starter,EMEA
C00305,2023-06,2023-11,50.0,Starter,EMEA
C00305,2023-06,2023-12,50.0,Starter,EMEA
C00305,2023-06,2024-01,50.0,Starter,EMEA
C00305,2023-06,2024-02,60.0,Starter,EMEA
C00305,2023-06,2024-03,60.0,Starter,EMEA
C00305,2023-06,2024-04,60.0,Starter,EMEA
C00305,2023-06,2024-05,60.0,Starter,EMEA
C00305,2023-06,2024-06,72.0,Starter,EMEA
C00305,2023-06,2024-07,72.0,Starter,EMEA
C00305,2023-06,2024-08,72.0,Starter,EMEA
C00305,2023-06,2024-09,86.4,Starter,EMEA
C00305,2023-06,2024-10,86.4,Starter,EMEA
C00305,2023-06,2024-11,103.68,Starter,EMEA
C00305,2023-06,2024-12,103.68,Starter,EMEA
C00306,2023-06,2023-06,800.0,Enterprise,NA
C00306,2023-06,2023-07,800.0,Enterprise,NA
C00306,2023-06,2023-08,800.0,Enterprise,NA
C00306,2023-06,2023-09,800.0,Enterprise,NA
C00306,2023-06,2023-10,800.0,Enterprise,NA
C00306,2023-06,2023-11,800.0,Enterprise,NA
C00306,2023-06,2023-12,800.0,Enterprise,NA
C00306,2023-06,2024-01,800.0,Enterprise,NA
C00306,2023-06,2024-02,960.0,Enterprise,NA
C00306,2023-06,2024-03,960.0,Enterprise,NA
C00306,2023-06,2024-04,960.0,Enterprise,NA
C00306,2023-06,2024-05,1152.0,Enterprise,NA
C00306,2023-06,2024-06,1382.4,Enterprise,NA
C00306,2023-06,2024-07,1658.88,Enterprise,NA
C00306,2023-06,2024-08,1990.66,Enterprise,NA
C00306,2023-06,2024-09,2388.79,Enterprise,NA
C00306,2023-06,2024-10,2388.79,Enterprise,NA
C00306,2023-06,2024-11,2388.79,Enterprise,NA
C00306,2023-06,2024-12,2388.79,Enterprise,NA
C00307,2023-06,2023-06,200.0,Pro,NA
C00308,2023-06,2023-06,50.0,Starter,APAC
C00308,2023-06,2023-07,60.0,Starter,APAC
C00308,2023-06,2023-08,60.0,Starter,APAC
C00309,2023-06,2023-06,50.0,Starter,NA
C00309,2023-06,2023-07,50.0,Starter,NA
C00309,2023-06,2023-08,60.0,Starter,NA
C00309,2023-06,2023-09,60.0,Starter,NA
C00309,2023-06,2023-10,60.0,Starter,NA
C00309,2023-06,2023-11,60.0,Starter,NA
C00309,2023-06,2023-12,72.0,Starter,NA
C00309,2023-06,2024-01,72.0,Starter,NA
C00309,2023-06,2024-02,86.4,Starter,NA
C00309,2023-06,2024-03,86.4,Starter,NA
C00309,2023-06,2024-04,86.4,Starter,NA
C00309,2023-06,2024-05,86.4,Starter,NA
C00309,2023-06,2024-06,86.4,Starter,NA
C00309,2023-06,2024-07,73.44,Starter,NA
C00309,2023-06,2024-08,88.13,Starter,NA
C00309,2023-06,2024-09,88.13,Starter,NA
C00309,2023-06,2024-10,88.13,Starter,NA
C00309,2023-06,2024-11,74.91,Starter,NA
C00309,2023-06,2024-12,89.89,Starter,NA
C00310,2023-06,2023-06,50.0,Starter,NA
C00310,2023-06,2023-07,50.0,Starter,NA
C00310,2023-06,2023-08,50.0,Starter,NA
C00310,2023-06,2023-09,60.0,Starter,NA
C00310,2023-06,2023-10,72.0,Starter,NA
C00310,2023-06,2023-11,72.0,Starter,NA
C00310,2023-06,2023-12,72.0,Starter,NA
C00310,2023-06,2024-01,72.0,Starter,NA
C00310,2023-06,2024-02,72.0,Starter,NA
C00310,2023-06,2024-03,72.0,Starter,NA
C00310,2023-06,2024-04,72.0,Starter,NA
C00310,2023-06,2024-05,86.4,Starter,NA
C00310,2023-06,2024-06,103.68,Starter,NA
C00310,2023-06,2024-07,103.68,Starter,NA
C00310,2023-06,2024-08,103.68,Starter,NA
C00311,2023-06,2023-06,50.0,Starter,EMEA
C00311,2023-06,2023-07,50.0,Starter,EMEA
C00311,2023-06,2023-08,50.0,Starter,EMEA
C00311,2023-06,2023-09,50.0,Starter,EMEA
C00311,2023-06,2023-10,60.0,Starter,EMEA
C00311,2023-06,2023-11,60.0,Starter,EMEA
C00311,2023-06,2023-12,60.0,Starter,EMEA
C00311,2023-06,2024-01,60.0,Starter,EMEA
C00311,2023-06,2024-02,60.0,Starter,EMEA
C00311,2023-06,2024-03,72.0,Starter,EMEA
C00311,2023-06,2024-04,72.0,Starter,EMEA
C00311,2023-06,2024-05,86.4,Starter,EMEA
C00311,2023-06,2024-06,86.4,Starter,EMEA
C00311,2023-06,2024-07,86.4,Starter,EMEA
C00311,2023-06,2024-08,86.4,Starter,EMEA
C00311,2023-06,2024-09,86.4,Starter,EMEA
C00311,2023-06,2024-10,86.4,Starter,EMEA
C00311,2023-06,2024-11,86.4,Starter,EMEA
C00311,2023-06,2024-12,86.4,Starter,EMEA
C00312,2023-06,2023-06,50.0,Starter,LATAM
C00312,2023-06,2023-07,50.0,Starter,LATAM
C00312,2023-06,2023-08,50.0,Starter,LATAM
C00312,2023-06,2023-09,50.0,Starter,LATAM
C00312,2023-06,2023-10,50.0,Starter,LATAM
C00312,2023-06,2023-11,50.0,Starter,LATAM
C00312,2023-06,2023-12,50.0,Starter,LATAM
C00312,2023-06,2024-01,50.0,Starter,LATAM
C00312,2023-06,2024-02,60.0,Starter,LATAM
C00312,2023-06,2024-03,60.0,Starter,LATAM
C00312,2023-06,2024-04,60.0,Starter,LATAM
C00312,2023-06,2024-05,60.0,Starter,LATAM
C00312,2023-06,2024-06,60.0,Starter,LATAM
C00312,2023-06,2024-07,51.0,Starter,LATAM
C00312,2023-06,2024-08,51.0,Starter,LATAM
C00312,2023-06,2024-09,61.2,Starter,LATAM
C00312,2023-06,2024-10,61.2,Starter,LATAM
C00312,2023-06,2024-11,61.2,Starter,LATAM
C00312,2023-06,2024-12,61.2,Starter,LATAM
C00313,2023-06,2023-06,200.0,Pro,LATAM
C00313,2023-06,2023-07,200.0,Pro,LATAM
C00313,2023-06,2023-08,200.0,Pro,LATAM
C00313,2023-06,2023-09,200.0,Pro,LATAM
C00313,2023-06,2023-10,240.0,Pro,LATAM
C00313,2023-06,2023-11,288.0,Pro,LATAM
C00313,2023-06,2023-12,288.0,Pro,LATAM
C00313,2023-06,2024-01,288.0,Pro,LATAM
C00313,2023-06,2024-02,288.0,Pro,LATAM
C00313,2023-06,2024-03,288.0,Pro,LATAM
C00313,2023-06,2024-04,288.0,Pro,LATAM
C00313,2023-06,2024-05,288.0,Pro,LATAM
C00313,2023-06,2024-06,288.0,Pro,LATAM
C00313,2023-06,2024-07,345.6,Pro,LATAM
C00313,2023-06,2024-08,293.76,Pro,LATAM
C00313,2023-06,2024-09,293.76,Pro,LATAM
C00313,2023-06,2024-10,293.76,Pro,LATAM
C00313,2023-06,2024-11,352.51,Pro,LATAM
C00313,2023-06,2024-12,352.51,Pro,LATAM
C00314,2023-06,2023-06,50.0,Starter,EMEA
C00314,2023-06,2023-07,50.0,Starter,EMEA
C00315,2023-06,2023-06,800.0,Enterprise,NA
C00315,2023-06,2023-07,800.0,Enterprise,NA
C00315,2023-06,2023-08,800.0,Enterprise,NA
C00315,2023-06,2023-09,800.0,Enterprise,NA
C00315,2023-06,2023-10,800.0,Enterprise,NA
C00315,2023-06,2023-11,800.0,Enterprise,NA
C00315,2023-06,2023-12,800.0,Enterprise,NA
C00315,2023-06,2024-01,800.0,Enterprise,NA
C00315,2023-06,2024-02,800.0,Enterprise,NA
C00315,2023-06,2024-03,680.0,Enterprise,NA
C00315,2023-06,2024-04,816.0,Enterprise,NA
C00315,2023-06,2024-05,816.0,Enterprise,NA
C00315,2023-06,2024-06,816.0,Enterprise,NA
C00315,2023-06,2024-07,816.0,Enterprise,NA
C00316,2023-06,2023-06,50.0,Starter,NA
C00316,2023-06,2023-07,50.0,Starter,NA
C00316,2023-06,2023-08,50.0,Starter,NA
C00316,2023-06,2023-09,60.0,Starter,NA
C00316,2023-06,2023-10,60.0,Starter,NA
C00317,2023-06,2023-06,200.0,Pro,APAC
C00317,2023-06,2023-07,200.0,Pro,APAC
C00317,2023-06,2023-08,240.0,Pro,APAC
C00317,2023-06,2023-09,240.0,Pro,APAC
C00317,2023-06,2023-10,240.0,Pro,APAC
C00317,2023-06,2023-11,240.0,Pro,APAC
C00317,2023-06,2023-12,288.0,Pro,APAC
C00317,2023-06,2024-01,288.0,Pro,APAC
C00317,2023-06,2024-02,288.0,Pro,APAC
C00317,2023-06,2024-03,288.0,Pro,APAC
C00317,2023-06,2024-04,244.8,Pro,APAC
C00317,2023-06,2024-05,244.8,Pro,APAC
C00317,2023-06,2024-06,244.8,Pro,APAC
C00317,2023-06,2024-07,244.8,Pro,APAC
C00318,2023-06,2023-06,50.0,Starter,EMEA
C00318,2023-06,2023-07,50.0,Starter,EMEA
C00318,2023-06,2023-08,60.0,Starter,EMEA
C00319,2023-06,2023-06,200.0,Pro,NA
C00319,2023-06,2023-07,200.0,Pro,NA
C00319,2023-06,2023-08,200.0,Pro,NA
C00319,2023-06,2023-09,240.0,Pro,NA
C00319,2023-06,2023-10,240.0,Pro,NA
C00319,2023-06,2023-11,288.0,Pro,NA
C00319,2023-06,2023-12,288.0,Pro,NA
C00319,2023-06,2024-01,288.0,Pro,NA
C00319,2023-06,2024-02,288.0,Pro,NA
C00319,2023-06,2024-03,288.0,Pro,NA
C00319,2023-06,2024-04,288.0,Pro,NA
C00319,2023-06,2024-05,288.0,Pro,NA
C00319,2023-06,2024-06,288.0,Pro,NA
C00319,2023-06,2024-07,288.0,Pro,NA
C00319,2023-06,2024-08,345.6,Pro,NA
C00319,2023-06,2024-09,345.6,Pro,NA
C00319,2023-06,2024-10,345.6,Pro,NA
C00319,2023-06,2024-11,345.6,Pro,NA
C00319,2023-06,2024-12,345.6,Pro,NA
C00320,2023-06,2023-06,200.0,Pro,LATAM
C00320,2023-06,2023-07,240.0,Pro,LATAM
C00320,2023-06,2023-08,240.0,Pro,LATAM
C00320,2023-06,2023-09,240.0,Pro,LATAM
C00320,2023-06,2023-10,240.0,Pro,LATAM
C00320,2023-06,2023-11,240.0,Pro,LATAM
C00320,2023-06,2023-12,240.0,Pro,LATAM
C00320,2023-06,2024-01,240.0,Pro,LATAM
C00320,2023-06,2024-02,240.0,Pro,LATAM
C00320,2023-06,2024-03,204.0,Pro,LATAM
C00320,2023-06,2024-04,204.0,Pro,LATAM
C00320,2023-06,2024-05,204.0,Pro,LATAM
C00320,2023-06,2024-06,204.0,Pro,LATAM
C00320,2023-06,2024-07,244.8,Pro,LATAM
C00320,2023-06,2024-08,244.8,Pro,LATAM
C00320,2023-06,2024-09,244.8,Pro,LATAM
C00320,2023-06,2024-10,244.8,Pro,LATAM
C00320,2023-06,2024-11,244.8,Pro,LATAM
C00320,2023-06,2024-12,244.8,Pro,LATAM
C00321,2023-06,2023-06,200.0,Pro,NA
C00321,2023-06,2023-07,240.0,Pro,NA
C00321,2023-06,2023-08,240.0,Pro,NA
C00321,2023-06,2023-09,240.0,Pro,NA
C00321,2023-06,2023-10,288.0,Pro,NA
C00321,2023-06,2023-11,288.0,Pro,NA
C00321,2023-06,2023-12,345.6,Pro,NA
C00321,2023-06,2024-01,345.6,Pro,NA
C00321,2023-06,2024-02,414.72,Pro,NA
C00321,2023-06,2024-03,414.72,Pro,NA
C00321,2023-06,2024-04,414.72,Pro,NA
C00321,2023-06,2024-05,497.66,Pro,NA
C00321,2023-06,2024-06,497.66,Pro,NA
C00321,2023-06,2024-07,497.66,Pro,NA
C00321,2023-06,2024-08,597.2,Pro,NA
C00321,2023-06,2024-09,597.2,Pro,NA
C00321,2023-06,2024-10,597.2,Pro,NA
C00321,2023-06,2024-11,716.64,Pro,NA
C00321,2023-06,2024-12,716.64,Pro,NA
C00322,2023-06,2023-06,800.0,Enterprise,LATAM
C00322,2023-06,2023-07,960.0,Enterprise,LATAM
C00322,2023-06,2023-08,960.0,Enterprise,LATAM
C00322,2023-06,2023-09,960.0,Enterprise,LATAM
C00322,2023-06,2023-10,960.0,Enterprise,LATAM
C00322,2023-06,2023-11,960.0,Enterprise,LATAM
C00322,2023-06,2023-12,960.0,Enterprise,LATAM
C00322,2023-06,2024-01,960.0,Enterprise,LATAM
C00322,2023-06,2024-02,960.0,Enterprise,LATAM
C00322,2023-06,2024-03,960.0,Enterprise,LATAM
C00322,2023-06,2024-04,960.0,Enterprise,LATAM
C00322,2023-06,2024-05,960.0,Enterprise,LATAM
C00322,2023-06,2024-06,960.0,Enterprise,LATAM
C00322,2023-06,2024-07,1152.0,Enterprise,LATAM
C00322,2023-06,2024-08,1152.0,Enterprise,LATAM
C00322,2023-06,2024-09,1152.0,Enterprise,LATAM
C00322,2023-06,2024-10,1152.0,Enterprise,LATAM
C00322,2023-06,2024-11,1152.0,Enterprise,LATAM
C00322,2023-06,2024-12,1152.0,Enterprise,LATAM
C00323,2023-06,2023-06,50.0,Starter,APAC
C00323,2023-06,2023-07,50.0,Starter,APAC
C00323,2023-06,2023-08,50.0,Starter,APAC
C00323,2023-06,2023-09,50.0,Starter,APAC
C00323,2023-06,2023-10,60.0,Starter,APAC
C00323,2023-06,2023-11,72.0,Starter,APAC
C00323,2023-06,2023-12,72.0,Starter,APAC
C00323,2023-06,2024-01,72.0,Starter,APAC
C00323,2023-06,2024-02,72.0,Starter,APAC
C00323,2023-06,2024-03,86.4,Starter,APAC
C00323,2023-06,2024-04,86.4,Starter,APAC
C00323,2023-06,2024-05,86.4,Starter,APAC
C00323,2023-06,2024-06,86.4,Starter,APAC
C00323,2023-06,2024-07,86.4,Starter,APAC
C00323,2023-06,2024-08,86.4,Starter,APAC
C00323,2023-06,2024-09,73.44,Starter,APAC
C00323,2023-06,2024-10,73.44,Starter,APAC
C00323,2023-06,2024-11,73.44,Starter,APAC
C00323,2023-06,2024-12,73.44,Starter,APAC
C00324,2023-06,2023-06,200.0,Pro,EMEA
C00324,2023-06,2023-07,200.0,Pro,EMEA
C00324,2023-06,2023-08,200.0,Pro,EMEA
C00324,2023-06,2023-09,200.0,Pro,EMEA
C00324,2023-06,2023-10,200.0,Pro,EMEA
C00324,2023-06,2023-11,240.0,Pro,EMEA
C00324,2023-06,2023-12,240.0,Pro,EMEA
C00324,2023-06,2024-01,240.0,Pro,EMEA
C00324,2023-06,2024-02,240.0,Pro,EMEA
C00324,2023-06,2024-03,240.0,Pro,EMEA
C00324,2023-06,2024-04,240.0,Pro,EMEA
C00324,2023-06,2024-05,240.0,Pro,EMEA
C00324,2023-06,2024-06,240.0,Pro,EMEA
C00324,2023-06,2024-07,240.0,Pro,EMEA
C00324,2023-06,2024-08,240.0,Pro,EMEA
C00324,2023-06,2024-09,240.0,Pro,EMEA
C00324,2023-06,2024-10,240.0,Pro,EMEA
C00324,2023-06,2024-11,240.0,Pro,EMEA
C00324,2023-06,2024-12,240.0,Pro,EMEA
C00325,2023-06,2023-06,50.0,Starter,NA
C00325,2023-06,2023-07,50.0,Starter,NA
C00325,2023-06,2023-08,50.0,Starter,NA
C00325,2023-06,2023-09,50.0,Starter,NA
C00325,2023-06,2023-10,60.0,Starter,NA
C00325,2023-06,2023-11,51.0,Starter,NA
C00325,2023-06,2023-12,51.0,Starter,NA
C00325,2023-06,2024-01,51.0,Starter,NA
C00325,2023-06,2024-02,51.0,Starter,NA
C00325,2023-06,2024-03,61.2,Starter,NA
C00325,2023-06,2024-04,61.2,Starter,NA
C00325,2023-06,2024-05,61.2,Starter,NA
C00325,2023-06,2024-06,61.2,Starter,NA
C00325,2023-06,2024-07,61.2,Starter,NA
C00325,2023-06,2024-08,61.2,Starter,NA
C00325,2023-06,2024-09,61.2,Starter,NA
C00325,2023-06,2024-10,73.44,Starter,NA
C00325,2023-06,2024-11,73.44,Starter,NA
C00325,2023-06,2024-12,73.44,Starter,NA
C00326,2023-06,2023-06,200.0,Pro,APAC
C00326,2023-06,2023-07,240.0,Pro,APAC
C00326,2023-06,2023-08,204.0,Pro,APAC
C00326,2023-06,2023-09,204.0,Pro,APAC
C00326,2023-06,2023-10,204.0,Pro,APAC
C00326,2023-06,2023-11,204.0,Pro,APAC
C00326,2023-06,2023-12,204.0,Pro,APAC
C00326,2023-06,2024-01,204.0,Pro,APAC
C00326,2023-06,2024-02,204.0,Pro,APAC
C00326,2023-06,2024-03,244.8,Pro,APAC
C00326,2023-06,2024-04,293.76,Pro,APAC
C00326,2023-06,2024-05,352.51,Pro,APAC
C00326,2023-06,2024-06,352.51,Pro,APAC
C00326,2023-06,2024-07,352.51,Pro,APAC
C00326,2023-06,2024-08,352.51,Pro,APAC
C00326,2023-06,2024-09,352.51,Pro,APAC
C00326,2023-06,2024-10,352.51,Pro,APAC
C00326,2023-06,2024-11,352.51,Pro,APAC
C00326,2023-06,2024-12,352.51,Pro,APAC
C00327,2023-06,2023-06,50.0,Starter,LATAM
C00327,2023-06,2023-07,60.0,Starter,LATAM
C00327,2023-06,2023-08,60.0,Starter,LATAM
C00327,2023-06,2023-09,60.0,Starter,LATAM
C00327,2023-06,2023-10,60.0,Starter,LATAM
C00327,2023-06,2023-11,60.0,Starter,LATAM
C00327,2023-06,2023-12,60.0,Starter,LATAM
C00327,2023-06,2024-01,60.0,Starter,LATAM
C00327,2023-06,2024-02,60.0,Starter,LATAM
C00327,2023-06,2024-03,60.0,Starter,LATAM
C00327,2023-06,2024-04,51.0,Starter,LATAM
C00327,2023-06,2024-05,43.35,Starter,LATAM
C00327,2023-06,2024-06,43.35,Starter,LATAM
C00327,2023-06,2024-07,43.35,Starter,LATAM
C00327,2023-06,2024-08,43.35,Starter,LATAM
C00327,2023-06,2024-09,52.02,Starter,LATAM
C00327,2023-06,2024-10,52.02,Starter,LATAM
C00327,2023-06,2024-11,62.42,Starter,LATAM
C00327,2023-06,2024-12,62.42,Starter,LATAM
C00328,2023-06,2023-06,50.0,Starter,EMEA
C00328,2023-06,2023-07,50.0,Starter,EMEA
C00328,2023-06,2023-08,50.0,Starter,EMEA
C00328,2023-06,2023-09,50.0,Starter,EMEA
C00328,2023-06,2023-10,60.0,Starter,EMEA
C00328,2023-06,2023-11,60.0,Starter,EMEA
C00328,2023-06,2023-12,60.0,Starter,EMEA
C00328,2023-06,2024-01,72.0,Starter,EMEA
C00328,2023-06,2024-02,61.2,Starter,EMEA
C00328,2023-06,2024-03,61.2,Starter,EMEA
C00328,2023-06,2024-04,73.44,Starter,EMEA
C00328,2023-06,2024-05,73.44,Starter,EMEA
C00328,2023-06,2024-06,73.44,Starter,EMEA
C00328,2023-06,2024-07,73.44,Starter,EMEA
C00328,2023-06,2024-08,73.44,Starter,EMEA
C00328,2023-06,2024-09,73.44,Starter,EMEA
C00328,2023-06,2024-10,73.44,Starter,EMEA
C00328,2023-06,2024-11,88.13,Starter,EMEA
C00328,2023-06,2024-12,88.13,Starter,EMEA
C00329,2023-06,2023-06,50.0,Starter,LATAM
C00329,2023-06,2023-07,42.5,Starter,LATAM
C00329,2023-06,2023-08,42.5,Starter,LATAM
C00329,2023-06,2023-09,42.5,Starter,LATAM
C00329,2023-06,2023-10,42.5,Starter,LATAM
C00329,2023-06,2023-11,42.5,Starter,LATAM
C00329,2023-06,2023-12,42.5,Starter,LATAM
C00329,2023-06,2024-01,42.5,Starter,LATAM
C00329,2023-06,2024-02,42.5,Starter,LATAM
C00329,2023-06,2024-03,51.0,Starter,LATAM
C00329,2023-06,2024-04,51.0,Starter,LATAM
C00329,2023-06,2024-05,51.0,Starter,LATAM
C00329,2023-06,2024-06,43.35,Starter,LATAM
C00329,2023-06,2024-07,43.35,Starter,LATAM
C00329,2023-06,2024-08,43.35,Starter,LATAM
C00329,2023-06,2024-09,43.35,Starter,LATAM
C00329,2023-06,2024-10,43.35,Starter,LATAM
C00329,2023-06,2024-11,43.35,Starter,LATAM
C00329,2023-06,2024-12,43.35,Starter,LATAM
C00330,2023-06,2023-06,50.0,Starter,NA
C00330,2023-06,2023-07,50.0,Starter,NA
C00330,2023-06,2023-08,50.0,Starter,NA
C00330,2023-06,2023-09,60.0,Starter,NA
C00330,2023-06,2023-10,60.0,Starter,NA
C00330,2023-06,2023-11,60.0,Starter,NA
C00330,2023-06,2023-12,60.0,Starter,NA
C00330,2023-06,2024-01,60.0,Starter,NA
C00330,2023-06,2024-02,60.0,Starter,NA
C00330,2023-06,2024-03,60.0,Starter,NA
C00330,2023-06,2024-04,72.0,Starter,NA
C00330,2023-06,2024-05,72.0,Starter,NA
C00330,2023-06,2024-06,72.0,Starter,NA
C00330,2023-06,2024-07,72.0,Starter,NA
C00330,2023-06,2024-08,72.0,Starter,NA
C00330,2023-06,2024-09,72.0,Starter,NA
C00330,2023-06,2024-10,72.0,Starter,NA
C00330,2023-06,2024-11,72.0,Starter,NA
C00330,2023-06,2024-12,72.0,Starter,NA
C00331,2023-06,2023-06,50.0,Starter,NA
C00331,2023-06,2023-07,50.0,Starter,NA
C00331,2023-06,2023-08,50.0,Starter,NA
C00331,2023-06,2023-09,50.0,Starter,NA
C00332,2023-06,2023-06,200.0,Pro,LATAM
C00332,2023-06,2023-07,200.0,Pro,LATAM
C00332,2023-06,2023-08,200.0,Pro,LATAM
C00332,2023-06,2023-09,200.0,Pro,LATAM
C00332,2023-06,2023-10,200.0,Pro,LATAM
C00332,2023-06,2023-11,240.0,Pro,LATAM
C00332,2023-06,2023-12,240.0,Pro,LATAM
C00332,2023-06,2024-01,240.0,Pro,LATAM
C00332,2023-06,2024-02,204.0,Pro,LATAM
C00332,2023-06,2024-03,204.0,Pro,LATAM
C00332,2023-06,2024-04,204.0,Pro,LATAM
C00332,2023-06,2024-05,204.0,Pro,LATAM
C00332,2023-06,2024-06,204.0,Pro,LATAM
C00332,2023-06,2024-07,244.8,Pro,LATAM
C00332,2023-06,2024-08,244.8,Pro,LATAM
C00332,2023-06,2024-09,244.8,Pro,LATAM
C00332,2023-06,2024-10,244.8,Pro,LATAM
C00332,2023-06,2024-11,244.8,Pro,LATAM
C00332,2023-06,2024-12,244.8,Pro,LATAM
C00333,2023-06,2023-06,50.0,Starter,NA
C00333,2023-06,2023-07,50.0,Starter,NA
C00333,2023-06,2023-08,50.0,Starter,NA
C00333,2023-06,2023-09,50.0,Starter,NA
C00333,2023-06,2023-10,50.0,Starter,NA
C00333,2023-06,2023-11,50.0,Starter,NA
C00333,2023-06,2023-12,42.5,Starter,NA
C00333,2023-06,2024-01,42.5,Starter,NA
C00333,2023-06,2024-02,51.0,Starter,NA
C00333,2023-06,2024-03,51.0,Starter,NA
C00333,2023-06,2024-04,51.0,Starter,NA
C00333,2023-06,2024-05,51.0,Starter,NA
C00333,2023-06,2024-06,51.0,Starter,NA
C00333,2023-06,2024-07,51.0,Starter,NA
C00333,2023-06,2024-08,43.35,Starter,NA
C00333,2023-06,2024-09,43.35,Starter,NA
C00333,2023-06,2024-10,43.35,Starter,NA
C00333,2023-06,2024-11,52.02,Starter,NA
C00333,2023-06,2024-12,52.02,Starter,NA
C00334,2023-06,2023-06,50.0,Starter,APAC
C00334,2023-06,2023-07,50.0,Starter,APAC
C00334,2023-06,2023-08,42.5,Starter,APAC
C00334,2023-06,2023-09,42.5,Starter,APAC
C00334,2023-06,2023-10,42.5,Starter,APAC
C00334,2023-06,2023-11,42.5,Starter,APAC
C00334,2023-06,2023-12,51.0,Starter,APAC
C00334,2023-06,2024-01,51.0,Starter,APAC
C00334,2023-06,2024-02,61.2,Starter,APAC
C00334,2023-06,2024-03,61.2,Starter,APAC
C00334,2023-06,2024-04,61.2,Starter,APAC
C00334,2023-06,2024-05,61.2,Starter,APAC
C00334,2023-06,2024-06,61.2,Starter,APAC
C00334,2023-06,2024-07,61.2,Starter,APAC
C00334,2023-06,2024-08,61.2,Starter,APAC
C00334,2023-06,2024-09,61.2,Starter,APAC
C00334,2023-06,2024-10,61.2,Starter,APAC
C00334,2023-06,2024-11,61.2,Starter,APAC
C00334,2023-06,2024-12,61.2,Starter,APAC
C00335,2023-06,2023-06,200.0,Pro,EMEA
C00335,2023-06,2023-07,200.0,Pro,EMEA
C00335,2023-06,2023-08,200.0,Pro,EMEA
C00335,2023-06,2023-09,200.0,Pro,EMEA
C00335,2023-06,2023-10,200.0,Pro,EMEA
C00335,2023-06,2023-11,200.0,Pro,EMEA
C00335,2023-06,2023-12,200.0,Pro,EMEA
C00335,2023-06,2024-01,200.0,Pro,EMEA
C00335,2023-06,2024-02,200.0,Pro,EMEA
C00335,2023-06,2024-03,200.0,Pro,EMEA
C00335,2023-06,2024-04,200.0,Pro,EMEA
C00335,2023-06,2024-05,240.0,Pro,EMEA
C00335,2023-06,2024-06,240.0,Pro,EMEA
C00335,2023-06,2024-07,240.0,Pro,EMEA
C00335,2023-06,2024-08,204.0,Pro,EMEA
C00335,2023-06,2024-09,204.0,Pro,EMEA
C00335,2023-06,2024-10,204.0,Pro,EMEA
C00335,2023-06,2024-11,204.0,Pro,EMEA
C00335,2023-06,2024-12,204.0,Pro,EMEA
C00336,2023-06,2023-06,50.0,Starter,NA
C00336,2023-06,2023-07,50.0,Starter,NA
C00336,2023-06,2023-08,50.0,Starter,NA
C00336,2023-06,2023-09,50.0,Starter,NA
C00336,2023-06,2023-10,60.0,Starter,NA
C00336,2023-06,2023-11,60.0,Starter,NA
C00336,2023-06,2023-12,60.0,Starter,NA
C00336,2023-06,2024-01,51.0,Starter,NA
C00336,2023-06,2024-02,51.0,Starter,NA
C00336,2023-06,2024-03,51.0,Starter,NA
C00336,2023-06,2024-04,51.0,Starter,NA
C00336,2023-06,2024-05,51.0,Starter,NA
C00336,2023-06,2024-06,51.0,Starter,NA
C00336,2023-06,2024-07,61.2,Starter,NA
C00336,2023-06,2024-08,73.44,Starter,NA
C00336,2023-06,2024-09,88.13,Starter,NA
C00336,2023-06,2024-10,88.13,Starter,NA
C00336,2023-06,2024-11,88.13,Starter,NA
C00336,2023-06,2024-12,88.13,Starter,NA
C00337,2023-06,2023-06,50.0,Starter,NA
C00337,2023-06,2023-07,50.0,Starter,NA
C00337,2023-06,2023-08,60.0,Starter,NA
C00337,2023-06,2023-09,60.0,Starter,NA
C00337,2023-06,2023-10,72.0,Starter,NA
C00337,2023-06,2023-11,72.0,Starter,NA
C00337,2023-06,2023-12,72.0,Starter,NA
C00337,2023-06,2024-01,72.0,Starter,NA
C00337,2023-06,2024-02,72.0,Starter,NA
C00337,2023-06,2024-03,72.0,Starter,NA
C00337,2023-06,2024-04,86.4,Starter,NA
C00337,2023-06,2024-05,86.4,Starter,NA
C00337,2023-06,2024-06,73.44,Starter,NA
C00337,2023-06,2024-07,73.44,Starter,NA
C00337,2023-06,2024-08,73.44,Starter,NA
C00337,2023-06,2024-09,73.44,Starter,NA
C00337,2023-06,2024-10,73.44,Starter,NA
C00337,2023-06,2024-11,73.44,Starter,NA
C00337,2023-06,2024-12,88.13,Starter,NA
C00338,2023-06,2023-06,50.0,Starter,NA
C00338,2023-06,2023-07,60.0,Starter,NA
C00338,2023-06,2023-08,60.0,Starter,NA
C00338,2023-06,2023-09,51.0,Starter,NA
C00338,2023-06,2023-10,51.0,Starter,NA
C00338,2023-06,2023-11,43.35,Starter,NA
C00338,2023-06,2023-12,36.85,Starter,NA
C00338,2023-06,2024-01,36.85,Starter,NA
C00338,2023-06,2024-02,36.85,Starter,NA
C00338,2023-06,2024-03,44.22,Starter,NA
C00338,2023-06,2024-04,44.22,Starter,NA
C00338,2023-06,2024-05,53.06,Starter,NA
C00338,2023-06,2024-06,53.06,Starter,NA
C00338,2023-06,2024-07,53.06,Starter,NA
C00338,2023-06,2024-08,53.06,Starter,NA
C00338,2023-06,2024-09,53.06,Starter,NA
C00338,2023-06,2024-10,53.06,Starter,NA
C00339,2023-06,2023-06,200.0,Pro,APAC
C00339,2023-06,2023-07,200.0,Pro,APAC
C00339,2023-06,2023-08,200.0,Pro,APAC
C00339,2023-06,2023-09,200.0,Pro,APAC
C00339,2023-06,2023-10,240.0,Pro,APAC
C00339,2023-06,2023-11,240.0,Pro,APAC
C00339,2023-06,2023-12,240.0,Pro,APAC
C00340,2023-06,2023-06,50.0,Starter,NA
C00340,2023-06,2023-07,50.0,Starter,NA
C00340,2023-06,2023-08,50.0,Starter,NA
C00340,2023-06,2023-09,60.0,Starter,NA
C00340,2023-06,2023-10,60.0,Starter,NA
C00340,2023-06,2023-11,60.0,Starter,NA
C00340,2023-06,2023-12,60.0,Starter,NA
C00340,2023-06,2024-01,60.0,Starter,NA
C00340,2023-06,2024-02,72.0,Starter,NA
C00340,2023-06,2024-03,72.0,Starter,NA
C00340,2023-06,2024-04,72.0,Starter,NA
C00340,2023-06,2024-05,72.0,Starter,NA
C00340,2023-06,2024-06,86.4,Starter,NA
C00340,2023-06,2024-07,103.68,Starter,NA
C00340,2023-06,2024-08,103.68,Starter,NA
C00340,2023-06,2024-09,103.68,Starter,NA
C00340,2023-06,2024-10,124.42,Starter,NA
C00340,2023-06,2024-11,149.3,Starter,NA
C00340,2023-06,2024-12,149.3,Starter,NA
C00341,2023-06,2023-06,200.0,Pro,EMEA
C00341,2023-06,2023-07,200.0,Pro,EMEA
C00341,2023-06,2023-08,200.0,Pro,EMEA
C00341,2023-06,2023-09,200.0,Pro,EMEA
C00341,2023-06,2023-10,200.0,Pro,EMEA
C00341,2023-06,2023-11,200.0,Pro,EMEA
C00341,2023-06,2023-12,200.0,Pro,EMEA
C00341,2023-06,2024-01,200.0,Pro,EMEA
C00341,2023-06,2024-02,200.0,Pro,EMEA
C00341,2023-06,2024-03,200.0,Pro,EMEA
C00341,2023-06,2024-04,200.0,Pro,EMEA
C00341,2023-06,2024-05,200.0,Pro,EMEA
C00341,2023-06,2024-06,200.0,Pro,EMEA
C00341,2023-06,2024-07,240.0,Pro,EMEA
C00341,2023-06,2024-08,240.0,Pro,EMEA
C00341,2023-06,2024-09,288.0,Pro,EMEA
C00341,2023-06,2024-10,288.0,Pro,EMEA
C00341,2023-06,2024-11,288.0,Pro,EMEA
C00341,2023-06,2024-12,345.6,Pro,EMEA
C00342,2023-06,2023-06,50.0,Starter,NA
C00342,2023-06,2023-07,60.0,Starter,NA
C00342,2023-06,2023-08,60.0,Starter,NA
C00342,2023-06,2023-09,60.0,Starter,NA
C00342,2023-06,2023-10,60.0,Starter,NA
C00342,2023-06,2023-11,60.0,Starter,NA
C00342,2023-06,2023-12,60.0,Starter,NA
C00342,2023-06,2024-01,72.0,Starter,NA
C00342,2023-06,2024-02,72.0,Starter,NA
C00342,2023-06,2024-03,72.0,Starter,NA
C00342,2023-06,2024-04,72.0,Starter,NA
C00342,2023-06,2024-05,72.0,Starter,NA
C00342,2023-06,2024-06,72.0,Starter,NA
C00342,2023-06,2024-07,72.0,Starter,NA
C00342,2023-06,2024-08,72.0,Starter,NA
C00342,2023-06,2024-09,86.4,Starter,NA
C00342,2023-06,2024-10,86.4,Starter,NA
C00342,2023-06,2024-11,86.4,Starter,NA
C00342,2023-06,2024-12,103.68,Starter,NA
C00343,2023-07,2023-07,50.0,Starter,EMEA
C00343,2023-07,2023-08,50.0,Starter,EMEA
C00343,2023-07,2023-09,50.0,Starter,EMEA
C00343,2023-07,2023-10,60.0,Starter,EMEA
C00343,2023-07,2023-11,60.0,Starter,EMEA
C00343,2023-07,2023-12,60.0,Starter,EMEA
C00343,2023-07,2024-01,60.0,Starter,EMEA
C00343,2023-07,2024-02,60.0,Starter,EMEA
C00343,2023-07,2024-03,72.0,Starter,EMEA
C00343,2023-07,2024-04,72.0,Starter,EMEA
C00343,2023-07,2024-05,72.0,Starter,EMEA
C00343,2023-07,2024-06,72.0,Starter,EMEA
C00343,2023-07,2024-07,72.0,Starter,EMEA
C00343,2023-07,2024-08,72.0,Starter,EMEA
C00343,2023-07,2024-09,72.0,Starter,EMEA
C00343,2023-07,2024-10,72.0,Starter,EMEA
C00343,2023-07,2024-11,86.4,Starter,EMEA
C00343,2023-07,2024-12,103.68,Starter,EMEA
C00344,2023-07,2023-07,50.0,Starter,EMEA
C00344,2023-07,2023-08,42.5,Starter,EMEA
C00344,2023-07,2023-09,42.5,Starter,EMEA
C00344,2023-07,2023-10,42.5,Starter,EMEA
C00344,2023-07,2023-11,42.5,Starter,EMEA
C00344,2023-07,2023-12,51.0,Starter,EMEA
C00344,2023-07,2024-01,51.0,Starter,EMEA
C00344,2023-07,2024-02,61.2,Starter,EMEA
C00344,2023-07,2024-03,73.44,Starter,EMEA
C00344,2023-07,2024-04,88.13,Starter,EMEA
C00344,2023-07,2024-05,88.13,Starter,EMEA
C00344,2023-07,2024-06,88.13,Starter,EMEA
C00344,2023-07,2024-07,88.13,Starter,EMEA
C00344,2023-07,2024-08,88.13,Starter,EMEA
C00344,2023-07,2024-09,88.13,Starter,EMEA
C00344,2023-07,2024-10,105.75,Starter,EMEA
C00344,2023-07,2024-11,126.9,Starter,EMEA
C00344,2023-07,2024-12,126.9,Starter,EMEA
C00345,2023-07,2023-07,50.0,Starter,APAC
C00345,2023-07,2023-08,50.0,Starter,APAC
C00345,2023-07,2023-09,60.0,Starter,APAC
C00345,2023-07,2023-10,60.0,Starter,APAC
C00345,2023-07,2023-11,72.0,Starter,APAC
C00345,2023-07,2023-12,72.0,Starter,APAC
C00345,2023-07,2024-01,72.0,Starter,APAC
C00345,2023-07,2024-02,72.0,Starter,APAC
C00345,2023-07,2024-03,86.4,Starter,APAC
C00345,2023-07,2024-04,86.4,Starter,APAC
C00345,2023-07,2024-05,86.4,Starter,APAC
C00345,2023-07,2024-06,86.4,Starter,APAC
C00345,2023-07,2024-07,86.4,Starter,APAC
C00345,2023-07,2024-08,86.4,Starter,APAC
C00345,2023-07,2024-09,86.4,Starter,APAC
C00345,2023-07,2024-10,103.68,Starter,APAC
C00345,2023-07,2024-11,103.68,Starter,APAC
C00345,2023-07,2024-12,124.42,Starter,APAC
C00346,2023-07,2023-07,50.0,Starter,EMEA
C00346,2023-07,2023-08,50.0,Starter,EMEA
C00346,2023-07,2023-09,50.0,Starter,EMEA
C00346,2023-07,2023-10,50.0,Starter,EMEA
C00346,2023-07,2023-11,50.0,Starter,EMEA
C00346,2023-07,2023-12,50.0,Starter,EMEA
C00346,2023-07,2024-01,50.0,Starter,EMEA
C00346,2023-07,2024-02,50.0,Starter,EMEA
C00346,2023-07,2024-03,50.0,Starter,EMEA
C00346,2023-07,2024-04,50.0,Starter,EMEA
C00346,2023-07,2024-05,50.0,Starter,EMEA
C00346,2023-07,2024-06,50.0,Starter,EMEA
C00347,2023-07,2023-07,50.0,Starter,NA
C00347,2023-07,2023-08,60.0,Starter,NA
C00347,2023-07,2023-09,60.0,Starter,NA
C00347,2023-07,2023-10,60.0,Starter,NA
C00347,2023-07,2023-11,60.0,Starter,NA
C00347,2023-07,2023-12,60.0,Starter,NA
C00347,2023-07,2024-01,60.0,Starter,NA
C00347,2023-07,2024-02,60.0,Starter,NA
C00347,2023-07,2024-03,72.0,Starter,NA
C00347,2023-07,2024-04,86.4,Starter,NA
C00347,2023-07,2024-05,86.4,Starter,NA
C00347,2023-07,2024-06,86.4,Starter,NA
C00347,2023-07,2024-07,86.4,Starter,NA
C00347,2023-07,2024-08,86.4,Starter,NA
C00347,2023-07,2024-09,86.4,Starter,NA
C00347,2023-07,2024-10,86.4,Starter,NA
C00347,2023-07,2024-11,86.4,Starter,NA
C00347,2023-07,2024-12,103.68,Starter,NA
C00348,2023-07,2023-07,200.0,Pro,NA
C00349,2023-07,2023-07,800.0,Enterprise,EMEA
C00349,2023-07,2023-08,800.0,Enterprise,EMEA
C00349,2023-07,2023-09,800.0,Enterprise,EMEA
C00349,2023-07,2023-10,800.0,Enterprise,EMEA
C00349,2023-07,2023-11,800.0,Enterprise,EMEA
C00350,2023-07,2023-07,200.0,Pro,NA
C00350,2023-07,2023-08,200.0,Pro,NA
C00350,2023-07,2023-09,240.0,Pro,NA
C00350,2023-07,2023-10,240.0,Pro,NA
C00350,2023-07,2023-11,240.0,Pro,NA
C00350,2023-07,2023-12,240.0,Pro,NA
C00350,2023-07,2024-01,288.0,Pro,NA
C00350,2023-07,2024-02,345.6,Pro,NA
C00350,2023-07,2024-03,345.6,Pro,NA
C00350,2023-07,2024-04,345.6,Pro,NA
C00350,2023-07,2024-05,345.6,Pro,NA
C00350,2023-07,2024-06,414.72,Pro,NA
C00350,2023-07,2024-07,414.72,Pro,NA
C00350,2023-07,2024-08,414.72,Pro,NA
C00350,2023-07,2024-09,497.66,Pro,NA
C00350,2023-07,2024-10,497.66,Pro,NA
C00350,2023-07,2024-11,597.2,Pro,NA
C00350,2023-07,2024-12,597.2,Pro,NA
C00351,2023-07,2023-07,200.0,Pro,NA
C00351,2023-07,2023-08,200.0,Pro,NA
C00351,2023-07,2023-09,200.0,Pro,NA
C00351,2023-07,2023-10,240.0,Pro,NA
C00351,2023-07,2023-11,240.0,Pro,NA
C00351,2023-07,2023-12,240.0,Pro,NA
C00351,2023-07,2024-01,240.0,Pro,NA
C00351,2023-07,2024-02,240.0,Pro,NA
C00351,2023-07,2024-03,204.0,Pro,NA
C00351,2023-07,2024-04,204.0,Pro,NA
C00351,2023-07,2024-05,204.0,Pro,NA
C00351,2023-07,2024-06,204.0,Pro,NA
C00351,2023-07,2024-07,204.0,Pro,NA
C00351,2023-07,2024-08,204.0,Pro,NA
C00351,2023-07,2024-09,244.8,Pro,NA
C00351,2023-07,2024-10,208.08,Pro,NA
C00351,2023-07,2024-11,208.08,Pro,NA
C00351,2023-07,2024-12,208.08,Pro,NA
C00352,2023-07,2023-07,200.0,Pro,LATAM
C00352,2023-07,2023-08,170.0,Pro,LATAM
C00352,2023-07,2023-09,144.5,Pro,LATAM
C00352,2023-07,2023-10,144.5,Pro,LATAM
C00352,2023-07,2023-11,144.5,Pro,LATAM
C00352,2023-07,2023-12,144.5,Pro,LATAM
C00352,2023-07,2024-01,144.5,Pro,LATAM
C00352,2023-07,2024-02,173.4,Pro,LATAM
C00352,2023-07,2024-03,208.08,Pro,LATAM
C00352,2023-07,2024-04,208.08,Pro,LATAM
C00352,2023-07,2024-05,249.7,Pro,LATAM
C00352,2023-07,2024-06,249.7,Pro,LATAM
C00352,2023-07,2024-07,299.64,Pro,LATAM
C00352,2023-07,2024-08,299.64,Pro,LATAM
C00352,2023-07,2024-09,299.64,Pro,LATAM
C00352,2023-07,2024-10,359.56,Pro,LATAM
C00352,2023-07,2024-11,431.47,Pro,LATAM
C00352,2023-07,2024-12,431.47,Pro,LATAM
C00353,2023-07,2023-07,50.0,Starter,EMEA
C00353,2023-07,2023-08,50.0,Starter,EMEA
C00353,2023-07,2023-09,50.0,Starter,EMEA
C00353,2023-07,2023-10,50.0,Starter,EMEA
C00353,2023-07,2023-11,50.0,Starter,EMEA
C00353,2023-07,2023-12,60.0,Starter,EMEA
C00353,2023-07,2024-01,60.0,Starter,EMEA
C00353,2023-07,2024-02,60.0,Starter,EMEA
C00353,2023-07,2024-03,60.0,Starter,EMEA
C00353,2023-07,2024-04,72.0,Starter,EMEA
C00353,2023-07,2024-05,72.0,Starter,EMEA
C00353,2023-07,2024-06,61.2,Starter,EMEA
C00353,2023-07,2024-07,61.2,Starter,EMEA
C00353,2023-07,2024-08,61.2,Starter,EMEA
C00353,2023-07,2024-09,61.2,Starter,EMEA
C00353,2023-07,2024-10,61.2,Starter,EMEA
C00353,2023-07,2024-11,61.2,Starter,EMEA
C00353,2023-07,2024-12,61.2,Starter,EMEA
C00354,2023-07,2023-07,200.0,Pro,NA
C00354,2023-07,2023-08,200.0,Pro,NA
C00354,2023-07,2023-09,200.0,Pro,NA
C00354,2023-07,2023-10,200.0,Pro,NA
C00354,2023-07,2023-11,200.0,Pro,NA
C00354,2023-07,2023-12,200.0,Pro,NA
C00354,2023-07,2024-01,200.0,Pro,NA
C00355,2023-07,2023-07,50.0,Starter,NA
C00355,2023-07,2023-08,50.0,Starter,NA
C00355,2023-07,2023-09,50.0,Starter,NA
C00355,2023-07,2023-10,50.0,Starter,NA
C00355,2023-07,2023-11,50.0,Starter,NA
C00355,2023-07,2023-12,42.5,Starter,NA
C00355,2023-07,2024-01,42.5,Starter,NA
C00355,2023-07,2024-02,36.12,Starter,NA
C00355,2023-07,2024-03,30.71,Starter,NA
C00355,2023-07,2024-04,30.71,Starter,NA
C00355,2023-07,2024-05,30.71,Starter,NA
C00355,2023-07,2024-06,30.71,Starter,NA
C00355,2023-07,2024-07,30.71,Starter,NA
C00355,2023-07,2024-08,26.1,Starter,NA
C00355,2023-07,2024-09,31.32,Starter,NA
C00355,2023-07,2024-10,31.32,Starter,NA
C00355,2023-07,2024-11,31.32,Starter,NA
C00355,2023-07,2024-12,31.32,Starter,NA
C00356,2023-07,2023-07,50.0,Starter,APAC
C00356,2023-07,2023-08,50.0,Starter,APAC
C00356,2023-07,2023-09,50.0,Starter,APAC
C00356,2023-07,2023-10,60.0,Starter,APAC
C00356,2023-07,2023-11,60.0,Starter,APAC
C00356,2023-07,2023-12,72.0,Starter,APAC
C00356,2023-07,2024-01,72.0,Starter,APAC
C00356,2023-07,2024-02,72.0,Starter,APAC
C00356,2023-07,2024-03,72.0,Starter,APAC
C00356,2023-07,2024-04,72.0,Starter,APAC
C00356,2023-07,2024-05,72.0,Starter,APAC
C00356,2023-07,2024-06,72.0,Starter,APAC
C00356,2023-07,2024-07,72.0,Starter,APAC
C00356,2023-07,2024-08,72.0,Starter,APAC
C00356,2023-07,2024-09,72.0,Starter,APAC
C00356,2023-07,2024-10,72.0,Starter,APAC
C00356,2023-07,2024-11,72.0,Starter,APAC
C00356,2023-07,2024-12,72.0,Starter,APAC
C00357,2023-07,2023-07,50.0,Starter,EMEA
C00357,2023-07,2023-08,50.0,Starter,EMEA
C00357,2023-07,2023-09,50.0,Starter,EMEA
C00357,2023-07,2023-10,50.0,Starter,EMEA
C00357,2023-07,2023-11,50.0,Starter,EMEA
C00357,2023-07,2023-12,60.0,Starter,EMEA
C00357,2023-07,2024-01,60.0,Starter,EMEA
C00357,2023-07,2024-02,60.0,Starter,EMEA
C00357,2023-07,2024-03,72.0,Starter,EMEA
C00357,2023-07,2024-04,72.0,Starter,EMEA
C00357,2023-07,2024-05,72.0,Starter,EMEA
C00357,2023-07,2024-06,72.0,Starter,EMEA
C00357,2023-07,2024-07,86.4,Starter,EMEA
C00357,2023-07,2024-08,86.4,Starter,EMEA
C00357,2023-07,2024-09,103.68,Starter,EMEA
C00357,2023-07,2024-10,103.68,Starter,EMEA
C00357,2023-07,2024-11,103.68,Starter,EMEA
C00358,2023-07,2023-07,200.0,Pro,NA
C00358,2023-07,2023-08,170.0,Pro,NA
C00358,2023-07,2023-09,170.0,Pro,NA
C00358,2023-07,2023-10,204.0,Pro,NA
C00358,2023-07,2023-11,204.0,Pro,NA
C00358,2023-07,2023-12,204.0,Pro,NA
C00358,2023-07,2024-01,204.0,Pro,NA
C00358,2023-07,2024-02,204.0,Pro,NA
C00358,2023-07,2024-03,204.0,Pro,NA
C00358,2023-07,2024-04,204.0,Pro,NA
C00358,2023-07,2024-05,204.0,Pro,NA
C00358,2023-07,2024-06,204.0,Pro,NA
C00358,2023-07,2024-07,204.0,Pro,NA
C00358,2023-07,2024-08,204.0,Pro,NA
C00358,2023-07,2024-09,204.0,Pro,NA
C00358,2023-07,2024-10,204.0,Pro,NA
C00358,2023-07,2024-11,204.0,Pro,NA
C00358,2023-07,2024-12,204.0,Pro,NA
C00359,2023-07,2023-07,200.0,Pro,NA
C00359,2023-07,2023-08,170.0,Pro,NA
C00359,2023-07,2023-09,204.0,Pro,NA
C00359,2023-07,2023-10,173.4,Pro,NA
C00359,2023-07,2023-11,173.4,Pro,NA
C00359,2023-07,2023-12,173.4,Pro,NA
C00359,2023-07,2024-01,173.4,Pro,NA
C00359,2023-07,2024-02,208.08,Pro,NA
C00359,2023-07,2024-03,208.08,Pro,NA
C00359,2023-07,2024-04,208.08,Pro,NA
C00359,2023-07,2024-05,208.08,Pro,NA
C00359,2023-07,2024-06,208.08,Pro,NA
C00359,2023-07,2024-07,249.7,Pro,NA
C00359,2023-07,2024-08,249.7,Pro,NA
C00359,2023-07,2024-09,249.7,Pro,NA
C00359,2023-07,2024-10,249.7,Pro,NA
C00359,2023-07,2024-11,249.7,Pro,NA
C00359,2023-07,2024-12,249.7,Pro,NA
C00360,2023-07,2023-07,200.0,Pro,APAC
C00360,2023-07,2023-08,200.0,Pro,APAC
C00360,2023-07,2023-09,200.0,Pro,APAC
C00360,2023-07,2023-10,170.0,Pro,APAC
C00360,2023-07,2023-11,170.0,Pro,APAC
C00360,2023-07,2023-12,204.0,Pro,APAC
C00360,2023-07,2024-01,204.0,Pro,APAC
C00360,2023-07,2024-02,244.8,Pro,APAC
C00360,2023-07,2024-03,244.8,Pro,APAC
C00360,2023-07,2024-04,244.8,Pro,APAC
C00360,2023-07,2024-05,244.8,Pro,APAC
C00360,2023-07,2024-06,244.8,Pro,APAC
C00360,2023-07,2024-07,293.76,Pro,APAC
C00360,2023-07,2024-08,352.51,Pro,APAC
C00360,2023-07,2024-09,423.01,Pro,APAC
C00360,2023-07,2024-10,423.01,Pro,APAC
C00360,2023-07,2024-11,507.62,Pro,APAC
C00360,2023-07,2024-12,507.62,Pro,APAC
C00361,2023-07,2023-07,50.0,Starter,NA
C00361,2023-07,2023-08,50.0,Starter,NA
C00361,2023-07,2023-09,50.0,Starter,NA
C00361,2023-07,2023-10,50.0,Starter,NA
C00361,2023-07,2023-11,50.0,Starter,NA
C00361,2023-07,2023-12,50.0,Starter,NA
C00361,2023-07,2024-01,50.0,Starter,NA
C00361,2023-07,2024-02,50.0,Starter,NA
C00361,2023-07,2024-03,50.0,Starter,NA
C00361,2023-07,2024-04,50.0,Starter,NA
C00361,2023-07,2024-05,50.0,Starter,NA
C00361,2023-07,2024-06,50.0,Starter,NA
C00361,2023-07,2024-07,50.0,Starter,NA
C00361,2023-07,2024-08,50.0,Starter,NA
C00361,2023-07,2024-09,50.0,Starter,NA
C00361,2023-07,2024-10,50.0,Starter,NA
C00361,2023-07,2024-11,50.0,Starter,NA
C00361,2023-07,2024-12,50.0,Starter,NA
C00362,2023-07,2023-07,50.0,Starter,EMEA
C00362,2023-07,2023-08,50.0,Starter,EMEA
C00362,2023-07,2023-09,50.0,Starter,EMEA
C00362,2023-07,2023-10,50.0,Starter,EMEA
C00362,2023-07,2023-11,50.0,Starter,EMEA
C00362,2023-07,2023-12,50.0,Starter,EMEA
C00362,2023-07,2024-01,50.0,Starter,EMEA
C00362,2023-07,2024-02,50.0,Starter,EMEA
C00362,2023-07,2024-03,50.0,Starter,EMEA
C00362,2023-07,2024-04,60.0,Starter,EMEA
C00362,2023-07,2024-05,51.0,Starter,EMEA
C00362,2023-07,2024-06,61.2,Starter,EMEA
C00362,2023-07,2024-07,61.2,Starter,EMEA
C00362,2023-07,2024-08,73.44,Starter,EMEA
C00362,2023-07,2024-09,73.44,Starter,EMEA
C00362,2023-07,2024-10,73.44,Starter,EMEA
C00362,2023-07,2024-11,73.44,Starter,EMEA
C00362,2023-07,2024-12,73.44,Starter,EMEA
C00363,2023-07,2023-07,50.0,Starter,EMEA
C00363,2023-07,2023-08,50.0,Starter,EMEA
C00363,2023-07,2023-09,50.0,Starter,EMEA
C00363,2023-07,2023-10,42.5,Starter,EMEA
C00363,2023-07,2023-11,42.5,Starter,EMEA
C00363,2023-07,2023-12,36.12,Starter,EMEA
C00363,2023-07,2024-01,36.12,Starter,EMEA
C00363,2023-07,2024-02,36.12,Starter,EMEA
C00363,2023-07,2024-03,36.12,Starter,EMEA
C00363,2023-07,2024-04,36.12,Starter,EMEA
C00363,2023-07,2024-05,36.12,Starter,EMEA
C00363,2023-07,2024-06,36.12,Starter,EMEA
C00363,2023-07,2024-07,36.12,Starter,EMEA
C00363,2023-07,2024-08,36.12,Starter,EMEA
C00363,2023-07,2024-09,36.12,Starter,EMEA
C00363,2023-07,2024-10,36.12,Starter,EMEA
C00363,2023-07,2024-11,36.12,Starter,EMEA
C00363,2023-07,2024-12,43.35,Starter,EMEA
C00364,2023-07,2023-07,50.0,Starter,NA
C00364,2023-07,2023-08,50.0,Starter,NA
C00364,2023-07,2023-09,42.5,Starter,NA
C00364,2023-07,2023-10,42.5,Starter,NA
C00364,2023-07,2023-11,51.0,Starter,NA
C00364,2023-07,2023-12,51.0,Starter,NA
C00364,2023-07,2024-01,51.0,Starter,NA
C00364,2023-07,2024-02,51.0,Starter,NA
C00364,2023-07,2024-03,51.0,Starter,NA
C00364,2023-07,2024-04,61.2,Starter,NA
C00364,2023-07,2024-05,61.2,Starter,NA
C00364,2023-07,2024-06,61.2,Starter,NA
C00364,2023-07,2024-07,61.2,Starter,NA
C00364,2023-07,2024-08,61.2,Starter,NA
C00364,2023-07,2024-09,73.44,Starter,NA
C00364,2023-07,2024-10,73.44,Starter,NA
C00364,2023-07,2024-11,73.44,Starter,NA
C00364,2023-07,2024-12,73.44,Starter,NA
C00365,2023-07,2023-07,50.0,Starter,NA
C00365,2023-07,2023-08,50.0,Starter,NA
C00365,2023-07,2023-09,50.0,Starter,NA
C00365,2023-07,2023-10,50.0,Starter,NA
C00365,2023-07,2023-11,50.0,Starter,NA
C00365,2023-07,2023-12,50.0,Starter,NA
C00365,2023-07,2024-01,50.0,Starter,NA
C00365,2023-07,2024-02,50.0,Starter,NA
C00365,2023-07,2024-03,50.0,Starter,NA
C00365,2023-07,2024-04,60.0,Starter,NA
C00365,2023-07,2024-05,72.0,Starter,NA
C00365,2023-07,2024-06,72.0,Starter,NA
C00365,2023-07,2024-07,72.0,Starter,NA
C00365,2023-07,2024-08,72.0,Starter,NA
C00365,2023-07,2024-09,72.0,Starter,NA
C00365,2023-07,2024-10,72.0,Starter,NA
C00365,2023-07,2024-11,72.0,Starter,NA
C00365,2023-07,2024-12,86.4,Starter,NA
C00366,2023-07,2023-07,50.0,Starter,NA
C00366,2023-07,2023-08,50.0,Starter,NA
C00366,2023-07,2023-09,50.0,Starter,NA
C00366,2023-07,2023-10,60.0,Starter,NA
C00366,2023-07,2023-11,60.0,Starter,NA
C00366,2023-07,2023-12,60.0,Starter,NA
C00366,2023-07,2024-01,60.0,Starter,NA
C00366,2023-07,2024-02,60.0,Starter,NA
C00366,2023-07,2024-03,72.0,Starter,NA
C00366,2023-07,2024-04,86.4,Starter,NA
C00366,2023-07,2024-05,86.4,Starter,NA
C00366,2023-07,2024-06,103.68,Starter,NA
C00366,2023-07,2024-07,103.68,Starter,NA
C00366,2023-07,2024-08,103.68,Starter,NA
C00366,2023-07,2024-09,103.68,Starter,NA
C00366,2023-07,2024-10,103.68,Starter,NA
C00366,2023-07,2024-11,103.68,Starter,NA
C00366,2023-07,2024-12,103.68,Starter,NA
C00367,2023-07,2023-07,50.0,Starter,APAC
C00367,2023-07,2023-08,60.0,Starter,APAC
C00367,2023-07,2023-09,60.0,Starter,APAC
C00367,2023-07,2023-10,60.0,Starter,APAC
C00367,2023-07,2023-11,60.0,Starter,APAC
C00367,2023-07,2023-12,60.0,Starter,APAC
C00367,2023-07,2024-01,60.0,Starter,APAC
C00367,2023-07,2024-02,72.0,Starter,APAC
C00367,2023-07,2024-03,86.4,Starter,APAC
C00367,2023-07,2024-04,86.4,Starter,APAC
C00367,2023-07,2024-05,86.4,Starter,APAC
C00367,2023-07,2024-06,86.4,Starter,APAC
C00367,2023-07,2024-07,86.4,Starter,APAC
C00367,2023-07,2024-08,103.68,Starter,APAC
C00367,2023-07,2024-09,103.68,Starter,APAC
C00367,2023-07,2024-10,103.68,Starter,APAC
C00368,2023-07,2023-07,200.0,Pro,NA
C00368,2023-07,2023-08,240.0,Pro,NA
C00368,2023-07,2023-09,240.0,Pro,NA
C00368,2023-07,2023-10,240.0,Pro,NA
C00368,2023-07,2023-11,240.0,Pro,NA
C00368,2023-07,2023-12,240.0,Pro,NA
C00368,2023-07,2024-01,240.0,Pro,NA
C00368,2023-07,2024-02,240.0,Pro,NA
C00368,2023-07,2024-03,240.0,Pro,NA
C00368,2023-07,2024-04,240.0,Pro,NA
C00368,2023-07,2024-05,240.0,Pro,NA
C00368,2023-07,2024-06,240.0,Pro,NA
C00368,2023-07,2024-07,288.0,Pro,NA
C00368,2023-07,2024-08,345.6,Pro,NA
C00368,2023-07,2024-09,345.6,Pro,NA
C00368,2023-07,2024-10,414.72,Pro,NA
C00368,2023-07,2024-11,414.72,Pro,NA
C00368,2023-07,2024-12,497.66,Pro,NA
C00369,2023-07,2023-07,200.0,Pro,APAC
C00369,2023-07,2023-08,200.0,Pro,APAC
C00369,2023-07,2023-09,200.0,Pro,APAC
C00369,2023-07,2023-10,200.0,Pro,APAC
C00369,2023-07,2023-11,200.0,Pro,APAC
C00369,2023-07,2023-12,200.0,Pro,APAC
C00369,2023-07,2024-01,200.0,Pro,APAC
C00369,2023-07,2024-02,200.0,Pro,APAC
C00369,2023-07,2024-03,200.0,Pro,APAC
C00369,2023-07,2024-04,200.0,Pro,APAC
C00369,2023-07,2024-05,200.0,Pro,APAC
C00369,2023-07,2024-06,200.0,Pro,APAC
C00369,2023-07,2024-07,240.0,Pro,APAC
C00369,2023-07,2024-08,288.0,Pro,APAC
C00369,2023-07,2024-09,288.0,Pro,APAC
C00369,2023-07,2024-10,288.0,Pro,APAC
C00369,2023-07,2024-11,345.6,Pro,APAC
C00369,2023-07,2024-12,345.6,Pro,APAC
C00370,2023-07,2023-07,50.0,Starter,LATAM
C00370,2023-07,2023-08,50.0,Starter,LATAM
C00370,2023-07,2023-09,50.0,Starter,LATAM
C00370,2023-07,2023-10,50.0,Starter,LATAM
C00370,2023-07,2023-11,50.0,Starter,LATAM
C00370,2023-07,2023-12,50.0,Starter,LATAM
C00370,2023-07,2024-01,60.0,Starter,LATAM
C00370,2023-07,2024-02,60.0,Starter,LATAM
C00371,2023-07,2023-07,50.0,Starter,LATAM
C00371,2023-07,2023-08,60.0,Starter,LATAM
C00371,2023-07,2023-09,60.0,Starter,LATAM
C00371,2023-07,2023-10,60.0,Starter,LATAM
C00371,2023-07,2023-11,51.0,Starter,LATAM
C00371,2023-07,2023-12,61.2,Starter,LATAM
C00371,2023-07,2024-01,73.44,Starter,LATAM
C00371,2023-07,2024-02,88.13,Starter,LATAM
C00371,2023-07,2024-03,105.75,Starter,LATAM
C00371,2023-07,2024-04,126.9,Starter,LATAM
C00371,2023-07,2024-05,126.9,Starter,LATAM
C00371,2023-07,2024-06,126.9,Starter,LATAM
C00371,2023-07,2024-07,126.9,Starter,LATAM
C00371,2023-07,2024-08,126.9,Starter,LATAM
C00371,2023-07,2024-09,126.9,Starter,LATAM
C00371,2023-07,2024-10,107.87,Starter,LATAM
C00371,2023-07,2024-11,107.87,Starter,LATAM
C00371,2023-07,2024-12,107.87,Starter,LATAM
C00372,2023-07,2023-07,50.0,Starter,EMEA
C00372,2023-07,2023-08,50.0,Starter,EMEA
C00372,2023-07,2023-09,60.0,Starter,EMEA
C00372,2023-07,2023-10,72.0,Starter,EMEA
C00372,2023-07,2023-11,72.0,Starter,EMEA
C00372,2023-07,2023-12,72.0,Starter,EMEA
C00372,2023-07,2024-01,72.0,Starter,EMEA
C00372,2023-07,2024-02,72.0,Starter,EMEA
C00372,2023-07,2024-03,72.0,Starter,EMEA
C00372,2023-07,2024-04,72.0,Starter,EMEA
C00372,2023-07,2024-05,72.0,Starter,EMEA
C00372,2023-07,2024-06,72.0,Starter,EMEA
C00372,2023-07,2024-07,72.0,Starter,EMEA
C00372,2023-07,2024-08,72.0,Starter,EMEA
C00372,2023-07,2024-09,72.0,Starter,EMEA
C00372,2023-07,2024-10,72.0,Starter,EMEA
C00372,2023-07,2024-11,61.2,Starter,EMEA
C00372,2023-07,2024-12,73.44,Starter,EMEA
C00373,2023-07,2023-07,50.0,Starter,EMEA
C00373,2023-07,2023-08,50.0,Starter,EMEA
C00373,2023-07,2023-09,50.0,Starter,EMEA
C00373,2023-07,2023-10,50.0,Starter,EMEA
C00373,2023-07,2023-11,50.0,Starter,EMEA
C00373,2023-07,2023-12,50.0,Starter,EMEA
C00373,2023-07,2024-01,50.0,Starter,EMEA
C00373,2023-07,2024-02,50.0,Starter,EMEA
C00373,2023-07,2024-03,60.0,Starter,EMEA
C00373,2023-07,2024-04,60.0,Starter,EMEA
C00373,2023-07,2024-05,60.0,Starter,EMEA
C00373,2023-07,2024-06,60.0,Starter,EMEA
C00373,2023-07,2024-07,60.0,Starter,EMEA
C00373,2023-07,2024-08,60.0,Starter,EMEA
C00373,2023-07,2024-09,60.0,Starter,EMEA
C00373,2023-07,2024-10,60.0,Starter,EMEA
C00373,2023-07,2024-11,60.0,Starter,EMEA
C00373,2023-07,2024-12,60.0,Starter,EMEA
C00374,2023-07,2023-07,50.0,Starter,NA
C00374,2023-07,2023-08,42.5,Starter,NA
C00374,2023-07,2023-09,51.0,Starter,NA
C00374,2023-07,2023-10,43.35,Starter,NA
C00374,2023-07,2023-11,43.35,Starter,NA
C00374,2023-07,2023-12,43.35,Starter,NA
C00374,2023-07,2024-01,43.35,Starter,NA
C00374,2023-07,2024-02,43.35,Starter,NA
C00374,2023-07,2024-03,43.35,Starter,NA
C00374,2023-07,2024-04,43.35,Starter,NA
C00374,2023-07,2024-05,43.35,Starter,NA
C00374,2023-07,2024-06,43.35,Starter,NA
C00374,2023-07,2024-07,52.02,Starter,NA
C00374,2023-07,2024-08,52.02,Starter,NA
C00374,2023-07,2024-09,52.02,Starter,NA
C00374,2023-07,2024-10,52.02,Starter,NA
C00374,2023-07,2024-11,52.02,Starter,NA
C00374,2023-07,2024-12,52.02,Starter,NA
C00375,2023-07,2023-07,50.0,Starter,NA
C00375,2023-07,2023-08,50.0,Starter,NA
C00375,2023-07,2023-09,50.0,Starter,NA
C00375,2023-07,2023-10,50.0,Starter,NA
C00375,2023-07,2023-11,50.0,Starter,NA
C00375,2023-07,2023-12,60.0,Starter,NA
C00375,2023-07,2024-01,72.0,Starter,NA
C00375,2023-07,2024-02,72.0,Starter,NA
C00375,2023-07,2024-03,86.4,Starter,NA
C00375,2023-07,2024-04,103.68,Starter,NA
C00375,2023-07,2024-05,103.68,Starter,NA
C00375,2023-07,2024-06,103.68,Starter,NA
C00375,2023-07,2024-07,103.68,Starter,NA
C00375,2023-07,2024-08,103.68,Starter,NA
C00375,2023-07,2024-09,103.68,Starter,NA
C00375,2023-07,2024-10,124.42,Starter,NA
C00375,2023-07,2024-11,124.42,Starter,NA
C00375,2023-07,2024-12,124.42,Starter,NA
C00376,2023-07,2023-07,50.0,Starter,NA
C00376,2023-07,2023-08,50.0,Starter,NA
C00376,2023-07,2023-09,50.0,Starter,NA
C00376,2023-07,2023-10,50.0,Starter,NA
C00376,2023-07,2023-11,50.0,Starter,NA
C00376,2023-07,2023-12,50.0,Starter,NA
C00376,2023-07,2024-01,50.0,Starter,NA
C00376,2023-07,2024-02,60.0,Starter,NA
C00376,2023-07,2024-03,60.0,Starter,NA
C00376,2023-07,2024-04,72.0,Starter,NA
C00376,2023-07,2024-05,72.0,Starter,NA
C00376,2023-07,2024-06,86.4,Starter,NA
C00376,2023-07,2024-07,73.44,Starter,NA
C00376,2023-07,2024-08,62.42,Starter,NA
C00376,2023-07,2024-09,74.91,Starter,NA
C00376,2023-07,2024-10,74.91,Starter,NA
C00376,2023-07,2024-11,74.91,Starter,NA
C00376,2023-07,2024-12,74.91,Starter,NA
C00377,2023-07,2023-07,50.0,Starter,APAC
C00377,2023-07,2023-08,50.0,Starter,APAC
C00377,2023-07,2023-09,50.0,Starter,APAC
C00377,2023-07,2023-10,42.5,Starter,APAC
C00378,2023-07,2023-07,50.0,Starter,EMEA
C00378,2023-07,2023-08,50.0,Starter,EMEA
C00378,2023-07,2023-09,50.0,Starter,EMEA
C00378,2023-07,2023-10,50.0,Starter,EMEA
C00378,2023-07,2023-11,50.0,Starter,EMEA
C00378,2023-07,2023-12,50.0,Starter,EMEA
C00378,2023-07,2024-01,50.0,Starter,EMEA
C00378,2023-07,2024-02,50.0,Starter,EMEA
C00378,2023-07,2024-03,50.0,Starter,EMEA
C00378,2023-07,2024-04,60.0,Starter,EMEA
C00378,2023-07,2024-05,60.0,Starter,EMEA
C00378,2023-07,2024-06,60.0,Starter,EMEA
C00378,2023-07,2024-07,60.0,Starter,EMEA
C00378,2023-07,2024-08,72.0,Starter,EMEA
C00378,2023-07,2024-09,72.0,Starter,EMEA
C00378,2023-07,2024-10,72.0,Starter,EMEA
C00378,2023-07,2024-11,72.0,Starter,EMEA
C00378,2023-07,2024-12,72.0,Starter,EMEA
C00379,2023-07,2023-07,200.0,Pro,NA
C00379,2023-07,2023-08,200.0,Pro,NA
C00379,2023-07,2023-09,200.0,Pro,NA
C00379,2023-07,2023-10,200.0,Pro,NA
C00379,2023-07,2023-11,200.0,Pro,NA
C00379,2023-07,2023-12,200.0,Pro,NA
C00379,2023-07,2024-01,200.0,Pro,NA
C00379,2023-07,2024-02,200.0,Pro,NA
C00379,2023-07,2024-03,200.0,Pro,NA
C00379,2023-07,2024-04,170.0,Pro,NA
C00379,2023-07,2024-05,170.0,Pro,NA
C00379,2023-07,2024-06,170.0,Pro,NA
C00379,2023-07,2024-07,170.0,Pro,NA
C00379,2023-07,2024-08,170.0,Pro,NA
C00379,2023-07,2024-09,170.0,Pro,NA
C00379,2023-07,2024-10,170.0,Pro,NA
C00379,2023-07,2024-11,170.0,Pro,NA
C00379,2023-07,2024-12,170.0,Pro,NA
C00380,2023-07,2023-07,50.0,Starter,NA
C00380,2023-07,2023-08,50.0,Starter,NA
C00380,2023-07,2023-09,50.0,Starter,NA
C00380,2023-07,2023-10,50.0,Starter,NA
C00380,2023-07,2023-11,50.0,Starter,NA
C00380,2023-07,2023-12,50.0,Starter,NA
C00380,2023-07,2024-01,50.0,Starter,NA
C00380,2023-07,2024-02,60.0,Starter,NA
C00380,2023-07,2024-03,60.0,Starter,NA
C00380,2023-07,2024-04,60.0,Starter,NA
C00380,2023-07,2024-05,60.0,Starter,NA
C00380,2023-07,2024-06,60.0,Starter,NA
C00380,2023-07,2024-07,60.0,Starter,NA
C00380,2023-07,2024-08,60.0,Starter,NA
C00380,2023-07,2024-09,60.0,Starter,NA
C00380,2023-07,2024-10,60.0,Starter,NA
C00380,2023-07,2024-11,60.0,Starter,NA
C00380,2023-07,2024-12,60.0,Starter,NA
C00381,2023-07,2023-07,50.0,Starter,APAC
C00381,2023-07,2023-08,50.0,Starter,APAC
C00381,2023-07,2023-09,50.0,Starter,APAC
C00381,2023-07,2023-10,42.5,Starter,APAC
C00381,2023-07,2023-11,42.5,Starter,APAC
C00381,2023-07,2023-12,42.5,Starter,APAC
C00381,2023-07,2024-01,42.5,Starter,APAC
C00381,2023-07,2024-02,42.5,Starter,APAC
C00381,2023-07,2024-03,42.5,Starter,APAC
C00381,2023-07,2024-04,42.5,Starter,APAC
C00381,2023-07,2024-05,42.5,Starter,APAC
C00381,2023-07,2024-06,42.5,Starter,APAC
C00381,2023-07,2024-07,42.5,Starter,APAC
C00381,2023-07,2024-08,42.5,Starter,APAC
C00381,2023-07,2024-09,42.5,Starter,APAC
C00381,2023-07,2024-10,42.5,Starter,APAC
C00382,2023-07,2023-07,200.0,Pro,EMEA
C00382,2023-07,2023-08,200.0,Pro,EMEA
C00382,2023-07,2023-09,200.0,Pro,EMEA
C00382,2023-07,2023-10,200.0,Pro,EMEA
C00382,2023-07,2023-11,240.0,Pro,EMEA
C00382,2023-07,2023-12,204.0,Pro,EMEA
C00382,2023-07,2024-01,244.8,Pro,EMEA
C00382,2023-07,2024-02,293.76,Pro,EMEA
C00382,2023-07,2024-03,293.76,Pro,EMEA
C00382,2023-07,2024-04,249.7,Pro,EMEA
C00382,2023-07,2024-05,249.7,Pro,EMEA
C00382,2023-07,2024-06,249.7,Pro,EMEA
C00382,2023-07,2024-07,249.7,Pro,EMEA
C00382,2023-07,2024-08,212.24,Pro,EMEA
C00382,2023-07,2024-09,254.69,Pro,EMEA
C00382,2023-07,2024-10,254.69,Pro,EMEA
C00382,2023-07,2024-11,254.69,Pro,EMEA
C00382,2023-07,2024-12,305.63,Pro,EMEA
C00383,2023-07,2023-07,50.0,Starter,NA
C00383,2023-07,2023-08,50.0,Starter,NA
C00383,2023-07,2023-09,50.0,Starter,NA
C00383,2023-07,2023-10,60.0,Starter,NA
C00383,2023-07,2023-11,72.0,Starter,NA
C00383,2023-07,2023-12,72.0,Starter,NA
C00383,2023-07,2024-01,86.4,Starter,NA
C00383,2023-07,2024-02,86.4,Starter,NA
C00383,2023-07,2024-03,86.4,Starter,NA
C00383,2023-07,2024-04,86.4,Starter,NA
C00383,2023-07,2024-05,86.4,Starter,NA
C00383,2023-07,2024-06,86.4,Starter,NA
C00383,2023-07,2024-07,86.4,Starter,NA
C00383,2023-07,2024-08,86.4,Starter,NA
C00383,2023-07,2024-09,86.4,Starter,NA
C00383,2023-07,2024-10,86.4,Starter,NA
C00383,2023-07,2024-11,86.4,Starter,NA
C00383,2023-07,2024-12,86.4,Starter,NA
C00384,2023-07,2023-07,50.0,Starter,NA
C00384,2023-07,2023-08,50.0,Starter,NA
C00384,2023-07,2023-09,50.0,Starter,NA
C00384,2023-07,2023-10,50.0,Starter,NA
C00384,2023-07,2023-11,60.0,Starter,NA
C00384,2023-07,2023-12,72.0,Starter,NA
C00384,2023-07,2024-01,72.0,Starter,NA
C00384,2023-07,2024-02,72.0,Starter,NA
C00384,2023-07,2024-03,72.0,Starter,NA
C00384,2023-07,2024-04,72.0,Starter,NA
C00384,2023-07,2024-05,72.0,Starter,NA
C00384,2023-07,2024-06,72.0,Starter,NA
C00384,2023-07,2024-07,72.0,Starter,NA
C00384,2023-07,2024-08,72.0,Starter,NA
C00384,2023-07,2024-09,61.2,Starter,NA
C00384,2023-07,2024-10,61.2,Starter,NA
C00384,2023-07,2024-11,61.2,Starter,NA
C00384,2023-07,2024-12,61.2,Starter,NA
C00385,2023-07,2023-07,50.0,Starter,EMEA
C00385,2023-07,2023-08,50.0,Starter,EMEA
C00385,2023-07,2023-09,50.0,Starter,EMEA
C00385,2023-07,2023-10,50.0,Starter,EMEA
C00385,2023-07,2023-11,50.0,Starter,EMEA
C00385,2023-07,2023-12,50.0,Starter,EMEA
C00385,2023-07,2024-01,50.0,Starter,EMEA
C00385,2023-07,2024-02,60.0,Starter,EMEA
C00385,2023-07,2024-03,60.0,Starter,EMEA
C00385,2023-07,2024-04,60.0,Starter,EMEA
C00385,2023-07,2024-05,60.0,Starter,EMEA
C00385,2023-07,2024-06,60.0,Starter,EMEA
C00385,2023-07,2024-07,60.0,Starter,EMEA
C00386,2023-07,2023-07,50.0,Starter,APAC
C00386,2023-07,2023-08,50.0,Starter,APAC
C00386,2023-07,2023-09,50.0,Starter,APAC
C00386,2023-07,2023-10,50.0,Starter,APAC
C00386,2023-07,2023-11,50.0,Starter,APAC
C00386,2023-07,2023-12,50.0,Starter,APAC
C00386,2023-07,2024-01,60.0,Starter,APAC
C00386,2023-07,2024-02,72.0,Starter,APAC
C00386,2023-07,2024-03,72.0,Starter,APAC
C00386,2023-07,2024-04,86.4,Starter,APAC
C00386,2023-07,2024-05,86.4,Starter,APAC
C00386,2023-07,2024-06,86.4,Starter,APAC
C00386,2023-07,2024-07,103.68,Starter,APAC
C00386,2023-07,2024-08,88.13,Starter,APAC
C00386,2023-07,2024-09,88.13,Starter,APAC
C00386,2023-07,2024-10,88.13,Starter,APAC
C00386,2023-07,2024-11,88.13,Starter,APAC
C00386,2023-07,2024-12,88.13,Starter,APAC
C00387,2023-07,2023-07,800.0,Enterprise,APAC
C00387,2023-07,2023-08,800.0,Enterprise,APAC
C00387,2023-07,2023-09,800.0,Enterprise,APAC
C00387,2023-07,2023-10,800.0,Enterprise,APAC
C00387,2023-07,2023-11,800.0,Enterprise,APAC
C00387,2023-07,2023-12,960.0,Enterprise,APAC
C00387,2023-07,2024-01,1152.0,Enterprise,APAC
C00387,2023-07,2024-02,1152.0,Enterprise,APAC
C00387,2023-07,2024-03,1382.4,Enterprise,APAC
C00387,2023-07,2024-04,1658.88,Enterprise,APAC
C00387,2023-07,2024-05,1658.88,Enterprise,APAC
C00387,2023-07,2024-06,1658.88,Enterprise,APAC
C00387,2023-07,2024-07,1658.88,Enterprise,APAC
C00387,2023-07,2024-08,1658.88,Enterprise,APAC
C00387,2023-07,2024-09,1658.88,Enterprise,APAC
C00387,2023-07,2024-10,1658.88,Enterprise,APAC
C00387,2023-07,2024-11,1658.88,Enterprise,APAC
C00387,2023-07,2024-12,1658.88,Enterprise,APAC
C00388,2023-07,2023-07,800.0,Enterprise,EMEA
C00389,2023-07,2023-07,50.0,Starter,APAC
C00389,2023-07,2023-08,50.0,Starter,APAC
C00389,2023-07,2023-09,50.0,Starter,APAC
C00389,2023-07,2023-10,50.0,Starter,APAC
C00389,2023-07,2023-11,50.0,Starter,APAC
C00389,2023-07,2023-12,60.0,Starter,APAC
C00389,2023-07,2024-01,60.0,Starter,APAC
C00389,2023-07,2024-02,72.0,Starter,APAC
C00389,2023-07,2024-03,72.0,Starter,APAC
C00389,2023-07,2024-04,72.0,Starter,APAC
C00389,2023-07,2024-05,72.0,Starter,APAC
C00389,2023-07,2024-06,86.4,Starter,APAC
C00389,2023-07,2024-07,86.4,Starter,APAC
C00389,2023-07,2024-08,86.4,Starter,APAC
C00389,2023-07,2024-09,86.4,Starter,APAC
C00389,2023-07,2024-10,86.4,Starter,APAC
C00389,2023-07,2024-11,86.4,Starter,APAC
C00389,2023-07,2024-12,86.4,Starter,APAC
C00390,2023-07,2023-07,200.0,Pro,NA
C00390,2023-07,2023-08,200.0,Pro,NA
C00390,2023-07,2023-09,200.0,Pro,NA
C00390,2023-07,2023-10,200.0,Pro,NA
C00390,2023-07,2023-11,240.0,Pro,NA
C00390,2023-07,2023-12,240.0,Pro,NA
C00390,2023-07,2024-01,240.0,Pro,NA
C00391,2023-07,2023-07,50.0,Starter,NA
C00391,2023-07,2023-08,50.0,Starter,NA
C00391,2023-07,2023-09,50.0,Starter,NA
C00391,2023-07,2023-10,50.0,Starter,NA
C00391,2023-07,2023-11,50.0,Starter,NA
C00391,2023-07,2023-12,50.0,Starter,NA
C00391,2023-07,2024-01,42.5,Starter,NA
C00391,2023-07,2024-02,51.0,Starter,NA
C00391,2023-07,2024-03,61.2,Starter,NA
C00391,2023-07,2024-04,61.2,Starter,NA
C00391,2023-07,2024-05,61.2,Starter,NA
C00391,2023-07,2024-06,61.2,Starter,NA
C00391,2023-07,2024-07,61.2,Starter,NA
C00391,2023-07,2024-08,61.2,Starter,NA
C00391,2023-07,2024-09,61.2,Starter,NA
C00391,2023-07,2024-10,61.2,Starter,NA
C00391,2023-07,2024-11,61.2,Starter,NA
C00391,2023-07,2024-12,61.2,Starter,NA
C00392,2023-07,2023-07,50.0,Starter,APAC
C00392,2023-07,2023-08,60.0,Starter,APAC
C00392,2023-07,2023-09,60.0,Starter,APAC
C00392,2023-07,2023-10,60.0,Starter,APAC
C00392,2023-07,2023-11,60.0,Starter,APAC
C00392,2023-07,2023-12,60.0,Starter,APAC
C00392,2023-07,2024-01,60.0,Starter,APAC
C00392,2023-07,2024-02,60.0,Starter,APAC
C00392,2023-07,2024-03,60.0,Starter,APAC
C00392,2023-07,2024-04,51.0,Starter,APAC
C00392,2023-07,2024-05,51.0,Starter,APAC
C00392,2023-07,2024-06,51.0,Starter,APAC
C00392,2023-07,2024-07,51.0,Starter,APAC
C00392,2023-07,2024-08,61.2,Starter,APAC
C00392,2023-07,2024-09,61.2,Starter,APAC
C00392,2023-07,2024-10,61.2,Starter,APAC
C00392,2023-07,2024-11,73.44,Starter,APAC
C00392,2023-07,2024-12,73.44,Starter,APAC
C00393,2023-07,2023-07,800.0,Enterprise,NA
C00393,2023-07,2023-08,680.0,Enterprise,NA
C00393,2023-07,2023-09,680.0,Enterprise,NA
C00393,2023-07,2023-10,578.0,Enterprise,NA
C00393,2023-07,2023-11,578.0,Enterprise,NA
C00393,2023-07,2023-12,578.0,Enterprise,NA
C00393,2023-07,2024-01,578.0,Enterprise,NA
C00393,2023-07,2024-02,578.0,Enterprise,NA
C00393,2023-07,2024-03,578.0,Enterprise,NA
C00393,2023-07,2024-04,578.0,Enterprise,NA
C00393,2023-07,2024-05,578.0,Enterprise,NA
C00393,2023-07,2024-06,578.0,Enterprise,NA
C00393,2023-07,2024-07,578.0,Enterprise,NA
C00393,2023-07,2024-08,578.0,Enterprise,NA
C00393,2023-07,2024-09,693.6,Enterprise,NA
C00393,2023-07,2024-10,693.6,Enterprise,NA
C00393,2023-07,2024-11,589.56,Enterprise,NA
C00393,2023-07,2024-12,589.56,Enterprise,NA
C00394,2023-07,2023-07,50.0,Starter,NA
C00394,2023-07,2023-08,50.0,Starter,NA
C00394,2023-07,2023-09,50.0,Starter,NA
C00395,2023-07,2023-07,50.0,Starter,NA
C00395,2023-07,2023-08,60.0,Starter,NA
C00395,2023-07,2023-09,60.0,Starter,NA
C00395,2023-07,2023-10,72.0,Starter,NA
C00395,2023-07,2023-11,72.0,Starter,NA
C00395,2023-07,2023-12,86.4,Starter,NA
C00395,2023-07,2024-01,86.4,Starter,NA
C00395,2023-07,2024-02,86.4,Starter,NA
C00395,2023-07,2024-03,86.4,Starter,NA
C00395,2023-07,2024-04,103.68,Starter,NA
C00395,2023-07,2024-05,124.42,Starter,NA
C00395,2023-07,2024-06,124.42,Starter,NA
C00395,2023-07,2024-07,149.3,Starter,NA
C00395,2023-07,2024-08,149.3,Starter,NA
C00395,2023-07,2024-09,149.3,Starter,NA
C00395,2023-07,2024-10,149.3,Starter,NA
C00395,2023-07,2024-11,149.3,Starter,NA
C00396,2023-07,2023-07,200.0,Pro,APAC
C00396,2023-07,2023-08,200.0,Pro,APAC
C00396,2023-07,2023-09,240.0,Pro,APAC
C00396,2023-07,2023-10,240.0,Pro,APAC
C00397,2023-07,2023-07,200.0,Pro,EMEA
C00397,2023-07,2023-08,200.0,Pro,EMEA
C00397,2023-07,2023-09,200.0,Pro,EMEA
C00397,2023-07,2023-10,200.0,Pro,EMEA
C00397,2023-07,2023-11,200.0,Pro,EMEA
C00397,2023-07,2023-12,200.0,Pro,EMEA
C00397,2023-07,2024-01,200.0,Pro,EMEA
C00397,2023-07,2024-02,200.0,Pro,EMEA
C00397,2023-07,2024-03,200.0,Pro,EMEA
C00397,2023-07,2024-04,200.0,Pro,EMEA
C00397,2023-07,2024-05,240.0,Pro,EMEA
C00397,2023-07,2024-06,240.0,Pro,EMEA
C00397,2023-07,2024-07,288.0,Pro,EMEA
C00397,2023-07,2024-08,288.0,Pro,EMEA
C00397,2023-07,2024-09,288.0,Pro,EMEA
C00397,2023-07,2024-10,288.0,Pro,EMEA
C00397,2023-07,2024-11,288.0,Pro,EMEA
C00397,2023-07,2024-12,288.0,Pro,EMEA
C00398,2023-07,2023-07,50.0,Starter,NA
C00398,2023-07,2023-08,50.0,Starter,NA
C00398,2023-07,2023-09,50.0,Starter,NA
C00398,2023-07,2023-10,42.5,Starter,NA
C00398,2023-07,2023-11,42.5,Starter,NA
C00398,2023-07,2023-12,42.5,Starter,NA
C00398,2023-07,2024-01,42.5,Starter,NA
C00398,2023-07,2024-02,42.5,Starter,NA
C00398,2023-07,2024-03,42.5,Starter,NA
C00398,2023-07,2024-04,42.5,Starter,NA
C00398,2023-07,2024-05,51.0,Starter,NA
C00398,2023-07,2024-06,61.2,Starter,NA
C00398,2023-07,2024-07,61.2,Starter,NA
C00398,2023-07,2024-08,61.2,Starter,NA
C00399,2023-07,2023-07,50.0,Starter,APAC
C00399,2023-07,2023-08,60.0,Starter,APAC
C00399,2023-07,2023-09,72.0,Starter,APAC
C00399,2023-07,2023-10,72.0,Starter,APAC
C00399,2023-07,2023-11,72.0,Starter,APAC
C00399,2023-07,2023-12,72.0,Starter,APAC
C00399,2023-07,2024-01,72.0,Starter,APAC
C00399,2023-07,2024-02,72.0,Starter,APAC
C00399,2023-07,2024-03,86.4,Starter,APAC
C00400,2023-07,2023-07,50.0,Starter,APAC
C00400,2023-07,2023-08,50.0,Starter,APAC
C00400,2023-07,2023-09,42.5,Starter,APAC
C00400,2023-07,2023-10,42.5,Starter,APAC
C00400,2023-07,2023-11,42.5,Starter,APAC
C00400,2023-07,2023-12,42.5,Starter,APAC
C00400,2023-07,2024-01,51.0,Starter,APAC
C00400,2023-07,2024-02,51.0,Starter,APAC
C00400,2023-07,2024-03,51.0,Starter,APAC
C00400,2023-07,2024-04,51.0,Starter,APAC
C00400,2023-07,2024-05,61.2,Starter,APAC
C00400,2023-07,2024-06,61.2,Starter,APAC
C00400,2023-07,2024-07,52.02,Starter,APAC
C00400,2023-07,2024-08,62.42,Starter,APAC
C00400,2023-07,2024-09,62.42,Starter,APAC
C00400,2023-07,2024-10,53.06,Starter,APAC
C00400,2023-07,2024-11,53.06,Starter,APAC
C00400,2023-07,2024-12,53.06,Starter,APAC
C00401,2023-07,2023-07,50.0,Starter,APAC
C00402,2023-08,2023-08,50.0,Starter,NA
C00402,2023-08,2023-09,50.0,Starter,NA
C00402,2023-08,2023-10,50.0,Starter,NA
C00402,2023-08,2023-11,50.0,Starter,NA
C00402,2023-08,2023-12,50.0,Starter,NA
C00402,2023-08,2024-01,50.0,Starter,NA
C00402,2023-08,2024-02,42.5,Starter,NA
C00402,2023-08,2024-03,42.5,Starter,NA
C00402,2023-08,2024-04,42.5,Starter,NA
C00402,2023-08,2024-05,42.5,Starter,NA
C00402,2023-08,2024-06,36.12,Starter,NA
C00402,2023-08,2024-07,36.12,Starter,NA
C00402,2023-08,2024-08,36.12,Starter,NA
C00402,2023-08,2024-09,36.12,Starter,NA
C00402,2023-08,2024-10,36.12,Starter,NA
C00402,2023-08,2024-11,36.12,Starter,NA
C00402,2023-08,2024-12,30.71,Starter,NA
C00403,2023-08,2023-08,50.0,Starter,NA
C00403,2023-08,2023-09,50.0,Starter,NA
C00403,2023-08,2023-10,60.0,Starter,NA
C00403,2023-08,2023-11,60.0,Starter,NA
C00403,2023-08,2023-12,60.0,Starter,NA
C00403,2023-08,2024-01,72.0,Starter,NA
C00403,2023-08,2024-02,86.4,Starter,NA
C00403,2023-08,2024-03,86.4,Starter,NA
C00403,2023-08,2024-04,103.68,Starter,NA
C00403,2023-08,2024-05,103.68,Starter,NA
C00403,2023-08,2024-06,103.68,Starter,NA
C00403,2023-08,2024-07,124.42,Starter,NA
C00403,2023-08,2024-08,124.42,Starter,NA
C00403,2023-08,2024-09,124.42,Starter,NA
C00403,2023-08,2024-10,124.42,Starter,NA
C00403,2023-08,2024-11,124.42,Starter,NA
C00403,2023-08,2024-12,124.42,Starter,NA
C00404,2023-08,2023-08,200.0,Pro,LATAM
C00404,2023-08,2023-09,200.0,Pro,LATAM
C00404,2023-08,2023-10,200.0,Pro,LATAM
C00404,2023-08,2023-11,240.0,Pro,LATAM
C00404,2023-08,2023-12,240.0,Pro,LATAM
C00404,2023-08,2024-01,240.0,Pro,LATAM
C00404,2023-08,2024-02,240.0,Pro,LATAM
C00404,2023-08,2024-03,240.0,Pro,LATAM
C00404,2023-08,2024-04,240.0,Pro,LATAM
C00404,2023-08,2024-05,204.0,Pro,LATAM
C00405,2023-08,2023-08,50.0,Starter,NA
C00405,2023-08,2023-09,50.0,Starter,NA
C00405,2023-08,2023-10,50.0,Starter,NA
C00405,2023-08,2023-11,50.0,Starter,NA
C00405,2023-08,2023-12,50.0,Starter,NA
C00405,2023-08,2024-01,50.0,Starter,NA
C00405,2023-08,2024-02,60.0,Starter,NA
C00405,2023-08,2024-03,60.0,Starter,NA
C00405,2023-08,2024-04,72.0,Starter,NA
C00405,2023-08,2024-05,86.4,Starter,NA
C00405,2023-08,2024-06,86.4,Starter,NA
C00405,2023-08,2024-07,86.4,Starter,NA
C00405,2023-08,2024-08,73.44,Starter,NA
C00406,2023-08,2023-08,200.0,Pro,LATAM
C00406,2023-08,2023-09,200.0,Pro,LATAM
C00406,2023-08,2023-10,200.0,Pro,LATAM
C00406,2023-08,2023-11,200.0,Pro,LATAM
C00406,2023-08,2023-12,200.0,Pro,LATAM
C00406,2023-08,2024-01,200.0,Pro,LATAM
C00406,2023-08,2024-02,200.0,Pro,LATAM
C00406,2023-08,2024-03,200.0,Pro,LATAM
C00406,2023-08,2024-04,240.0,Pro,LATAM
C00406,2023-08,2024-05,288.0,Pro,LATAM
C00406,2023-08,2024-06,345.6,Pro,LATAM
C00406,2023-08,2024-07,345.6,Pro,LATAM
C00406,2023-08,2024-08,345.6,Pro,LATAM
C00406,2023-08,2024-09,345.6,Pro,LATAM
C00406,2023-08,2024-10,345.6,Pro,LATAM
C00406,2023-08,2024-11,345.6,Pro,LATAM
C00406,2023-08,2024-12,345.6,Pro,LATAM
C00407,2023-08,2023-08,50.0,Starter,NA
C00407,2023-08,2023-09,60.0,Starter,NA
C00407,2023-08,2023-10,60.0,Starter,NA
C00407,2023-08,2023-11,60.0,Starter,NA
C00407,2023-08,2023-12,60.0,Starter,NA
C00407,2023-08,2024-01,60.0,Starter,NA
C00407,2023-08,2024-02,60.0,Starter,NA
C00407,2023-08,2024-03,60.0,Starter,NA
C00407,2023-08,2024-04,60.0,Starter,NA
C00407,2023-08,2024-05,60.0,Starter,NA
C00407,2023-08,2024-06,60.0,Starter,NA
C00407,2023-08,2024-07,60.0,Starter,NA
C00407,2023-08,2024-08,72.0,Starter,NA
C00407,2023-08,2024-09,72.0,Starter,NA
C00407,2023-08,2024-10,72.0,Starter,NA
C00407,2023-08,2024-11,72.0,Starter,NA
C00407,2023-08,2024-12,72.0,Starter,NA
C00408,2023-08,2023-08,50.0,Starter,LATAM
C00408,2023-08,2023-09,50.0,Starter,LATAM
C00408,2023-08,2023-10,42.5,Starter,LATAM
C00408,2023-08,2023-11,42.5,Starter,LATAM
C00408,2023-08,2023-12,42.5,Starter,LATAM
C00408,2023-08,2024-01,42.5,Starter,LATAM
C00408,2023-08,2024-02,42.5,Starter,LATAM
C00408,2023-08,2024-03,36.12,Starter,LATAM
C00408,2023-08,2024-04,36.12,Starter,LATAM
C00408,2023-08,2024-05,36.12,Starter,LATAM
C00408,2023-08,2024-06,36.12,Starter,LATAM
C00408,2023-08,2024-07,36.12,Starter,LATAM
C00408,2023-08,2024-08,36.12,Starter,LATAM
C00408,2023-08,2024-09,36.12,Starter,LATAM
C00408,2023-08,2024-10,36.12,Starter,LATAM
C00408,2023-08,2024-11,36.12,Starter,LATAM
C00408,2023-08,2024-12,36.12,Starter,LATAM
C00409,2023-08,2023-08,800.0,Enterprise,NA
C00409,2023-08,2023-09,800.0,Enterprise,NA
C00409,2023-08,2023-10,800.0,Enterprise,NA
C00409,2023-08,2023-11,800.0,Enterprise,NA
C00409,2023-08,2023-12,960.0,Enterprise,NA
C00409,2023-08,2024-01,1152.0,Enterprise,NA
C00409,2023-08,2024-02,1152.0,Enterprise,NA
C00409,2023-08,2024-03,1152.0,Enterprise,NA
C00409,2023-08,2024-04,1382.4,Enterprise,NA
C00409,2023-08,2024-05,1658.88,Enterprise,NA
C00409,2023-08,2024-06,1658.88,Enterprise,NA
C00409,2023-08,2024-07,1658.88,Enterprise,NA
C00409,2023-08,2024-08,1658.88,Enterprise,NA
C00409,2023-08,2024-09,1658.88,Enterprise,NA
C00409,2023-08,2024-10,1658.88,Enterprise,NA
C00409,2023-08,2024-11,1658.88,Enterprise,NA
C00409,2023-08,2024-12,1658.88,Enterprise,NA
C00410,2023-08,2023-08,50.0,Starter,EMEA
C00410,2023-08,2023-09,50.0,Starter,EMEA
C00410,2023-08,2023-10,50.0,Starter,EMEA
C00410,2023-08,2023-11,60.0,Starter,EMEA
C00410,2023-08,2023-12,60.0,Starter,EMEA
C00410,2023-08,2024-01,60.0,Starter,EMEA
C00410,2023-08,2024-02,60.0,Starter,EMEA
C00410,2023-08,2024-03,72.0,Starter,EMEA
C00410,2023-08,2024-04,86.4,Starter,EMEA
C00410,2023-08,2024-05,86.4,Starter,EMEA
C00410,2023-08,2024-06,103.68,Starter,EMEA
C00410,2023-08,2024-07,103.68,Starter,EMEA
C00410,2023-08,2024-08,103.68,Starter,EMEA
C00410,2023-08,2024-09,103.68,Starter,EMEA
C00410,2023-08,2024-10,103.68,Starter,EMEA
C00410,2023-08,2024-11,103.68,Starter,EMEA
C00410,2023-08,2024-12,103.68,Starter,EMEA
C00411,2023-08,2023-08,200.0,Pro,NA
C00411,2023-08,2023-09,200.0,Pro,NA
C00411,2023-08,2023-10,200.0,Pro,NA
C00411,2023-08,2023-11,200.0,Pro,NA
C00411,2023-08,2023-12,200.0,Pro,NA
C00411,2023-08,2024-01,200.0,Pro,NA
C00411,2023-08,2024-02,200.0,Pro,NA
C00411,2023-08,2024-03,240.0,Pro,NA
C00411,2023-08,2024-04,240.0,Pro,NA
C00411,2023-08,2024-05,240.0,Pro,NA
C00411,2023-08,2024-06,240.0,Pro,NA
C00411,2023-08,2024-07,288.0,Pro,NA
C00411,2023-08,2024-08,345.6,Pro,NA
C00411,2023-08,2024-09,345.6,Pro,NA
C00411,2023-08,2024-10,414.72,Pro,NA
C00411,2023-08,2024-11,414.72,Pro,NA
C00411,2023-08,2024-12,414.72,Pro,NA
C00412,2023-08,2023-08,50.0,Starter,LATAM
C00412,2023-08,2023-09,50.0,Starter,LATAM
C00412,2023-08,2023-10,50.0,Starter,LATAM
C00412,2023-08,2023-11,50.0,Starter,LATAM
C00412,2023-08,2023-12,50.0,Starter,LATAM
C00412,2023-08,2024-01,50.0,Starter,LATAM
C00412,2023-08,2024-02,50.0,Starter,LATAM
C00412,2023-08,2024-03,50.0,Starter,LATAM
C00412,2023-08,2024-04,60.0,Starter,LATAM
C00412,2023-08,2024-05,60.0,Starter,LATAM
C00412,2023-08,2024-06,60.0,Starter,LATAM
C00413,2023-08,2023-08,50.0,Starter,APAC
C00413,2023-08,2023-09,50.0,Starter,APAC
C00413,2023-08,2023-10,50.0,Starter,APAC
C00413,2023-08,2023-11,50.0,Starter,APAC
C00413,2023-08,2023-12,50.0,Starter,APAC
C00413,2023-08,2024-01,50.0,Starter,APAC
C00413,2023-08,2024-02,50.0,Starter,APAC
C00413,2023-08,2024-03,50.0,Starter,APAC
C00413,2023-08,2024-04,50.0,Starter,APAC
C00413,2023-08,2024-05,50.0,Starter,APAC
C00413,2023-08,2024-06,50.0,Starter,APAC
C00413,2023-08,2024-07,50.0,Starter,APAC
C00413,2023-08,2024-08,50.0,Starter,APAC
C00413,2023-08,2024-09,50.0,Starter,APAC
C00413,2023-08,2024-10,60.0,Starter,APAC
C00413,2023-08,2024-11,60.0,Starter,APAC
C00413,2023-08,2024-12,60.0,Starter,APAC
C00414,2023-08,2023-08,200.0,Pro,NA
C00414,2023-08,2023-09,200.0,Pro,NA
C00414,2023-08,2023-10,200.0,Pro,NA
C00414,2023-08,2023-11,170.0,Pro,NA
C00414,2023-08,2023-12,204.0,Pro,NA
C00414,2023-08,2024-01,204.0,Pro,NA
C00414,2023-08,2024-02,204.0,Pro,NA
C00414,2023-08,2024-03,204.0,Pro,NA
C00414,2023-08,2024-04,204.0,Pro,NA
C00414,2023-08,2024-05,244.8,Pro,NA
C00414,2023-08,2024-06,293.76,Pro,NA
C00414,2023-08,2024-07,293.76,Pro,NA
C00414,2023-08,2024-08,293.76,Pro,NA
C00414,2023-08,2024-09,352.51,Pro,NA
C00414,2023-08,2024-10,352.51,Pro,NA
C00414,2023-08,2024-11,352.51,Pro,NA
C00414,2023-08,2024-12,423.01,Pro,NA
C00415,2023-08,2023-08,50.0,Starter,APAC
C00415,2023-08,2023-09,60.0,Starter,APAC
C00415,2023-08,2023-10,60.0,Starter,APAC
C00415,2023-08,2023-11,72.0,Starter,APAC
C00415,2023-08,2023-12,72.0,Starter,APAC
C00415,2023-08,2024-01,72.0,Starter,APAC
C00415,2023-08,2024-02,72.0,Starter,APAC
C00415,2023-08,2024-03,86.4,Starter,APAC
C00415,2023-08,2024-04,86.4,Starter,APAC
C00415,2023-08,2024-05,103.68,Starter,APAC
C00415,2023-08,2024-06,103.68,Starter,APAC
C00415,2023-08,2024-07,103.68,Starter,APAC
C00415,2023-08,2024-08,103.68,Starter,APAC
C00415,2023-08,2024-09,103.68,Starter,APAC
C00415,2023-08,2024-10,103.68,Starter,APAC
C00415,2023-08,2024-11,103.68,Starter,APAC
C00415,2023-08,2024-12,103.68,Starter,APAC
C00416,2023-08,2023-08,200.0,Pro,APAC
C00416,2023-08,2023-09,170.0,Pro,APAC
C00416,2023-08,2023-10,170.0,Pro,APAC
C00416,2023-08,2023-11,170.0,Pro,APAC
C00416,2023-08,2023-12,170.0,Pro,APAC
C00416,2023-08,2024-01,204.0,Pro,APAC
C00416,2023-08,2024-02,244.8,Pro,APAC
C00416,2023-08,2024-03,244.8,Pro,APAC
C00416,2023-08,2024-04,244.8,Pro,APAC
C00416,2023-08,2024-05,244.8,Pro,APAC
C00416,2023-08,2024-06,293.76,Pro,APAC
C00416,2023-08,2024-07,352.51,Pro,APAC
C00416,2023-08,2024-08,299.64,Pro,APAC
C00416,2023-08,2024-09,359.56,Pro,APAC
C00416,2023-08,2024-10,359.56,Pro,APAC
C00416,2023-08,2024-11,359.56,Pro,APAC
C00416,2023-08,2024-12,431.47,Pro,APAC
C00417,2023-08,2023-08,200.0,Pro,NA
C00417,2023-08,2023-09,200.0,Pro,NA
C00417,2023-08,2023-10,170.0,Pro,NA
C00417,2023-08,2023-11,170.0,Pro,NA
C00417,2023-08,2023-12,170.0,Pro,NA
C00417,2023-08,2024-01,170.0,Pro,NA
C00417,2023-08,2024-02,170.0,Pro,NA
C00417,2023-08,2024-03,170.0,Pro,NA
C00417,2023-08,2024-04,170.0,Pro,NA
C00417,2023-08,2024-05,170.0,Pro,NA
C00417,2023-08,2024-06,170.0,Pro,NA
C00417,2023-08,2024-07,204.0,Pro,NA
C00417,2023-08,2024-08,204.0,Pro,NA
C00417,2023-08,2024-09,204.0,Pro,NA
C00417,2023-08,2024-10,204.0,Pro,NA
C00417,2023-08,2024-11,204.0,Pro,NA
C00417,2023-08,2024-12,204.0,Pro,NA
C00418,2023-08,2023-08,200.0,Pro,EMEA
C00418,2023-08,2023-09,200.0,Pro,EMEA
C00418,2023-08,2023-10,200.0,Pro,EMEA
C00418,2023-08,2023-11,240.0,Pro,EMEA
C00418,2023-08,2023-12,240.0,Pro,EMEA
C00418,2023-08,2024-01,240.0,Pro,EMEA
C00418,2023-08,2024-02,240.0,Pro,EMEA
C00418,2023-08,2024-03,240.0,Pro,EMEA
C00418,2023-08,2024-04,204.0,Pro,EMEA
C00418,2023-08,2024-05,204.0,Pro,EMEA
C00418,2023-08,2024-06,204.0,Pro,EMEA
C00418,2023-08,2024-07,204.0,Pro,EMEA
C00418,2023-08,2024-08,204.0,Pro,EMEA
C00418,2023-08,2024-09,204.0,Pro,EMEA
C00418,2023-08,2024-10,204.0,Pro,EMEA
C00418,2023-08,2024-11,204.0,Pro,EMEA
C00418,2023-08,2024-12,204.0,Pro,EMEA
C00419,2023-08,2023-08,200.0,Pro,NA
C00419,2023-08,2023-09,200.0,Pro,NA
C00419,2023-08,2023-10,200.0,Pro,NA
C00420,2023-08,2023-08,200.0,Pro,EMEA
C00420,2023-08,2023-09,200.0,Pro,EMEA
C00420,2023-08,2023-10,200.0,Pro,EMEA
C00420,2023-08,2023-11,200.0,Pro,EMEA
C00420,2023-08,2023-12,200.0,Pro,EMEA
C00420,2023-08,2024-01,200.0,Pro,EMEA
C00420,2023-08,2024-02,200.0,Pro,EMEA
C00420,2023-08,2024-03,200.0,Pro,EMEA
C00420,2023-08,2024-04,200.0,Pro,EMEA
C00420,2023-08,2024-05,200.0,Pro,EMEA
C00420,2023-08,2024-06,240.0,Pro,EMEA
C00420,2023-08,2024-07,240.0,Pro,EMEA
C00420,2023-08,2024-08,240.0,Pro,EMEA
C00420,2023-08,2024-09,240.0,Pro,EMEA
C00420,2023-08,2024-10,240.0,Pro,EMEA
C00420,2023-08,2024-11,240.0,Pro,EMEA
C00420,2023-08,2024-12,240.0,Pro,EMEA
C00421,2023-08,2023-08,800.0,Enterprise,LATAM
C00421,2023-08,2023-09,800.0,Enterprise,LATAM
C00421,2023-08,2023-10,800.0,Enterprise,LATAM
C00421,2023-08,2023-11,800.0,Enterprise,LATAM
C00421,2023-08,2023-12,960.0,Enterprise,LATAM
C00421,2023-08,2024-01,1152.0,Enterprise,LATAM
C00421,2023-08,2024-02,1152.0,Enterprise,LATAM
C00421,2023-08,2024-03,1152.0,Enterprise,LATAM
C00421,2023-08,2024-04,1152.0,Enterprise,LATAM
C00421,2023-08,2024-05,1152.0,Enterprise,LATAM
C00421,2023-08,2024-06,1152.0,Enterprise,LATAM
C00421,2023-08,2024-07,1152.0,Enterprise,LATAM
C00421,2023-08,2024-08,1382.4,Enterprise,LATAM
C00421,2023-08,2024-09,1175.04,Enterprise,LATAM
C00421,2023-08,2024-10,1175.04,Enterprise,LATAM
C00421,2023-08,2024-11,1175.04,Enterprise,LATAM
C00421,2023-08,2024-12,1175.04,Enterprise,LATAM
C00422,2023-08,2023-08,800.0,Enterprise,NA
C00422,2023-08,2023-09,800.0,Enterprise,NA
C00422,2023-08,2023-10,800.0,Enterprise,NA
C00422,2023-08,2023-11,800.0,Enterprise,NA
C00422,2023-08,2023-12,960.0,Enterprise,NA
C00422,2023-08,2024-01,960.0,Enterprise,NA
C00422,2023-08,2024-02,960.0,Enterprise,NA
C00422,2023-08,2024-03,960.0,Enterprise,NA
C00422,2023-08,2024-04,960.0,Enterprise,NA
C00422,2023-08,2024-05,960.0,Enterprise,NA
C00422,2023-08,2024-06,960.0,Enterprise,NA
C00422,2023-08,2024-07,960.0,Enterprise,NA
C00422,2023-08,2024-08,816.0,Enterprise,NA
C00422,2023-08,2024-09,816.0,Enterprise,NA
C00422,2023-08,2024-10,816.0,Enterprise,NA
C00422,2023-08,2024-11,816.0,Enterprise,NA
C00422,2023-08,2024-12,979.2,Enterprise,NA
C00423,2023-08,2023-08,200.0,Pro,EMEA
C00423,2023-08,2023-09,200.0,Pro,EMEA
C00423,2023-08,2023-10,200.0,Pro,EMEA
C00423,2023-08,2023-11,200.0,Pro,EMEA
C00423,2023-08,2023-12,200.0,Pro,EMEA
C00423,2023-08,2024-01,200.0,Pro,EMEA
C00423,2023-08,2024-02,200.0,Pro,EMEA
C00423,2023-08,2024-03,200.0,Pro,EMEA
C00423,2023-08,2024-04,200.0,Pro,EMEA
C00423,2023-08,2024-05,240.0,Pro,EMEA
C00423,2023-08,2024-06,288.0,Pro,EMEA
C00423,2023-08,2024-07,288.0,Pro,EMEA
C00423,2023-08,2024-08,288.0,Pro,EMEA
C00423,2023-08,2024-09,288.0,Pro,EMEA
C00423,2023-08,2024-10,288.0,Pro,EMEA
C00423,2023-08,2024-11,288.0,Pro,EMEA
C00423,2023-08,2024-12,288.0,Pro,EMEA
C00424,2023-08,2023-08,200.0,Pro,EMEA
C00424,2023-08,2023-09,200.0,Pro,EMEA
C00424,2023-08,2023-10,200.0,Pro,EMEA
C00424,2023-08,2023-11,200.0,Pro,EMEA
C00424,2023-08,2023-12,200.0,Pro,EMEA
C00424,2023-08,2024-01,200.0,Pro,EMEA
C00424,2023-08,2024-02,200.0,Pro,EMEA
C00424,2023-08,2024-03,170.0,Pro,EMEA
C00424,2023-08,2024-04,170.0,Pro,EMEA
C00424,2023-08,2024-05,204.0,Pro,EMEA
C00424,2023-08,2024-06,204.0,Pro,EMEA
C00424,2023-08,2024-07,204.0,Pro,EMEA
C00424,2023-08,2024-08,204.0,Pro,EMEA
C00424,2023-08,2024-09,204.0,Pro,EMEA
C00424,2023-08,2024-10,204.0,Pro,EMEA
C00424,2023-08,2024-11,244.8,Pro,EMEA
C00424,2023-08,2024-12,208.08,Pro,EMEA
C00425,2023-08,2023-08,200.0,Pro,LATAM
C00425,2023-08,2023-09,200.0,Pro,LATAM
C00425,2023-08,2023-10,200.0,Pro,LATAM
C00425,2023-08,2023-11,200.0,Pro,LATAM
C00426,2023-08,2023-08,50.0,Starter,NA
C00426,2023-08,2023-09,50.0,Starter,NA
C00426,2023-08,2023-10,50.0,Starter,NA
C00426,2023-08,2023-11,50.0,Starter,NA
C00426,2023-08,2023-12,50.0,Starter,NA
C00426,2023-08,2024-01,50.0,Starter,NA
C00426,2023-08,2024-02,60.0,Starter,NA
C00426,2023-08,2024-03,60.0,Starter,NA
C00426,2023-08,2024-04,60.0,Starter,NA
C00427,2023-08,2023-08,200.0,Pro,NA
C00427,2023-08,2023-09,200.0,Pro,NA
C00427,2023-08,2023-10,200.0,Pro,NA
C00427,2023-08,2023-11,200.0,Pro,NA
C00427,2023-08,2023-12,200.0,Pro,NA
C00427,2023-08,2024-01,200.0,Pro,NA
C00427,2023-08,2024-02,200.0,Pro,NA
C00427,2023-08,2024-03,200.0,Pro,NA
C00427,2023-08,2024-04,200.0,Pro,NA
C00427,2023-08,2024-05,200.0,Pro,NA
C00427,2023-08,2024-06,200.0,Pro,NA
C00427,2023-08,2024-07,200.0,Pro,NA
C00427,2023-08,2024-08,200.0,Pro,NA
C00427,2023-08,2024-09,200.0,Pro,NA
C00427,2023-08,2024-10,200.0,Pro,NA
C00427,2023-08,2024-11,200.0,Pro,NA
C00427,2023-08,2024-12,200.0,Pro,NA
C00428,2023-08,2023-08,200.0,Pro,APAC
C00428,2023-08,2023-09,200.0,Pro,APAC
C00428,2023-08,2023-10,200.0,Pro,APAC
C00428,2023-08,2023-11,200.0,Pro,APAC
C00428,2023-08,2023-12,200.0,Pro,APAC
C00428,2023-08,2024-01,200.0,Pro,APAC
C00428,2023-08,2024-02,200.0,Pro,APAC
C00428,2023-08,2024-03,200.0,Pro,APAC
C00428,2023-08,2024-04,200.0,Pro,APAC
C00428,2023-08,2024-05,200.0,Pro,APAC
C00428,2023-08,2024-06,240.0,Pro,APAC
C00428,2023-08,2024-07,240.0,Pro,APAC
C00428,2023-08,2024-08,240.0,Pro,APAC
C00428,2023-08,2024-09,288.0,Pro,APAC
C00428,2023-08,2024-10,288.0,Pro,APAC
C00428,2023-08,2024-11,345.6,Pro,APAC
C00428,2023-08,2024-12,293.76,Pro,APAC
C00429,2023-08,2023-08,50.0,Starter,EMEA
C00429,2023-08,2023-09,50.0,Starter,EMEA
C00429,2023-08,2023-10,50.0,Starter,EMEA
C00429,2023-08,2023-11,50.0,Starter,EMEA
C00429,2023-08,2023-12,50.0,Starter,EMEA
C00429,2023-08,2024-01,50.0,Starter,EMEA
C00429,2023-08,2024-02,50.0,Starter,EMEA
C00429,2023-08,2024-03,50.0,Starter,EMEA
C00429,2023-08,2024-04,60.0,Starter,EMEA
C00429,2023-08,2024-05,60.0,Starter,EMEA
C00429,2023-08,2024-06,60.0,Starter,EMEA
C00430,2023-08,2023-08,50.0,Starter,EMEA
C00430,2023-08,2023-09,50.0,Starter,EMEA
C00430,2023-08,2023-10,50.0,Starter,EMEA
C00430,2023-08,2023-11,60.0,Starter,EMEA
C00430,2023-08,2023-12,60.0,Starter,EMEA
C00430,2023-08,2024-01,60.0,Starter,EMEA
C00430,2023-08,2024-02,72.0,Starter,EMEA
C00430,2023-08,2024-03,72.0,Starter,EMEA
C00430,2023-08,2024-04,72.0,Starter,EMEA
C00430,2023-08,2024-05,72.0,Starter,EMEA
C00430,2023-08,2024-06,72.0,Starter,EMEA
C00430,2023-08,2024-07,72.0,Starter,EMEA
C00430,2023-08,2024-08,72.0,Starter,EMEA
C00430,2023-08,2024-09,72.0,Starter,EMEA
C00430,2023-08,2024-10,72.0,Starter,EMEA
C00431,2023-08,2023-08,200.0,Pro,NA
C00431,2023-08,2023-09,200.0,Pro,NA
C00431,2023-08,2023-10,200.0,Pro,NA
C00431,2023-08,2023-11,200.0,Pro,NA
C00431,2023-08,2023-12,200.0,Pro,NA
C00431,2023-08,2024-01,200.0,Pro,NA
C00431,2023-08,2024-02,200.0,Pro,NA
C00431,2023-08,2024-03,200.0,Pro,NA
C00431,2023-08,2024-04,200.0,Pro,NA
C00431,2023-08,2024-05,200.0,Pro,NA
C00431,2023-08,2024-06,200.0,Pro,NA
C00431,2023-08,2024-07,240.0,Pro,NA
C00431,2023-08,2024-08,240.0,Pro,NA
C00431,2023-08,2024-09,240.0,Pro,NA
C00431,2023-08,2024-10,240.0,Pro,NA
C00431,2023-08,2024-11,240.0,Pro,NA
C00431,2023-08,2024-12,240.0,Pro,NA
C00432,2023-08,2023-08,50.0,Starter,APAC
C00432,2023-08,2023-09,50.0,Starter,APAC
C00432,2023-08,2023-10,50.0,Starter,APAC
C00432,2023-08,2023-11,50.0,Starter,APAC
C00432,2023-08,2023-12,50.0,Starter,APAC
C00432,2023-08,2024-01,50.0,Starter,APAC
C00432,2023-08,2024-02,50.0,Starter,APAC
C00432,2023-08,2024-03,50.0,Starter,APAC
C00432,2023-08,2024-04,50.0,Starter,APAC
C00432,2023-08,2024-05,50.0,Starter,APAC
C00432,2023-08,2024-06,50.0,Starter,APAC
C00432,2023-08,2024-07,50.0,Starter,APAC
C00432,2023-08,2024-08,60.0,Starter,APAC
C00432,2023-08,2024-09,60.0,Starter,APAC
C00432,2023-08,2024-10,60.0,Starter,APAC
C00432,2023-08,2024-11,72.0,Starter,APAC
C00432,2023-08,2024-12,72.0,Starter,APAC
C00433,2023-08,2023-08,50.0,Starter,APAC
C00433,2023-08,2023-09,50.0,Starter,APAC
C00433,2023-08,2023-10,50.0,Starter,APAC
C00433,2023-08,2023-11,50.0,Starter,APAC
C00433,2023-08,2023-12,50.0,Starter,APAC
C00433,2023-08,2024-01,50.0,Starter,APAC
C00433,2023-08,2024-02,50.0,Starter,APAC
C00433,2023-08,2024-03,60.0,Starter,APAC
C00433,2023-08,2024-04,60.0,Starter,APAC
C00433,2023-08,2024-05,60.0,Starter,APAC
C00433,2023-08,2024-06,60.0,Starter,APAC
C00433,2023-08,2024-07,60.0,Starter,APAC
C00433,2023-08,2024-08,60.0,Starter,APAC
C00433,2023-08,2024-09,60.0,Starter,APAC
C00433,2023-08,2024-10,72.0,Starter,APAC
C00433,2023-08,2024-11,72.0,Starter,APAC
C00433,2023-08,2024-12,72.0,Starter,APAC
C00434,2023-08,2023-08,50.0,Starter,NA
C00434,2023-08,2023-09,50.0,Starter,NA
C00434,2023-08,2023-10,42.5,Starter,NA
C00434,2023-08,2023-11,36.12,Starter,NA
C00434,2023-08,2023-12,36.12,Starter,NA
C00434,2023-08,2024-01,36.12,Starter,NA
C00434,2023-08,2024-02,43.35,Starter,NA
C00434,2023-08,2024-03,52.02,Starter,NA
C00434,2023-08,2024-04,52.02,Starter,NA
C00434,2023-08,2024-05,52.02,Starter,NA
C00434,2023-08,2024-06,52.02,Starter,NA
C00435,2023-08,2023-08,50.0,Starter,EMEA
C00435,2023-08,2023-09,50.0,Starter,EMEA
C00436,2023-08,2023-08,800.0,Enterprise,LATAM
C00437,2023-08,2023-08,50.0,Starter,NA
C00437,2023-08,2023-09,50.0,Starter,NA
C00437,2023-08,2023-10,42.5,Starter,NA
C00437,2023-08,2023-11,42.5,Starter,NA
C00437,2023-08,2023-12,42.5,Starter,NA
C00437,2023-08,2024-01,42.5,Starter,NA
C00437,2023-08,2024-02,42.5,Starter,NA
C00437,2023-08,2024-03,42.5,Starter,NA
C00437,2023-08,2024-04,42.5,Starter,NA
C00437,2023-08,2024-05,42.5,Starter,NA
C00437,2023-08,2024-06,42.5,Starter,NA
C00437,2023-08,2024-07,42.5,Starter,NA
C00437,2023-08,2024-08,42.5,Starter,NA
C00437,2023-08,2024-09,42.5,Starter,NA
C00437,2023-08,2024-10,42.5,Starter,NA
C00437,2023-08,2024-11,42.5,Starter,NA
C00437,2023-08,2024-12,42.5,Starter,NA
C00438,2023-08,2023-08,200.0,Pro,NA
C00438,2023-08,2023-09,240.0,Pro,NA
C00438,2023-08,2023-10,288.0,Pro,NA
C00438,2023-08,2023-11,288.0,Pro,NA
C00438,2023-08,2023-12,288.0,Pro,NA
C00438,2023-08,2024-01,288.0,Pro,NA
C00438,2023-08,2024-02,288.0,Pro,NA
C00438,2023-08,2024-03,288.0,Pro,NA
C00438,2023-08,2024-04,345.6,Pro,NA
C00438,2023-08,2024-05,345.6,Pro,NA
C00438,2023-08,2024-06,345.6,Pro,NA
C00438,2023-08,2024-07,345.6,Pro,NA
C00438,2023-08,2024-08,345.6,Pro,NA
C00438,2023-08,2024-09,345.6,Pro,NA
C00438,2023-08,2024-10,345.6,Pro,NA
C00438,2023-08,2024-11,345.6,Pro,NA
C00438,2023-08,2024-12,345.6,Pro,NA
C00439,2023-08,2023-08,50.0,Starter,NA
C00439,2023-08,2023-09,60.0,Starter,NA
C00440,2023-08,2023-08,50.0,Starter,NA
C00440,2023-08,2023-09,50.0,Starter,NA
C00440,2023-08,2023-10,50.0,Starter,NA
C00440,2023-08,2023-11,50.0,Starter,NA
C00440,2023-08,2023-12,50.0,Starter,NA
C00440,2023-08,2024-01,50.0,Starter,NA
C00441,2023-08,2023-08,200.0,Pro,LATAM
C00441,2023-08,2023-09,240.0,Pro,LATAM
C00441,2023-08,2023-10,240.0,Pro,LATAM
C00441,2023-08,2023-11,240.0,Pro,LATAM
C00441,2023-08,2023-12,288.0,Pro,LATAM
C00441,2023-08,2024-01,345.6,Pro,LATAM
C00441,2023-08,2024-02,414.72,Pro,LATAM
C00441,2023-08,2024-03,414.72,Pro,LATAM
C00441,2023-08,2024-04,414.72,Pro,LATAM
C00441,2023-08,2024-05,414.72,Pro,LATAM
C00441,2023-08,2024-06,414.72,Pro,LATAM
C00441,2023-08,2024-07,414.72,Pro,LATAM
C00441,2023-08,2024-08,414.72,Pro,LATAM
C00441,2023-08,2024-09,497.66,Pro,LATAM
C00441,2023-08,2024-10,497.66,Pro,LATAM
C00441,2023-08,2024-11,497.66,Pro,LATAM
C00441,2023-08,2024-12,497.66,Pro,LATAM
C00442,2023-08,2023-08,50.0,Starter,NA
C00442,2023-08,2023-09,50.0,Starter,NA
C00442,2023-08,2023-10,50.0,Starter,NA
C00442,2023-08,2023-11,50.0,Starter,NA
C00442,2023-08,2023-12,50.0,Starter,NA
C00442,2023-08,2024-01,50.0,Starter,NA
C00442,2023-08,2024-02,50.0,Starter,NA
C00442,2023-08,2024-03,42.5,Starter,NA
C00442,2023-08,2024-04,51.0,Starter,NA
C00442,2023-08,2024-05,51.0,Starter,NA
C00442,2023-08,2024-06,51.0,Starter,NA
C00442,2023-08,2024-07,51.0,Starter,NA
C00442,2023-08,2024-08,51.0,Starter,NA
C00442,2023-08,2024-09,51.0,Starter,NA
C00443,2023-08,2023-08,50.0,Starter,APAC
C00443,2023-08,2023-09,50.0,Starter,APAC
C00443,2023-08,2023-10,50.0,Starter,APAC
C00443,2023-08,2023-11,42.5,Starter,APAC
C00443,2023-08,2023-12,42.5,Starter,APAC
C00443,2023-08,2024-01,42.5,Starter,APAC
C00443,2023-08,2024-02,42.5,Starter,APAC
C00443,2023-08,2024-03,51.0,Starter,APAC
C00443,2023-08,2024-04,51.0,Starter,APAC
C00443,2023-08,2024-05,51.0,Starter,APAC
C00443,2023-08,2024-06,51.0,Starter,APAC
C00443,2023-08,2024-07,51.0,Starter,APAC
C00443,2023-08,2024-08,51.0,Starter,APAC
C00443,2023-08,2024-09,51.0,Starter,APAC
C00443,2023-08,2024-10,51.0,Starter,APAC
C00443,2023-08,2024-11,61.2,Starter,APAC
C00443,2023-08,2024-12,61.2,Starter,APAC
C00444,2023-08,2023-08,200.0,Pro,EMEA
C00444,2023-08,2023-09,200.0,Pro,EMEA
C00444,2023-08,2023-10,200.0,Pro,EMEA
C00444,2023-08,2023-11,170.0,Pro,EMEA
C00444,2023-08,2023-12,170.0,Pro,EMEA
C00444,2023-08,2024-01,170.0,Pro,EMEA
C00444,2023-08,2024-02,170.0,Pro,EMEA
C00444,2023-08,2024-03,170.0,Pro,EMEA
C00444,2023-08,2024-04,170.0,Pro,EMEA
C00444,2023-08,2024-05,144.5,Pro,EMEA
C00444,2023-08,2024-06,144.5,Pro,EMEA
C00444,2023-08,2024-07,173.4,Pro,EMEA
C00444,2023-08,2024-08,208.08,Pro,EMEA
C00444,2023-08,2024-09,208.08,Pro,EMEA
C00444,2023-08,2024-10,208.08,Pro,EMEA
C00444,2023-08,2024-11,208.08,Pro,EMEA
C00444,2023-08,2024-12,208.08,Pro,EMEA
C00445,2023-08,2023-08,50.0,Starter,EMEA
C00445,2023-08,2023-09,50.0,Starter,EMEA
C00445,2023-08,2023-10,60.0,Starter,EMEA
C00445,2023-08,2023-11,60.0,Starter,EMEA
C00445,2023-08,2023-12,60.0,Starter,EMEA
C00445,2023-08,2024-01,60.0,Starter,EMEA
C00445,2023-08,2024-02,60.0,Starter,EMEA
C00445,2023-08,2024-03,60.0,Starter,EMEA
C00445,2023-08,2024-04,60.0,Starter,EMEA
C00445,2023-08,2024-05,60.0,Starter,EMEA
C00445,2023-08,2024-06,60.0,Starter,EMEA
C00445,2023-08,2024-07,72.0,Starter,EMEA
C00445,2023-08,2024-08,72.0,Starter,EMEA
C00445,2023-08,2024-09,72.0,Starter,EMEA
C00445,2023-08,2024-10,72.0,Starter,EMEA
C00445,2023-08,2024-11,72.0,Starter,EMEA
C00445,2023-08,2024-12,86.4,Starter,EMEA
C00446,2023-08,2023-08,50.0,Starter,NA
C00446,2023-08,2023-09,50.0,Starter,NA
C00446,2023-08,2023-10,50.0,Starter,NA
C00446,2023-08,2023-11,50.0,Starter,NA
C00446,2023-08,2023-12,60.0,Starter,NA
C00446,2023-08,2024-01,72.0,Starter,NA
C00446,2023-08,2024-02,72.0,Starter,NA
C00446,2023-08,2024-03,72.0,Starter,NA
C00446,2023-08,2024-04,72.0,Starter,NA
C00446,2023-08,2024-05,72.0,Starter,NA
C00446,2023-08,2024-06,72.0,Starter,NA
C00446,2023-08,2024-07,72.0,Starter,NA
C00446,2023-08,2024-08,72.0,Starter,NA
C00446,2023-08,2024-09,86.4,Starter,NA
C00446,2023-08,2024-10,103.68,Starter,NA
C00446,2023-08,2024-11,124.42,Starter,NA
C00446,2023-08,2024-12,124.42,Starter,NA
C00447,2023-08,2023-08,50.0,Starter,APAC
C00447,2023-08,2023-09,50.0,Starter,APAC
C00447,2023-08,2023-10,50.0,Starter,APAC
C00447,2023-08,2023-11,50.0,Starter,APAC
C00447,2023-08,2023-12,50.0,Starter,APAC
C00447,2023-08,2024-01,60.0,Starter,APAC
C00447,2023-08,2024-02,60.0,Starter,APAC
C00447,2023-08,2024-03,60.0,Starter,APAC
C00447,2023-08,2024-04,60.0,Starter,APAC
C00447,2023-08,2024-05,60.0,Starter,APAC
C00447,2023-08,2024-06,72.0,Starter,APAC
C00447,2023-08,2024-07,72.0,Starter,APAC
C00447,2023-08,2024-08,72.0,Starter,APAC
C00447,2023-08,2024-09,72.0,Starter,APAC
C00447,2023-08,2024-10,72.0,Starter,APAC
C00447,2023-08,2024-11,72.0,Starter,APAC
C00447,2023-08,2024-12,72.0,Starter,APAC
C00448,2023-08,2023-08,200.0,Pro,LATAM
C00448,2023-08,2023-09,200.0,Pro,LATAM
C00448,2023-08,2023-10,200.0,Pro,LATAM
C00448,2023-08,2023-11,200.0,Pro,LATAM
C00448,2023-08,2023-12,200.0,Pro,LATAM
C00448,2023-08,2024-01,200.0,Pro,LATAM
C00448,2023-08,2024-02,200.0,Pro,LATAM
C00448,2023-08,2024-03,200.0,Pro,LATAM
C00448,2023-08,2024-04,200.0,Pro,LATAM
C00449,2023-08,2023-08,50.0,Starter,NA
C00449,2023-08,2023-09,50.0,Starter,NA
C00450,2023-08,2023-08,50.0,Starter,EMEA
C00450,2023-08,2023-09,60.0,Starter,EMEA
C00450,2023-08,2023-10,60.0,Starter,EMEA
C00450,2023-08,2023-11,60.0,Starter,EMEA
C00450,2023-08,2023-12,51.0,Starter,EMEA
C00450,2023-08,2024-01,51.0,Starter,EMEA
C00450,2023-08,2024-02,51.0,Starter,EMEA
C00450,2023-08,2024-03,61.2,Starter,EMEA
C00450,2023-08,2024-04,61.2,Starter,EMEA
C00450,2023-08,2024-05,61.2,Starter,EMEA
C00450,2023-08,2024-06,61.2,Starter,EMEA
C00450,2023-08,2024-07,61.2,Starter,EMEA
C00450,2023-08,2024-08,61.2,Starter,EMEA
C00450,2023-08,2024-09,61.2,Starter,EMEA
C00450,2023-08,2024-10,61.2,Starter,EMEA
C00450,2023-08,2024-11,61.2,Starter,EMEA
C00450,2023-08,2024-12,61.2,Starter,EMEA
C00451,2023-08,2023-08,50.0,Starter,EMEA
C00451,2023-08,2023-09,60.0,Starter,EMEA
C00451,2023-08,2023-10,60.0,Starter,EMEA
C00451,2023-08,2023-11,60.0,Starter,EMEA
C00451,2023-08,2023-12,60.0,Starter,EMEA
C00451,2023-08,2024-01,60.0,Starter,EMEA
C00452,2023-08,2023-08,50.0,Starter,NA
C00452,2023-08,2023-09,60.0,Starter,NA
C00452,2023-08,2023-10,60.0,Starter,NA
C00452,2023-08,2023-11,60.0,Starter,NA
C00452,2023-08,2023-12,60.0,Starter,NA
C00452,2023-08,2024-01,60.0,Starter,NA
C00452,2023-08,2024-02,72.0,Starter,NA
C00452,2023-08,2024-03,72.0,Starter,NA
C00452,2023-08,2024-04,72.0,Starter,NA
C00452,2023-08,2024-05,72.0,Starter,NA
C00452,2023-08,2024-06,72.0,Starter,NA
C00452,2023-08,2024-07,72.0,Starter,NA
C00452,2023-08,2024-08,72.0,Starter,NA
C00452,2023-08,2024-09,72.0,Starter,NA
C00452,2023-08,2024-10,72.0,Starter,NA
C00452,2023-08,2024-11,61.2,Starter,NA
C00452,2023-08,2024-12,61.2,Starter,NA
C00453,2023-08,2023-08,200.0,Pro,EMEA
C00454,2023-08,2023-08,50.0,Starter,NA
C00454,2023-08,2023-09,50.0,Starter,NA
C00454,2023-08,2023-10,50.0,Starter,NA
C00454,2023-08,2023-11,50.0,Starter,NA
C00454,2023-08,2023-12,42.5,Starter,NA
C00454,2023-08,2024-01,51.0,Starter,NA
C00454,2023-08,2024-02,51.0,Starter,NA
C00454,2023-08,2024-03,51.0,Starter,NA
C00454,2023-08,2024-04,51.0,Starter,NA
C00454,2023-08,2024-05,51.0,Starter,NA
C00454,2023-08,2024-06,51.0,Starter,NA
C00454,2023-08,2024-07,61.2,Starter,NA
C00454,2023-08,2024-08,61.2,Starter,NA
C00454,2023-08,2024-09,52.02,Starter,NA
C00454,2023-08,2024-10,52.02,Starter,NA
C00454,2023-08,2024-11,52.02,Starter,NA
C00454,2023-08,2024-12,52.02,Starter,NA
C00455,2023-08,2023-08,200.0,Pro,EMEA
C00455,2023-08,2023-09,200.0,Pro,EMEA
C00455,2023-08,2023-10,200.0,Pro,EMEA
C00455,2023-08,2023-11,200.0,Pro,EMEA
C00455,2023-08,2023-12,200.0,Pro,EMEA
C00455,2023-08,2024-01,200.0,Pro,EMEA
C00455,2023-08,2024-02,200.0,Pro,EMEA
C00455,2023-08,2024-03,200.0,Pro,EMEA
C00455,2023-08,2024-04,200.0,Pro,EMEA
C00455,2023-08,2024-05,200.0,Pro,EMEA
C00455,2023-08,2024-06,200.0,Pro,EMEA
C00455,2023-08,2024-07,200.0,Pro,EMEA
C00455,2023-08,2024-08,200.0,Pro,EMEA
C00455,2023-08,2024-09,200.0,Pro,EMEA
C00455,2023-08,2024-10,200.0,Pro,EMEA
C00455,2023-08,2024-11,200.0,Pro,EMEA
C00455,2023-08,2024-12,200.0,Pro,EMEA
C00456,2023-08,2023-08,200.0,Pro,NA
C00456,2023-08,2023-09,240.0,Pro,NA
C00456,2023-08,2023-10,240.0,Pro,NA
C00456,2023-08,2023-11,240.0,Pro,NA
C00456,2023-08,2023-12,240.0,Pro,NA
C00456,2023-08,2024-01,240.0,Pro,NA
C00456,2023-08,2024-02,240.0,Pro,NA
C00456,2023-08,2024-03,240.0,Pro,NA
C00456,2023-08,2024-04,240.0,Pro,NA
C00456,2023-08,2024-05,240.0,Pro,NA
C00456,2023-08,2024-06,288.0,Pro,NA
C00456,2023-08,2024-07,288.0,Pro,NA
C00456,2023-08,2024-08,288.0,Pro,NA
C00456,2023-08,2024-09,345.6,Pro,NA
C00456,2023-08,2024-10,345.6,Pro,NA
C00456,2023-08,2024-11,414.72,Pro,NA
C00456,2023-08,2024-12,497.66,Pro,NA
C00457,2023-08,2023-08,200.0,Pro,NA
C00457,2023-08,2023-09,200.0,Pro,NA
C00457,2023-08,2023-10,200.0,Pro,NA
C00457,2023-08,2023-11,200.0,Pro,NA
C00457,2023-08,2023-12,200.0,Pro,NA
C00457,2023-08,2024-01,200.0,Pro,NA
C00457,2023-08,2024-02,200.0,Pro,NA
C00457,2023-08,2024-03,240.0,Pro,NA
C00457,2023-08,2024-04,240.0,Pro,NA
C00457,2023-08,2024-05,240.0,Pro,NA
C00457,2023-08,2024-06,240.0,Pro,NA
C00457,2023-08,2024-07,240.0,Pro,NA
C00457,2023-08,2024-08,240.0,Pro,NA
C00457,2023-08,2024-09,288.0,Pro,NA
C00457,2023-08,2024-10,288.0,Pro,NA
C00457,2023-08,2024-11,288.0,Pro,NA
C00457,2023-08,2024-12,345.6,Pro,NA
C00458,2023-08,2023-08,50.0,Starter,NA
C00458,2023-08,2023-09,50.0,Starter,NA
C00458,2023-08,2023-10,50.0,Starter,NA
C00458,2023-08,2023-11,50.0,Starter,NA
C00458,2023-08,2023-12,42.5,Starter,NA
C00458,2023-08,2024-01,42.5,Starter,NA
C00458,2023-08,2024-02,42.5,Starter,NA
C00458,2023-08,2024-03,51.0,Starter,NA
C00458,2023-08,2024-04,61.2,Starter,NA
C00458,2023-08,2024-05,73.44,Starter,NA
C00458,2023-08,2024-06,73.44,Starter,NA
C00458,2023-08,2024-07,73.44,Starter,NA
C00458,2023-08,2024-08,73.44,Starter,NA
C00458,2023-08,2024-09,73.44,Starter,NA
C00458,2023-08,2024-10,73.44,Starter,NA
C00458,2023-08,2024-11,73.44,Starter,NA
C00459,2023-08,2023-08,200.0,Pro,NA
C00459,2023-08,2023-09,200.0,Pro,NA
C00459,2023-08,2023-10,200.0,Pro,NA
C00459,2023-08,2023-11,200.0,Pro,NA
C00459,2023-08,2023-12,200.0,Pro,NA
C00459,2023-08,2024-01,240.0,Pro,NA
C00459,2023-08,2024-02,240.0,Pro,NA
C00459,2023-08,2024-03,288.0,Pro,NA
C00459,2023-08,2024-04,345.6,Pro,NA
C00459,2023-08,2024-05,345.6,Pro,NA
C00459,2023-08,2024-06,414.72,Pro,NA
C00459,2023-08,2024-07,414.72,Pro,NA
C00459,2023-08,2024-08,414.72,Pro,NA
C00459,2023-08,2024-09,414.72,Pro,NA
C00459,2023-08,2024-10,414.72,Pro,NA
C00459,2023-08,2024-11,414.72,Pro,NA
C00459,2023-08,2024-12,497.66,Pro,NA
C00460,2023-08,2023-08,50.0,Starter,APAC
C00460,2023-08,2023-09,50.0,Starter,APAC
C00460,2023-08,2023-10,50.0,Starter,APAC
C00460,2023-08,2023-11,60.0,Starter,APAC
C00460,2023-08,2023-12,60.0,Starter,APAC
C00460,2023-08,2024-01,60.0,Starter,APAC
C00460,2023-08,2024-02,60.0,Starter,APAC
C00460,2023-08,2024-03,60.0,Starter,APAC
C00460,2023-08,2024-04,60.0,Starter,APAC
C00460,2023-08,2024-05,60.0,Starter,APAC
C00460,2023-08,2024-06,60.0,Starter,APAC
C00460,2023-08,2024-07,60.0,Starter,APAC
C00460,2023-08,2024-08,60.0,Starter,APAC
C00460,2023-08,2024-09,60.0,Starter,APAC
C00460,2023-08,2024-10,72.0,Starter,APAC
C00460,2023-08,2024-11,72.0,Starter,APAC
C00460,2023-08,2024-12,72.0,Starter,APAC
C00461,2023-08,2023-08,50.0,Starter,EMEA
C00461,2023-08,2023-09,60.0,Starter,EMEA
C00461,2023-08,2023-10,60.0,Starter,EMEA
C00461,2023-08,2023-11,60.0,Starter,EMEA
C00461,2023-08,2023-12,72.0,Starter,EMEA
C00461,2023-08,2024-01,72.0,Starter,EMEA
C00461,2023-08,2024-02,72.0,Starter,EMEA
C00461,2023-08,2024-03,72.0,Starter,EMEA
C00461,2023-08,2024-04,72.0,Starter,EMEA
C00461,2023-08,2024-05,72.0,Starter,EMEA
C00461,2023-08,2024-06,86.4,Starter,EMEA
C00461,2023-08,2024-07,86.4,Starter,EMEA
C00461,2023-08,2024-08,86.4,Starter,EMEA
C00461,2023-08,2024-09,103.68,Starter,EMEA
C00461,2023-08,2024-10,103.68,Starter,EMEA
C00461,2023-08,2024-11,103.68,Starter,EMEA
C00461,2023-08,2024-12,103.68,Starter,EMEA
C00462,2023-08,2023-08,200.0,Pro,LATAM
C00462,2023-08,2023-09,170.0,Pro,LATAM
C00462,2023-08,2023-10,170.0,Pro,LATAM
C00462,2023-08,2023-11,170.0,Pro,LATAM
C00462,2023-08,2023-12,170.0,Pro,LATAM
C00462,2023-08,2024-01,170.0,Pro,LATAM
C00462,2023-08,2024-02,170.0,Pro,LATAM
C00462,2023-08,2024-03,170.0,Pro,LATAM
C00462,2023-08,2024-04,170.0,Pro,LATAM
C00462,2023-08,2024-05,170.0,Pro,LATAM
C00462,2023-08,2024-06,204.0,Pro,LATAM
C00462,2023-08,2024-07,204.0,Pro,LATAM
C00462,2023-08,2024-08,204.0,Pro,LATAM
C00462,2023-08,2024-09,204.0,Pro,LATAM
C00462,2023-08,2024-10,244.8,Pro,LATAM
C00462,2023-08,2024-11,244.8,Pro,LATAM
C00462,2023-08,2024-12,244.8,Pro,LATAM
C00463,2023-08,2023-08,200.0,Pro,NA
C00463,2023-08,2023-09,200.0,Pro,NA
C00463,2023-08,2023-10,200.0,Pro,NA
C00463,2023-08,2023-11,240.0,Pro,NA
C00463,2023-08,2023-12,240.0,Pro,NA
C00464,2023-08,2023-08,200.0,Pro,NA
C00464,2023-08,2023-09,200.0,Pro,NA
C00464,2023-08,2023-10,200.0,Pro,NA
C00464,2023-08,2023-11,200.0,Pro,NA
C00464,2023-08,2023-12,200.0,Pro,NA
C00464,2023-08,2024-01,200.0,Pro,NA
C00464,2023-08,2024-02,200.0,Pro,NA
C00464,2023-08,2024-03,200.0,Pro,NA
C00464,2023-08,2024-04,200.0,Pro,NA
C00464,2023-08,2024-05,200.0,Pro,NA
C00464,2023-08,2024-06,200.0,Pro,NA
C00464,2023-08,2024-07,240.0,Pro,NA
C00464,2023-08,2024-08,240.0,Pro,NA
C00464,2023-08,2024-09,288.0,Pro,NA
C00464,2023-08,2024-10,288.0,Pro,NA
C00464,2023-08,2024-11,288.0,Pro,NA
C00464,2023-08,2024-12,288.0,Pro,NA
C00465,2023-08,2023-08,200.0,Pro,NA
C00465,2023-08,2023-09,200.0,Pro,NA
C00465,2023-08,2023-10,200.0,Pro,NA
C00465,2023-08,2023-11,200.0,Pro,NA
C00465,2023-08,2023-12,200.0,Pro,NA
C00465,2023-08,2024-01,200.0,Pro,NA
C00465,2023-08,2024-02,200.0,Pro,NA
C00465,2023-08,2024-03,240.0,Pro,NA
C00465,2023-08,2024-04,204.0,Pro,NA
C00465,2023-08,2024-05,204.0,Pro,NA
C00465,2023-08,2024-06,173.4,Pro,NA
C00465,2023-08,2024-07,173.4,Pro,NA
C00465,2023-08,2024-08,173.4,Pro,NA
C00465,2023-08,2024-09,173.4,Pro,NA
C00465,2023-08,2024-10,173.4,Pro,NA
C00465,2023-08,2024-11,173.4,Pro,NA
C00466,2023-08,2023-08,50.0,Starter,EMEA
C00466,2023-08,2023-09,50.0,Starter,EMEA
C00466,2023-08,2023-10,50.0,Starter,EMEA
C00466,2023-08,2023-11,50.0,Starter,EMEA
C00466,2023-08,2023-12,50.0,Starter,EMEA
C00466,2023-08,2024-01,50.0,Starter,EMEA
C00466,2023-08,2024-02,50.0,Starter,EMEA
C00466,2023-08,2024-03,50.0,Starter,EMEA
C00466,2023-08,2024-04,50.0,Starter,EMEA
C00466,2023-08,2024-05,50.0,Starter,EMEA
C00466,2023-08,2024-06,50.0,Starter,EMEA
C00466,2023-08,2024-07,42.5,Starter,EMEA
C00466,2023-08,2024-08,42.5,Starter,EMEA
C00466,2023-08,2024-09,51.0,Starter,EMEA
C00466,2023-08,2024-10,51.0,Starter,EMEA
C00466,2023-08,2024-11,51.0,Starter,EMEA
C00466,2023-08,2024-12,51.0,Starter,EMEA
C00467,2023-08,2023-08,200.0,Pro,LATAM
C00468,2023-08,2023-08,50.0,Starter,NA
C00468,2023-08,2023-09,50.0,Starter,NA
C00468,2023-08,2023-10,50.0,Starter,NA
C00468,2023-08,2023-11,60.0,Starter,NA
C00468,2023-08,2023-12,60.0,Starter,NA
C00468,2023-08,2024-01,60.0,Starter,NA
C00468,2023-08,2024-02,60.0,Starter,NA
C00468,2023-08,2024-03,60.0,Starter,NA
C00468,2023-08,2024-04,72.0,Starter,NA
C00468,2023-08,2024-05,72.0,Starter,NA
C00468,2023-08,2024-06,72.0,Starter,NA
C00468,2023-08,2024-07,61.2,Starter,NA
C00468,2023-08,2024-08,73.44,Starter,NA
C00468,2023-08,2024-09,73.44,Starter,NA
C00468,2023-08,2024-10,73.44,Starter,NA
C00468,2023-08,2024-11,88.13,Starter,NA
C00468,2023-08,2024-12,88.13,Starter,NA
C00469,2023-08,2023-08,50.0,Starter,EMEA
C00469,2023-08,2023-09,50.0,Starter,EMEA
C00469,2023-08,2023-10,50.0,Starter,EMEA
C00469,2023-08,2023-11,60.0,Starter,EMEA
C00469,2023-08,2023-12,60.0,Starter,EMEA
C00469,2023-08,2024-01,72.0,Starter,EMEA
C00469,2023-08,2024-02,72.0,Starter,EMEA
C00469,2023-08,2024-03,72.0,Starter,EMEA
C00469,2023-08,2024-04,72.0,Starter,EMEA
C00469,2023-08,2024-05,86.4,Starter,EMEA
C00469,2023-08,2024-06,103.68,Starter,EMEA
C00469,2023-08,2024-07,103.68,Starter,EMEA
C00469,2023-08,2024-08,88.13,Starter,EMEA
C00469,2023-08,2024-09,88.13,Starter,EMEA
C00469,2023-08,2024-10,88.13,Starter,EMEA
C00469,2023-08,2024-11,88.13,Starter,EMEA
C00469,2023-08,2024-12,88.13,Starter,EMEA
C00470,2023-08,2023-08,50.0,Starter,NA
C00470,2023-08,2023-09,60.0,Starter,NA
C00470,2023-08,2023-10,51.0,Starter,NA
C00470,2023-08,2023-11,51.0,Starter,NA
C00470,2023-08,2023-12,51.0,Starter,NA
C00470,2023-08,2024-01,51.0,Starter,NA
C00470,2023-08,2024-02,61.2,Starter,NA
C00470,2023-08,2024-03,61.2,Starter,NA
C00470,2023-08,2024-04,61.2,Starter,NA
C00470,2023-08,2024-05,73.44,Starter,NA
C00470,2023-08,2024-06,73.44,Starter,NA
C00470,2023-08,2024-07,73.44,Starter,NA
C00470,2023-08,2024-08,73.44,Starter,NA
C00470,2023-08,2024-09,88.13,Starter,NA
C00470,2023-08,2024-10,88.13,Starter,NA
C00470,2023-08,2024-11,88.13,Starter,NA
C00470,2023-08,2024-12,88.13,Starter,NA
C00471,2023-08,2023-08,50.0,Starter,APAC
C00471,2023-08,2023-09,60.0,Starter,APAC
C00471,2023-08,2023-10,60.0,Starter,APAC
C00471,2023-08,2023-11,51.0,Starter,APAC
C00471,2023-08,2023-12,51.0,Starter,APAC
C00471,2023-08,2024-01,51.0,Starter,APAC
C00471,2023-08,2024-02,61.2,Starter,APAC
C00472,2023-08,2023-08,50.0,Starter,NA
C00473,2023-08,2023-08,50.0,Starter,NA
C00473,2023-08,2023-09,60.0,Starter,NA
C00473,2023-08,2023-10,60.0,Starter,NA
C00473,2023-08,2023-11,51.0,Starter,NA
C00473,2023-08,2023-12,51.0,Starter,NA
C00473,2023-08,2024-01,51.0,Starter,NA
C00473,2023-08,2024-02,51.0,Starter,NA
C00473,2023-08,2024-03,43.35,Starter,NA
C00473,2023-08,2024-04,43.35,Starter,NA
C00473,2023-08,2024-05,43.35,Starter,NA
C00473,2023-08,2024-06,43.35,Starter,NA
C00473,2023-08,2024-07,43.35,Starter,NA
C00473,2023-08,2024-08,43.35,Starter,NA
C00473,2023-08,2024-09,52.02,Starter,NA
C00473,2023-08,2024-10,62.42,Starter,NA
C00473,2023-08,2024-11,74.91,Starter,NA
C00473,2023-08,2024-12,74.91,Starter,NA
C00474,2023-08,2023-08,200.0,Pro,NA
C00474,2023-08,2023-09,200.0,Pro,NA
C00474,2023-08,2023-10,200.0,Pro,NA
C00474,2023-08,2023-11,200.0,Pro,NA
C00474,2023-08,2023-12,200.0,Pro,NA
C00474,2023-08,2024-01,200.0,Pro,NA
C00474,2023-08,2024-02,200.0,Pro,NA
C00474,2023-08,2024-03,200.0,Pro,NA
C00474,2023-08,2024-04,200.0,Pro,NA
C00474,2023-08,2024-05,200.0,Pro,NA
C00474,2023-08,2024-06,200.0,Pro,NA
C00474,2023-08,2024-07,200.0,Pro,NA
C00474,2023-08,2024-08,200.0,Pro,NA
C00474,2023-08,2024-09,240.0,Pro,NA
C00474,2023-08,2024-10,240.0,Pro,NA
C00475,2023-08,2023-08,200.0,Pro,NA
C00475,2023-08,2023-09,200.0,Pro,NA
C00475,2023-08,2023-10,200.0,Pro,NA
C00475,2023-08,2023-11,240.0,Pro,NA
C00475,2023-08,2023-12,240.0,Pro,NA
C00475,2023-08,2024-01,240.0,Pro,NA
C00475,2023-08,2024-02,240.0,Pro,NA
C00475,2023-08,2024-03,240.0,Pro,NA
C00475,2023-08,2024-04,240.0,Pro,NA
C00475,2023-08,2024-05,240.0,Pro,NA
C00476,2023-08,2023-08,50.0,Starter,EMEA
C00476,2023-08,2023-09,50.0,Starter,EMEA
C00476,2023-08,2023-10,50.0,Starter,EMEA
C00476,2023-08,2023-11,50.0,Starter,EMEA
C00476,2023-08,2023-12,50.0,Starter,EMEA
C00476,2023-08,2024-01,50.0,Starter,EMEA
C00476,2023-08,2024-02,50.0,Starter,EMEA
C00476,2023-08,2024-03,50.0,Starter,EMEA
C00476,2023-08,2024-04,50.0,Starter,EMEA
C00476,2023-08,2024-05,50.0,Starter,EMEA
C00476,2023-08,2024-06,50.0,Starter,EMEA
C00476,2023-08,2024-07,50.0,Starter,EMEA
C00476,2023-08,2024-08,50.0,Starter,EMEA
C00476,2023-08,2024-09,60.0,Starter,EMEA
C00476,2023-08,2024-10,60.0,Starter,EMEA
C00476,2023-08,2024-11,60.0,Starter,EMEA
C00476,2023-08,2024-12,60.0,Starter,EMEA
C00477,2023-08,2023-08,200.0,Pro,NA
C00477,2023-08,2023-09,200.0,Pro,NA
C00477,2023-08,2023-10,200.0,Pro,NA
C00477,2023-08,2023-11,200.0,Pro,NA
C00477,2023-08,2023-12,240.0,Pro,NA
C00477,2023-08,2024-01,240.0,Pro,NA
C00477,2023-08,2024-02,240.0,Pro,NA
C00477,2023-08,2024-03,240.0,Pro,NA
C00477,2023-08,2024-04,240.0,Pro,NA
C00477,2023-08,2024-05,240.0,Pro,NA
C00477,2023-08,2024-06,240.0,Pro,NA
C00477,2023-08,2024-07,240.0,Pro,NA
C00477,2023-08,2024-08,240.0,Pro,NA
C00478,2023-08,2023-08,200.0,Pro,NA
C00478,2023-08,2023-09,240.0,Pro,NA
C00478,2023-08,2023-10,240.0,Pro,NA
C00478,2023-08,2023-11,240.0,Pro,NA
C00478,2023-08,2023-12,240.0,Pro,NA
C00478,2023-08,2024-01,240.0,Pro,NA
C00478,2023-08,2024-02,240.0,Pro,NA
C00478,2023-08,2024-03,240.0,Pro,NA
C00478,2023-08,2024-04,240.0,Pro,NA
C00478,2023-08,2024-05,240.0,Pro,NA
C00478,2023-08,2024-06,240.0,Pro,NA
C00478,2023-08,2024-07,240.0,Pro,NA
C00478,2023-08,2024-08,240.0,Pro,NA
C00478,2023-08,2024-09,240.0,Pro,NA
C00478,2023-08,2024-10,240.0,Pro,NA
C00478,2023-08,2024-11,240.0,Pro,NA
C00478,2023-08,2024-12,288.0,Pro,NA
C00479,2023-08,2023-08,200.0,Pro,NA
C00479,2023-08,2023-09,200.0,Pro,NA
C00479,2023-08,2023-10,200.0,Pro,NA
C00479,2023-08,2023-11,240.0,Pro,NA
C00479,2023-08,2023-12,288.0,Pro,NA
C00479,2023-08,2024-01,345.6,Pro,NA
C00479,2023-08,2024-02,293.76,Pro,NA
C00479,2023-08,2024-03,293.76,Pro,NA
C00479,2023-08,2024-04,293.76,Pro,NA
C00479,2023-08,2024-05,293.76,Pro,NA
C00479,2023-08,2024-06,293.76,Pro,NA
C00479,2023-08,2024-07,293.76,Pro,NA
C00479,2023-08,2024-08,249.7,Pro,NA
C00479,2023-08,2024-09,299.64,Pro,NA
C00479,2023-08,2024-10,299.64,Pro,NA
C00479,2023-08,2024-11,299.64,Pro,NA
C00479,2023-08,2024-12,299.64,Pro,NA
C00480,2023-09,2023-09,200.0,Pro,NA
C00480,2023-09,2023-10,200.0,Pro,NA
C00480,2023-09,2023-11,200.0,Pro,NA
C00480,2023-09,2023-12,240.0,Pro,NA
C00480,2023-09,2024-01,240.0,Pro,NA
C00480,2023-09,2024-02,240.0,Pro,NA
C00480,2023-09,2024-03,240.0,Pro,NA
C00480,2023-09,2024-04,240.0,Pro,NA
C00480,2023-09,2024-05,240.0,Pro,NA
C00480,2023-09,2024-06,240.0,Pro,NA
C00480,2023-09,2024-07,240.0,Pro,NA
C00480,2023-09,2024-08,240.0,Pro,NA
C00480,2023-09,2024-09,240.0,Pro,NA
C00480,2023-09,2024-10,240.0,Pro,NA
C00480,2023-09,2024-11,240.0,Pro,NA
C00480,2023-09,2024-12,288.0,Pro,NA
C00481,2023-09,2023-09,50.0,Starter,APAC
C00481,2023-09,2023-10,50.0,Starter,APAC
C00481,2023-09,2023-11,50.0,Starter,APAC
C00481,2023-09,2023-12,50.0,Starter,APAC
C00481,2023-09,2024-01,60.0,Starter,APAC
C00481,2023-09,2024-02,72.0,Starter,APAC
C00481,2023-09,2024-03,72.0,Starter,APAC
C00481,2023-09,2024-04,72.0,Starter,APAC
C00481,2023-09,2024-05,72.0,Starter,APAC
C00481,2023-09,2024-06,61.2,Starter,APAC
C00481,2023-09,2024-07,61.2,Starter,APAC
C00481,2023-09,2024-08,61.2,Starter,APAC
C00481,2023-09,2024-09,61.2,Starter,APAC
C00481,2023-09,2024-10,61.2,Starter,APAC
C00481,2023-09,2024-11,61.2,Starter,APAC
C00481,2023-09,2024-12,61.2,Starter,APAC
C00482,2023-09,2023-09,50.0,Starter,LATAM
C00482,2023-09,2023-10,50.0,Starter,LATAM
C00482,2023-09,2023-11,50.0,Starter,LATAM
C00482,2023-09,2023-12,50.0,Starter,LATAM
C00482,2023-09,2024-01,60.0,Starter,LATAM
C00482,2023-09,2024-02,60.0,Starter,LATAM
C00482,2023-09,2024-03,60.0,Starter,LATAM
C00482,2023-09,2024-04,60.0,Starter,LATAM
C00482,2023-09,2024-05,72.0,Starter,LATAM
C00482,2023-09,2024-06,72.0,Starter,LATAM
C00482,2023-09,2024-07,61.2,Starter,LATAM
C00482,2023-09,2024-08,73.44,Starter,LATAM
C00482,2023-09,2024-09,73.44,Starter,LATAM
C00482,2023-09,2024-10,73.44,Starter,LATAM
C00482,2023-09,2024-11,73.44,Starter,LATAM
C00482,2023-09,2024-12,88.13,Starter,LATAM
C00483,2023-09,2023-09,200.0,Pro,NA
C00484,2023-09,2023-09,50.0,Starter,EMEA
C00484,2023-09,2023-10,50.0,Starter,EMEA
C00484,2023-09,2023-11,50.0,Starter,EMEA
C00484,2023-09,2023-12,50.0,Starter,EMEA
C00484,2023-09,2024-01,50.0,Starter,EMEA
C00484,2023-09,2024-02,42.5,Starter,EMEA
C00484,2023-09,2024-03,51.0,Starter,EMEA
C00484,2023-09,2024-04,51.0,Starter,EMEA
C00484,2023-09,2024-05,51.0,Starter,EMEA
C00484,2023-09,2024-06,51.0,Starter,EMEA
C00484,2023-09,2024-07,43.35,Starter,EMEA
C00484,2023-09,2024-08,43.35,Starter,EMEA
C00484,2023-09,2024-09,43.35,Starter,EMEA
C00484,2023-09,2024-10,52.02,Starter,EMEA
C00484,2023-09,2024-11,52.02,Starter,EMEA
C00484,2023-09,2024-12,52.02,Starter,EMEA
C00485,2023-09,2023-09,50.0,Starter,NA
C00485,2023-09,2023-10,50.0,Starter,NA
C00485,2023-09,2023-11,50.0,Starter,NA
C00485,2023-09,2023-12,50.0,Starter,NA
C00485,2023-09,2024-01,60.0,Starter,NA
C00485,2023-09,2024-02,60.0,Starter,NA
C00486,2023-09,2023-09,200.0,Pro,NA
C00486,2023-09,2023-10,200.0,Pro,NA
C00486,2023-09,2023-11,240.0,Pro,NA
C00486,2023-09,2023-12,240.0,Pro,NA
C00486,2023-09,2024-01,240.0,Pro,NA
C00486,2023-09,2024-02,240.0,Pro,NA
C00486,2023-09,2024-03,240.0,Pro,NA
C00486,2023-09,2024-04,240.0,Pro,NA
C00486,2023-09,2024-05,240.0,Pro,NA
C00486,2023-09,2024-06,240.0,Pro,NA
C00486,2023-09,2024-07,240.0,Pro,NA
C00486,2023-09,2024-08,240.0,Pro,NA
C00486,2023-09,2024-09,240.0,Pro,NA
C00486,2023-09,2024-10,288.0,Pro,NA
C00486,2023-09,2024-11,288.0,Pro,NA
C00486,2023-09,2024-12,345.6,Pro,NA
C00487,2023-09,2023-09,200.0,Pro,EMEA
C00487,2023-09,2023-10,200.0,Pro,EMEA
C00488,2023-09,2023-09,200.0,Pro,NA
C00488,2023-09,2023-10,200.0,Pro,NA
C00488,2023-09,2023-11,200.0,Pro,NA
C00488,2023-09,2023-12,240.0,Pro,NA
C00488,2023-09,2024-01,240.0,Pro,NA
C00488,2023-09,2024-02,240.0,Pro,NA
C00488,2023-09,2024-03,240.0,Pro,NA
C00489,2023-09,2023-09,200.0,Pro,NA
C00489,2023-09,2023-10,200.0,Pro,NA
C00489,2023-09,2023-11,200.0,Pro,NA
C00489,2023-09,2023-12,240.0,Pro,NA
C00489,2023-09,2024-01,240.0,Pro,NA
C00489,2023-09,2024-02,288.0,Pro,NA
C00489,2023-09,2024-03,288.0,Pro,NA
C00489,2023-09,2024-04,288.0,Pro,NA
C00489,2023-09,2024-05,288.0,Pro,NA
C00489,2023-09,2024-06,288.0,Pro,NA
C00489,2023-09,2024-07,288.0,Pro,NA
C00489,2023-09,2024-08,345.6,Pro,NA
C00489,2023-09,2024-09,345.6,Pro,NA
C00489,2023-09,2024-10,345.6,Pro,NA
C00489,2023-09,2024-11,345.6,Pro,NA
C00489,2023-09,2024-12,345.6,Pro,NA
C00490,2023-09,2023-09,50.0,Starter,EMEA
C00490,2023-09,2023-10,50.0,Starter,EMEA
C00490,2023-09,2023-11,50.0,Starter,EMEA
C00490,2023-09,2023-12,50.0,Starter,EMEA
C00490,2023-09,2024-01,50.0,Starter,EMEA
C00490,2023-09,2024-02,50.0,Starter,EMEA
C00490,2023-09,2024-03,60.0,Starter,EMEA
C00490,2023-09,2024-04,60.0,Starter,EMEA
C00490,2023-09,2024-05,60.0,Starter,EMEA
C00490,2023-09,2024-06,60.0,Starter,EMEA
C00490,2023-09,2024-07,60.0,Starter,EMEA
C00490,2023-09,2024-08,60.0,Starter,EMEA
C00490,2023-09,2024-09,72.0,Starter,EMEA
C00490,2023-09,2024-10,72.0,Starter,EMEA
C00490,2023-09,2024-11,72.0,Starter,EMEA
C00490,2023-09,2024-12,72.0,Starter,EMEA
C00491,2023-09,2023-09,50.0,Starter,APAC
C00491,2023-09,2023-10,50.0,Starter,APAC
C00491,2023-09,2023-11,60.0,Starter,APAC
C00491,2023-09,2023-12,72.0,Starter,APAC
C00491,2023-09,2024-01,72.0,Starter,APAC
C00491,2023-09,2024-02,72.0,Starter,APAC
C00491,2023-09,2024-03,72.0,Starter,APAC
C00492,2023-09,2023-09,200.0,Pro,EMEA
C00492,2023-09,2023-10,200.0,Pro,EMEA
C00493,2023-09,2023-09,800.0,Enterprise,NA
C00493,2023-09,2023-10,800.0,Enterprise,NA
C00493,2023-09,2023-11,800.0,Enterprise,NA
C00493,2023-09,2023-12,680.0,Enterprise,NA
C00493,2023-09,2024-01,680.0,Enterprise,NA
C00493,2023-09,2024-02,680.0,Enterprise,NA
C00494,2023-09,2023-09,800.0,Enterprise,EMEA
C00494,2023-09,2023-10,800.0,Enterprise,EMEA
C00494,2023-09,2023-11,800.0,Enterprise,EMEA
C00494,2023-09,2023-12,800.0,Enterprise,EMEA
C00495,2023-09,2023-09,50.0,Starter,NA
C00495,2023-09,2023-10,50.0,Starter,NA
C00495,2023-09,2023-11,50.0,Starter,NA
C00495,2023-09,2023-12,50.0,Starter,NA
C00495,2023-09,2024-01,50.0,Starter,NA
C00495,2023-09,2024-02,50.0,Starter,NA
C00495,2023-09,2024-03,50.0,Starter,NA
C00495,2023-09,2024-04,50.0,Starter,NA
C00495,2023-09,2024-05,50.0,Starter,NA
C00495,2023-09,2024-06,50.0,Starter,NA
C00495,2023-09,2024-07,60.0,Starter,NA
C00495,2023-09,2024-08,60.0,Starter,NA
C00495,2023-09,2024-09,60.0,Starter,NA
C00495,2023-09,2024-10,60.0,Starter,NA
C00495,2023-09,2024-11,60.0,Starter,NA
C00495,2023-09,2024-12,60.0,Starter,NA
C00496,2023-09,2023-09,50.0,Starter,NA
C00496,2023-09,2023-10,50.0,Starter,NA
C00496,2023-09,2023-11,42.5,Starter,NA
C00496,2023-09,2023-12,42.5,Starter,NA
C00496,2023-09,2024-01,42.5,Starter,NA
C00496,2023-09,2024-02,42.5,Starter,NA
C00496,2023-09,2024-03,42.5,Starter,NA
C00496,2023-09,2024-04,51.0,Starter,NA
C00496,2023-09,2024-05,51.0,Starter,NA
C00496,2023-09,2024-06,51.0,Starter,NA
C00496,2023-09,2024-07,51.0,Starter,NA
C00496,2023-09,2024-08,61.2,Starter,NA
C00496,2023-09,2024-09,73.44,Starter,NA
C00496,2023-09,2024-10,73.44,Starter,NA
C00496,2023-09,2024-11,73.44,Starter,NA
C00496,2023-09,2024-12,73.44,Starter,NA
C00497,2023-09,2023-09,200.0,Pro,LATAM
C00497,2023-09,2023-10,200.0,Pro,LATAM
C00498,2023-09,2023-09,50.0,Starter,NA
C00498,2023-09,2023-10,50.0,Starter,NA
C00498,2023-09,2023-11,50.0,Starter,NA
C00498,2023-09,2023-12,50.0,Starter,NA
C00498,2023-09,2024-01,50.0,Starter,NA
C00498,2023-09,2024-02,50.0,Starter,NA
C00498,2023-09,2024-03,50.0,Starter,NA
C00498,2023-09,2024-04,60.0,Starter,NA
C00498,2023-09,2024-05,72.0,Starter,NA
C00498,2023-09,2024-06,86.4,Starter,NA
C00498,2023-09,2024-07,86.4,Starter,NA
C00498,2023-09,2024-08,86.4,Starter,NA
C00499,2023-09,2023-09,200.0,Pro,NA
C00499,2023-09,2023-10,200.0,Pro,NA
C00499,2023-09,2023-11,200.0,Pro,NA
C00499,2023-09,2023-12,200.0,Pro,NA
C00499,2023-09,2024-01,240.0,Pro,NA
C00499,2023-09,2024-02,204.0,Pro,NA
C00499,2023-09,2024-03,204.0,Pro,NA
C00500,2023-09,2023-09,200.0,Pro,NA
C00500,2023-09,2023-10,200.0,Pro,NA
C00500,2023-09,2023-11,200.0,Pro,NA
C00500,2023-09,2023-12,200.0,Pro,NA
C00500,2023-09,2024-01,200.0,Pro,NA
C00500,2023-09,2024-02,240.0,Pro,NA
C00500,2023-09,2024-03,240.0,Pro,NA
C00501,2023-09,2023-09,800.0,Enterprise,EMEA
C00501,2023-09,2023-10,960.0,Enterprise,EMEA
C00501,2023-09,2023-11,960.0,Enterprise,EMEA
C00501,2023-09,2023-12,960.0,Enterprise,EMEA
C00501,2023-09,2024-01,816.0,Enterprise,EMEA
C00502,2023-09,2023-09,50.0,Starter,NA
C00502,2023-09,2023-10,50.0,Starter,NA
C00502,2023-09,2023-11,50.0,Starter,NA
C00502,2023-09,2023-12,50.0,Starter,NA
C00502,2023-09,2024-01,50.0,Starter,NA
C00502,2023-09,2024-02,50.0,Starter,NA
C00502,2023-09,2024-03,50.0,Starter,NA
C00502,2023-09,2024-04,50.0,Starter,NA
C00502,2023-09,2024-05,50.0,Starter,NA
C00502,2023-09,2024-06,50.0,Starter,NA
C00502,2023-09,2024-07,60.0,Starter,NA
C00502,2023-09,2024-08,60.0,Starter,NA
C00502,2023-09,2024-09,60.0,Starter,NA
C00502,2023-09,2024-10,60.0,Starter,NA
C00502,2023-09,2024-11,60.0,Starter,NA
C00502,2023-09,2024-12,72.0,Starter,NA
C00503,2023-09,2023-09,50.0,Starter,EMEA
C00503,2023-09,2023-10,50.0,Starter,EMEA
C00503,2023-09,2023-11,50.0,Starter,EMEA
C00503,2023-09,2023-12,60.0,Starter,EMEA
C00503,2023-09,2024-01,51.0,Starter,EMEA
C00503,2023-09,2024-02,61.2,Starter,EMEA
C00503,2023-09,2024-03,61.2,Starter,EMEA
C00503,2023-09,2024-04,61.2,Starter,EMEA
C00503,2023-09,2024-05,61.2,Starter,EMEA
C00503,2023-09,2024-06,61.2,Starter,EMEA
C00503,2023-09,2024-07,61.2,Starter,EMEA
C00503,2023-09,2024-08,73.44,Starter,EMEA
C00503,2023-09,2024-09,73.44,Starter,EMEA
C00503,2023-09,2024-10,73.44,Starter,EMEA
C00503,2023-09,2024-11,73.44,Starter,EMEA
C00503,2023-09,2024-12,73.44,Starter,EMEA
C00504,2023-09,2023-09,50.0,Starter,NA
C00504,2023-09,2023-10,50.0,Starter,NA
C00504,2023-09,2023-11,42.5,Starter,NA
C00504,2023-09,2023-12,42.5,Starter,NA
C00504,2023-09,2024-01,42.5,Starter,NA
C00504,2023-09,2024-02,42.5,Starter,NA
C00504,2023-09,2024-03,42.5,Starter,NA
C00504,2023-09,2024-04,42.5,Starter,NA
C00504,2023-09,2024-05,51.0,Starter,NA
C00504,2023-09,2024-06,51.0,Starter,NA
C00504,2023-09,2024-07,51.0,Starter,NA
C00504,2023-09,2024-08,51.0,Starter,NA
C00504,2023-09,2024-09,51.0,Starter,NA
C00504,2023-09,2024-10,43.35,Starter,NA
C00504,2023-09,2024-11,43.35,Starter,NA
C00504,2023-09,2024-12,43.35,Starter,NA
C00505,2023-09,2023-09,200.0,Pro,EMEA
C00505,2023-09,2023-10,200.0,Pro,EMEA
C00505,2023-09,2023-11,200.0,Pro,EMEA
C00505,2023-09,2023-12,200.0,Pro,EMEA
C00505,2023-09,2024-01,200.0,Pro,EMEA
C00505,2023-09,2024-02,200.0,Pro,EMEA
C00505,2023-09,2024-03,200.0,Pro,EMEA
C00505,2023-09,2024-04,200.0,Pro,EMEA
C00505,2023-09,2024-05,240.0,Pro,EMEA
C00505,2023-09,2024-06,240.0,Pro,EMEA
C00505,2023-09,2024-07,288.0,Pro,EMEA
C00505,2023-09,2024-08,288.0,Pro,EMEA
C00505,2023-09,2024-09,288.0,Pro,EMEA
C00505,2023-09,2024-10,345.6,Pro,EMEA
C00505,2023-09,2024-11,414.72,Pro,EMEA
C00505,2023-09,2024-12,352.51,Pro,EMEA
C00506,2023-09,2023-09,200.0,Pro,APAC
C00506,2023-09,2023-10,200.0,Pro,APAC
C00507,2023-09,2023-09,200.0,Pro,NA
C00507,2023-09,2023-10,200.0,Pro,NA
C00507,2023-09,2023-11,240.0,Pro,NA
C00507,2023-09,2023-12,240.0,Pro,NA
C00507,2023-09,2024-01,288.0,Pro,NA
C00507,2023-09,2024-02,288.0,Pro,NA
C00507,2023-09,2024-03,288.0,Pro,NA
C00507,2023-09,2024-04,288.0,Pro,NA
C00507,2023-09,2024-05,288.0,Pro,NA
C00507,2023-09,2024-06,288.0,Pro,NA
C00507,2023-09,2024-07,288.0,Pro,NA
C00507,2023-09,2024-08,288.0,Pro,NA
C00507,2023-09,2024-09,288.0,Pro,NA
C00508,2023-09,2023-09,50.0,Starter,NA
C00508,2023-09,2023-10,50.0,Starter,NA
C00508,2023-09,2023-11,50.0,Starter,NA
C00508,2023-09,2023-12,60.0,Starter,NA
C00508,2023-09,2024-01,60.0,Starter,NA
C00508,2023-09,2024-02,60.0,Starter,NA
C00508,2023-09,2024-03,60.0,Starter,NA
C00508,2023-09,2024-04,72.0,Starter,NA
C00508,2023-09,2024-05,72.0,Starter,NA
C00508,2023-09,2024-06,72.0,Starter,NA
C00508,2023-09,2024-07,72.0,Starter,NA
C00508,2023-09,2024-08,86.4,Starter,NA
C00508,2023-09,2024-09,86.4,Starter,NA
C00508,2023-09,2024-10,73.44,Starter,NA
C00508,2023-09,2024-11,73.44,Starter,NA
C00508,2023-09,2024-12,88.13,Starter,NA
C00509,2023-09,2023-09,50.0,Starter,NA
C00509,2023-09,2023-10,50.0,Starter,NA
C00509,2023-09,2023-11,50.0,Starter,NA
C00509,2023-09,2023-12,50.0,Starter,NA
C00509,2023-09,2024-01,50.0,Starter,NA
C00509,2023-09,2024-02,42.5,Starter,NA
C00509,2023-09,2024-03,42.5,Starter,NA
C00509,2023-09,2024-04,51.0,Starter,NA
C00509,2023-09,2024-05,51.0,Starter,NA
C00509,2023-09,2024-06,51.0,Starter,NA
C00509,2023-09,2024-07,51.0,Starter,NA
C00509,2023-09,2024-08,51.0,Starter,NA
C00509,2023-09,2024-09,51.0,Starter,NA
C00509,2023-09,2024-10,51.0,Starter,NA
C00509,2023-09,2024-11,51.0,Starter,NA
C00509,2023-09,2024-12,51.0,Starter,NA
C00510,2023-09,2023-09,50.0,Starter,NA
C00510,2023-09,2023-10,50.0,Starter,NA
C00510,2023-09,2023-11,50.0,Starter,NA
C00510,2023-09,2023-12,50.0,Starter,NA
C00510,2023-09,2024-01,50.0,Starter,NA
C00510,2023-09,2024-02,50.0,Starter,NA
C00510,2023-09,2024-03,50.0,Starter,NA
C00510,2023-09,2024-04,42.5,Starter,NA
C00510,2023-09,2024-05,42.5,Starter,NA
C00510,2023-09,2024-06,42.5,Starter,NA
C00510,2023-09,2024-07,42.5,Starter,NA
C00510,2023-09,2024-08,42.5,Starter,NA
C00510,2023-09,2024-09,42.5,Starter,NA
C00511,2023-09,2023-09,200.0,Pro,EMEA
C00511,2023-09,2023-10,240.0,Pro,EMEA
C00511,2023-09,2023-11,240.0,Pro,EMEA
C00511,2023-09,2023-12,240.0,Pro,EMEA
C00511,2023-09,2024-01,240.0,Pro,EMEA
C00511,2023-09,2024-02,240.0,Pro,EMEA
C00511,2023-09,2024-03,240.0,Pro,EMEA
C00511,2023-09,2024-04,240.0,Pro,EMEA
C00511,2023-09,2024-05,240.0,Pro,EMEA
C00511,2023-09,2024-06,240.0,Pro,EMEA
C00511,2023-09,2024-07,240.0,Pro,EMEA
C00511,2023-09,2024-08,240.0,Pro,EMEA
C00511,2023-09,2024-09,288.0,Pro,EMEA
C00511,2023-09,2024-10,288.0,Pro,EMEA
C00511,2023-09,2024-11,288.0,Pro,EMEA
C00511,2023-09,2024-12,288.0,Pro,EMEA
C00512,2023-09,2023-09,50.0,Starter,NA
C00512,2023-09,2023-10,60.0,Starter,NA
C00512,2023-09,2023-11,60.0,Starter,NA
C00512,2023-09,2023-12,60.0,Starter,NA
C00512,2023-09,2024-01,72.0,Starter,NA
C00512,2023-09,2024-02,86.4,Starter,NA
C00512,2023-09,2024-03,103.68,Starter,NA
C00512,2023-09,2024-04,103.68,Starter,NA
C00512,2023-09,2024-05,103.68,Starter,NA
C00512,2023-09,2024-06,124.42,Starter,NA
C00512,2023-09,2024-07,124.42,Starter,NA
C00512,2023-09,2024-08,149.3,Starter,NA
C00512,2023-09,2024-09,149.3,Starter,NA
C00512,2023-09,2024-10,149.3,Starter,NA
C00512,2023-09,2024-11,149.3,Starter,NA
C00512,2023-09,2024-12,179.16,Starter,NA
C00513,2023-09,2023-09,200.0,Pro,NA
C00513,2023-09,2023-10,200.0,Pro,NA
C00513,2023-09,2023-11,200.0,Pro,NA
C00513,2023-09,2023-12,200.0,Pro,NA
C00513,2023-09,2024-01,200.0,Pro,NA
C00513,2023-09,2024-02,200.0,Pro,NA
C00513,2023-09,2024-03,200.0,Pro,NA
C00513,2023-09,2024-04,200.0,Pro,NA
C00513,2023-09,2024-05,200.0,Pro,NA
C00513,2023-09,2024-06,200.0,Pro,NA
C00513,2023-09,2024-07,200.0,Pro,NA
C00513,2023-09,2024-08,200.0,Pro,NA
C00513,2023-09,2024-09,200.0,Pro,NA
C00513,2023-09,2024-10,200.0,Pro,NA
C00513,2023-09,2024-11,200.0,Pro,NA
C00513,2023-09,2024-12,200.0,Pro,NA
C00514,2023-09,2023-09,200.0,Pro,LATAM
C00514,2023-09,2023-10,200.0,Pro,LATAM
C00514,2023-09,2023-11,200.0,Pro,LATAM
C00514,2023-09,2023-12,200.0,Pro,LATAM
C00514,2023-09,2024-01,200.0,Pro,LATAM
C00514,2023-09,2024-02,200.0,Pro,LATAM
C00514,2023-09,2024-03,200.0,Pro,LATAM
C00514,2023-09,2024-04,200.0,Pro,LATAM
C00514,2023-09,2024-05,240.0,Pro,LATAM
C00514,2023-09,2024-06,240.0,Pro,LATAM
C00514,2023-09,2024-07,240.0,Pro,LATAM
C00514,2023-09,2024-08,240.0,Pro,LATAM
C00514,2023-09,2024-09,240.0,Pro,LATAM
C00514,2023-09,2024-10,288.0,Pro,LATAM
C00514,2023-09,2024-11,288.0,Pro,LATAM
C00514,2023-09,2024-12,345.6,Pro,LATAM
C00515,2023-09,2023-09,50.0,Starter,APAC
C00515,2023-09,2023-10,50.0,Starter,APAC
C00516,2023-09,2023-09,50.0,Starter,NA
C00516,2023-09,2023-10,50.0,Starter,NA
C00516,2023-09,2023-11,50.0,Starter,NA
C00516,2023-09,2023-12,50.0,Starter,NA
C00516,2023-09,2024-01,42.5,Starter,NA
C00516,2023-09,2024-02,42.5,Starter,NA
C00516,2023-09,2024-03,42.5,Starter,NA
C00516,2023-09,2024-04,42.5,Starter,NA
C00516,2023-09,2024-05,42.5,Starter,NA
C00516,2023-09,2024-06,42.5,Starter,NA
C00516,2023-09,2024-07,42.5,Starter,NA
C00516,2023-09,2024-08,42.5,Starter,NA
C00516,2023-09,2024-09,51.0,Starter,NA
C00516,2023-09,2024-10,61.2,Starter,NA
C00516,2023-09,2024-11,61.2,Starter,NA
C00516,2023-09,2024-12,61.2,Starter,NA
C00517,2023-09,2023-09,50.0,Starter,NA
C00517,2023-09,2023-10,50.0,Starter,NA
C00517,2023-09,2023-11,50.0,Starter,NA
C00517,2023-09,2023-12,50.0,Starter,NA
C00517,2023-09,2024-01,60.0,Starter,NA
C00517,2023-09,2024-02,60.0,Starter,NA
C00517,2023-09,2024-03,60.0,Starter,NA
C00517,2023-09,2024-04,60.0,Starter,NA
C00517,2023-09,2024-05,60.0,Starter,NA
C00517,2023-09,2024-06,60.0,Starter,NA
C00517,2023-09,2024-07,60.0,Starter,NA
C00517,2023-09,2024-08,60.0,Starter,NA
C00517,2023-09,2024-09,72.0,Starter,NA
C00517,2023-09,2024-10,72.0,Starter,NA
C00517,2023-09,2024-11,72.0,Starter,NA
C00517,2023-09,2024-12,72.0,Starter,NA
C00518,2023-09,2023-09,50.0,Starter,LATAM
C00518,2023-09,2023-10,50.0,Starter,LATAM
C00518,2023-09,2023-11,50.0,Starter,LATAM
C00518,2023-09,2023-12,50.0,Starter,LATAM
C00518,2023-09,2024-01,60.0,Starter,LATAM
C00519,2023-09,2023-09,200.0,Pro,NA
C00519,2023-09,2023-10,200.0,Pro,NA
C00519,2023-09,2023-11,200.0,Pro,NA
C00519,2023-09,2023-12,200.0,Pro,NA
C00519,2023-09,2024-01,200.0,Pro,NA
C00519,2023-09,2024-02,200.0,Pro,NA
C00519,2023-09,2024-03,200.0,Pro,NA
C00519,2023-09,2024-04,200.0,Pro,NA
C00519,2023-09,2024-05,240.0,Pro,NA
C00519,2023-09,2024-06,240.0,Pro,NA
C00519,2023-09,2024-07,240.0,Pro,NA
C00519,2023-09,2024-08,240.0,Pro,NA
C00519,2023-09,2024-09,240.0,Pro,NA
C00519,2023-09,2024-10,240.0,Pro,NA
C00519,2023-09,2024-11,240.0,Pro,NA
C00519,2023-09,2024-12,240.0,Pro,NA
C00520,2023-09,2023-09,50.0,Starter,APAC
C00520,2023-09,2023-10,50.0,Starter,APAC
C00520,2023-09,2023-11,50.0,Starter,APAC
C00520,2023-09,2023-12,50.0,Starter,APAC
C00520,2023-09,2024-01,50.0,Starter,APAC
C00520,2023-09,2024-02,50.0,Starter,APAC
C00520,2023-09,2024-03,50.0,Starter,APAC
C00520,2023-09,2024-04,50.0,Starter,APAC
C00520,2023-09,2024-05,50.0,Starter,APAC
C00520,2023-09,2024-06,42.5,Starter,APAC
C00520,2023-09,2024-07,42.5,Starter,APAC
C00520,2023-09,2024-08,42.5,Starter,APAC
C00520,2023-09,2024-09,42.5,Starter,APAC
C00520,2023-09,2024-10,51.0,Starter,APAC
C00520,2023-09,2024-11,51.0,Starter,APAC
C00520,2023-09,2024-12,51.0,Starter,APAC
C00521,2023-09,2023-09,800.0,Enterprise,NA
C00521,2023-09,2023-10,960.0,Enterprise,NA
C00521,2023-09,2023-11,960.0,Enterprise,NA
C00521,2023-09,2023-12,960.0,Enterprise,NA
C00521,2023-09,2024-01,816.0,Enterprise,NA
C00521,2023-09,2024-02,979.2,Enterprise,NA
C00521,2023-09,2024-03,1175.04,Enterprise,NA
C00521,2023-09,2024-04,1175.04,Enterprise,NA
C00521,2023-09,2024-05,1175.04,Enterprise,NA
C00521,2023-09,2024-06,1175.04,Enterprise,NA
C00521,2023-09,2024-07,1175.04,Enterprise,NA
C00521,2023-09,2024-08,1410.05,Enterprise,NA
C00521,2023-09,2024-09,1692.06,Enterprise,NA
C00521,2023-09,2024-10,1692.06,Enterprise,NA
C00521,2023-09,2024-11,2030.47,Enterprise,NA
C00521,2023-09,2024-12,2436.56,Enterprise,NA
C00522,2023-09,2023-09,200.0,Pro,APAC
C00522,2023-09,2023-10,240.0,Pro,APAC
C00522,2023-09,2023-11,240.0,Pro,APAC
C00522,2023-09,2023-12,288.0,Pro,APAC
C00522,2023-09,2024-01,288.0,Pro,APAC
C00522,2023-09,2024-02,288.0,Pro,APAC
C00522,2023-09,2024-03,288.0,Pro,APAC
C00522,2023-09,2024-04,288.0,Pro,APAC
C00522,2023-09,2024-05,288.0,Pro,APAC
C00522,2023-09,2024-06,288.0,Pro,APAC
C00522,2023-09,2024-07,288.0,Pro,APAC
C00522,2023-09,2024-08,345.6,Pro,APAC
C00522,2023-09,2024-09,345.6,Pro,APAC
C00522,2023-09,2024-10,414.72,Pro,APAC
C00522,2023-09,2024-11,414.72,Pro,APAC
C00522,2023-09,2024-12,414.72,Pro,APAC
C00523,2023-09,2023-09,50.0,Starter,EMEA
C00523,2023-09,2023-10,60.0,Starter,EMEA
C00523,2023-09,2023-11,60.0,Starter,EMEA
C00523,2023-09,2023-12,72.0,Starter,EMEA
C00523,2023-09,2024-01,72.0,Starter,EMEA
C00523,2023-09,2024-02,86.4,Starter,EMEA
C00523,2023-09,2024-03,103.68,Starter,EMEA
C00523,2023-09,2024-04,103.68,Starter,EMEA
C00524,2023-09,2023-09,200.0,Pro,LATAM
C00525,2023-09,2023-09,200.0,Pro,LATAM
C00525,2023-09,2023-10,200.0,Pro,LATAM
C00525,2023-09,2023-11,200.0,Pro,LATAM
C00525,2023-09,2023-12,200.0,Pro,LATAM
C00525,2023-09,2024-01,200.0,Pro,LATAM
C00525,2023-09,2024-02,240.0,Pro,LATAM
C00525,2023-09,2024-03,240.0,Pro,LATAM
C00525,2023-09,2024-04,240.0,Pro,LATAM
C00525,2023-09,2024-05,288.0,Pro,LATAM
C00525,2023-09,2024-06,345.6,Pro,LATAM
C00525,2023-09,2024-07,345.6,Pro,LATAM
C00525,2023-09,2024-08,345.6,Pro,LATAM
C00525,2023-09,2024-09,345.6,Pro,LATAM
C00525,2023-09,2024-10,345.6,Pro,LATAM
C00525,2023-09,2024-11,345.6,Pro,LATAM
C00525,2023-09,2024-12,345.6,Pro,LATAM
C00526,2023-09,2023-09,200.0,Pro,EMEA
C00526,2023-09,2023-10,200.0,Pro,EMEA
C00527,2023-09,2023-09,200.0,Pro,NA
C00527,2023-09,2023-10,240.0,Pro,NA
C00528,2023-09,2023-09,50.0,Starter,NA
C00529,2023-09,2023-09,50.0,Starter,EMEA
C00529,2023-09,2023-10,50.0,Starter,EMEA
C00529,2023-09,2023-11,60.0,Starter,EMEA
C00529,2023-09,2023-12,60.0,Starter,EMEA
C00529,2023-09,2024-01,60.0,Starter,EMEA
C00529,2023-09,2024-02,60.0,Starter,EMEA
C00529,2023-09,2024-03,60.0,Starter,EMEA
C00529,2023-09,2024-04,60.0,Starter,EMEA
C00529,2023-09,2024-05,60.0,Starter,EMEA
C00529,2023-09,2024-06,60.0,Starter,EMEA
C00529,2023-09,2024-07,72.0,Starter,EMEA
C00529,2023-09,2024-08,72.0,Starter,EMEA
C00529,2023-09,2024-09,72.0,Starter,EMEA
C00529,2023-09,2024-10,86.4,Starter,EMEA
C00529,2023-09,2024-11,86.4,Starter,EMEA
C00529,2023-09,2024-12,86.4,Starter,EMEA
C00530,2023-09,2023-09,200.0,Pro,EMEA
C00530,2023-09,2023-10,200.0,Pro,EMEA
C00530,2023-09,2023-11,240.0,Pro,EMEA
C00530,2023-09,2023-12,240.0,Pro,EMEA
C00530,2023-09,2024-01,240.0,Pro,EMEA
C00530,2023-09,2024-02,240.0,Pro,EMEA
C00530,2023-09,2024-03,240.0,Pro,EMEA
C00530,2023-09,2024-04,240.0,Pro,EMEA
C00530,2023-09,2024-05,240.0,Pro,EMEA
C00530,2023-09,2024-06,240.0,Pro,EMEA
C00530,2023-09,2024-07,240.0,Pro,EMEA
C00530,2023-09,2024-08,288.0,Pro,EMEA
C00530,2023-09,2024-09,288.0,Pro,EMEA
C00530,2023-09,2024-10,288.0,Pro,EMEA
C00530,2023-09,2024-11,345.6,Pro,EMEA
C00530,2023-09,2024-12,345.6,Pro,EMEA
C00531,2023-09,2023-09,50.0,Starter,NA
C00531,2023-09,2023-10,50.0,Starter,NA
C00531,2023-09,2023-11,50.0,Starter,NA
C00531,2023-09,2023-12,50.0,Starter,NA
C00531,2023-09,2024-01,60.0,Starter,NA
C00531,2023-09,2024-02,60.0,Starter,NA
C00531,2023-09,2024-03,72.0,Starter,NA
C00531,2023-09,2024-04,72.0,Starter,NA
C00531,2023-09,2024-05,72.0,Starter,NA
C00531,2023-09,2024-06,72.0,Starter,NA
C00531,2023-09,2024-07,72.0,Starter,NA
C00531,2023-09,2024-08,72.0,Starter,NA
C00531,2023-09,2024-09,72.0,Starter,NA
C00531,2023-09,2024-10,72.0,Starter,NA
C00531,2023-09,2024-11,86.4,Starter,NA
C00531,2023-09,2024-12,86.4,Starter,NA
C00532,2023-09,2023-09,800.0,Enterprise,EMEA
C00532,2023-09,2023-10,800.0,Enterprise,EMEA
C00532,2023-09,2023-11,800.0,Enterprise,EMEA
C00532,2023-09,2023-12,800.0,Enterprise,EMEA
C00532,2023-09,2024-01,960.0,Enterprise,EMEA
C00532,2023-09,2024-02,1152.0,Enterprise,EMEA
C00532,2023-09,2024-03,1152.0,Enterprise,EMEA
C00532,2023-09,2024-04,979.2,Enterprise,EMEA
C00532,2023-09,2024-05,979.2,Enterprise,EMEA
C00532,2023-09,2024-06,979.2,Enterprise,EMEA
C00532,2023-09,2024-07,979.2,Enterprise,EMEA
C00532,2023-09,2024-08,979.2,Enterprise,EMEA
C00532,2023-09,2024-09,979.2,Enterprise,EMEA
C00532,2023-09,2024-10,979.2,Enterprise,EMEA
C00532,2023-09,2024-11,979.2,Enterprise,EMEA
C00532,2023-09,2024-12,1175.04,Enterprise,EMEA
C00533,2023-09,2023-09,50.0,Starter,LATAM
C00533,2023-09,2023-10,50.0,Starter,LATAM
C00533,2023-09,2023-11,50.0,Starter,LATAM
C00533,2023-09,2023-12,50.0,Starter,LATAM
C00533,2023-09,2024-01,50.0,Starter,LATAM
C00533,2023-09,2024-02,50.0,Starter,LATAM
C00533,2023-09,2024-03,60.0,Starter,LATAM
C00533,2023-09,2024-04,60.0,Starter,LATAM
C00533,2023-09,2024-05,60.0,Starter,LATAM
C00533,2023-09,2024-06,60.0,Starter,LATAM
C00533,2023-09,2024-07,60.0,Starter,LATAM
C00533,2023-09,2024-08,60.0,Starter,LATAM
C00533,2023-09,2024-09,60.0,Starter,LATAM
C00533,2023-09,2024-10,60.0,Starter,LATAM
C00533,2023-09,2024-11,60.0,Starter,LATAM
C00533,2023-09,2024-12,60.0,Starter,LATAM
C00534,2023-09,2023-09,200.0,Pro,NA
C00534,2023-09,2023-10,200.0,Pro,NA
C00535,2023-09,2023-09,200.0,Pro,NA
C00535,2023-09,2023-10,200.0,Pro,NA
C00535,2023-09,2023-11,200.0,Pro,NA
C00535,2023-09,2023-12,200.0,Pro,NA
C00535,2023-09,2024-01,240.0,Pro,NA
C00535,2023-09,2024-02,240.0,Pro,NA
C00535,2023-09,2024-03,240.0,Pro,NA
C00535,2023-09,2024-04,240.0,Pro,NA
C00536,2023-09,2023-09,200.0,Pro,EMEA
C00537,2023-09,2023-09,200.0,Pro,EMEA
C00537,2023-09,2023-10,200.0,Pro,EMEA
C00537,2023-09,2023-11,200.0,Pro,EMEA
C00537,2023-09,2023-12,200.0,Pro,EMEA
C00537,2023-09,2024-01,200.0,Pro,EMEA
C00537,2023-09,2024-02,200.0,Pro,EMEA
C00537,2023-09,2024-03,200.0,Pro,EMEA
C00537,2023-09,2024-04,200.0,Pro,EMEA
C00537,2023-09,2024-05,240.0,Pro,EMEA
C00537,2023-09,2024-06,288.0,Pro,EMEA
C00537,2023-09,2024-07,288.0,Pro,EMEA
C00537,2023-09,2024-08,288.0,Pro,EMEA
C00537,2023-09,2024-09,288.0,Pro,EMEA
C00537,2023-09,2024-10,288.0,Pro,EMEA
C00537,2023-09,2024-11,288.0,Pro,EMEA
C00538,2023-09,2023-09,200.0,Pro,APAC
C00538,2023-09,2023-10,240.0,Pro,APAC
C00538,2023-09,2023-11,240.0,Pro,APAC
C00538,2023-09,2023-12,240.0,Pro,APAC
C00538,2023-09,2024-01,288.0,Pro,APAC
C00538,2023-09,2024-02,288.0,Pro,APAC
C00538,2023-09,2024-03,288.0,Pro,APAC
C00538,2023-09,2024-04,288.0,Pro,APAC
C00538,2023-09,2024-05,288.0,Pro,APAC
C00538,2023-09,2024-06,288.0,Pro,APAC
C00538,2023-09,2024-07,244.8,Pro,APAC
C00538,2023-09,2024-08,244.8,Pro,APAC
C00538,2023-09,2024-09,244.8,Pro,APAC
C00538,2023-09,2024-10,244.8,Pro,APAC
C00538,2023-09,2024-11,293.76,Pro,APAC
C00538,2023-09,2024-12,352.51,Pro,APAC
C00539,2023-09,2023-09,50.0,Starter,NA
C00539,2023-09,2023-10,50.0,Starter,NA
C00539,2023-09,2023-11,50.0,Starter,NA
C00539,2023-09,2023-12,60.0,Starter,NA
C00540,2023-09,2023-09,50.0,Starter,APAC
C00540,2023-09,2023-10,42.5,Starter,APAC
C00540,2023-09,2023-11,42.5,Starter,APAC
C00540,2023-09,2023-12,42.5,Starter,APAC
C00540,2023-09,2024-01,42.5,Starter,APAC
C00540,2023-09,2024-02,42.5,Starter,APAC
C00540,2023-09,2024-03,42.5,Starter,APAC
C00540,2023-09,2024-04,51.0,Starter,APAC
C00541,2023-09,2023-09,50.0,Starter,NA
C00541,2023-09,2023-10,50.0,Starter,NA
C00541,2023-09,2023-11,50.0,Starter,NA
C00541,2023-09,2023-12,50.0,Starter,NA
C00541,2023-09,2024-01,60.0,Starter,NA
C00541,2023-09,2024-02,60.0,Starter,NA
C00541,2023-09,2024-03,60.0,Starter,NA
C00541,2023-09,2024-04,60.0,Starter,NA
C00541,2023-09,2024-05,60.0,Starter,NA
C00541,2023-09,2024-06,60.0,Starter,NA
C00541,2023-09,2024-07,60.0,Starter,NA
C00541,2023-09,2024-08,60.0,Starter,NA
C00541,2023-09,2024-09,60.0,Starter,NA
C00541,2023-09,2024-10,60.0,Starter,NA
C00541,2023-09,2024-11,60.0,Starter,NA
C00541,2023-09,2024-12,60.0,Starter,NA
C00542,2023-09,2023-09,200.0,Pro,EMEA
C00542,2023-09,2023-10,240.0,Pro,EMEA
C00542,2023-09,2023-11,240.0,Pro,EMEA
C00542,2023-09,2023-12,240.0,Pro,EMEA
C00542,2023-09,2024-01,240.0,Pro,EMEA
C00542,2023-09,2024-02,240.0,Pro,EMEA
C00542,2023-09,2024-03,240.0,Pro,EMEA
C00542,2023-09,2024-04,288.0,Pro,EMEA
C00542,2023-09,2024-05,288.0,Pro,EMEA
C00542,2023-09,2024-06,288.0,Pro,EMEA
C00542,2023-09,2024-07,288.0,Pro,EMEA
C00542,2023-09,2024-08,345.6,Pro,EMEA
C00542,2023-09,2024-09,345.6,Pro,EMEA
C00542,2023-09,2024-10,345.6,Pro,EMEA
C00542,2023-09,2024-11,414.72,Pro,EMEA
C00542,2023-09,2024-12,414.72,Pro,EMEA
C00543,2023-09,2023-09,50.0,Starter,EMEA
C00543,2023-09,2023-10,50.0,Starter,EMEA
C00543,2023-09,2023-11,50.0,Starter,EMEA
C00543,2023-09,2023-12,50.0,Starter,EMEA
C00544,2023-09,2023-09,800.0,Enterprise,APAC
C00544,2023-09,2023-10,800.0,Enterprise,APAC
C00544,2023-09,2023-11,960.0,Enterprise,APAC
C00544,2023-09,2023-12,960.0,Enterprise,APAC
C00544,2023-09,2024-01,816.0,Enterprise,APAC
C00544,2023-09,2024-02,816.0,Enterprise,APAC
C00544,2023-09,2024-03,816.0,Enterprise,APAC
C00544,2023-09,2024-04,979.2,Enterprise,APAC
C00544,2023-09,2024-05,979.2,Enterprise,APAC
C00544,2023-09,2024-06,1175.04,Enterprise,APAC
C00544,2023-09,2024-07,1175.04,Enterprise,APAC
C00544,2023-09,2024-08,1175.04,Enterprise,APAC
C00544,2023-09,2024-09,1410.05,Enterprise,APAC
C00544,2023-09,2024-10,1410.05,Enterprise,APAC
C00544,2023-09,2024-11,1692.06,Enterprise,APAC
C00544,2023-09,2024-12,1692.06,Enterprise,APAC
C00545,2023-09,2023-09,200.0,Pro,NA
C00545,2023-09,2023-10,200.0,Pro,NA
C00545,2023-09,2023-11,200.0,Pro,NA
C00545,2023-09,2023-12,240.0,Pro,NA
C00545,2023-09,2024-01,240.0,Pro,NA
C00545,2023-09,2024-02,240.0,Pro,NA
C00545,2023-09,2024-03,288.0,Pro,NA
C00545,2023-09,2024-04,288.0,Pro,NA
C00545,2023-09,2024-05,288.0,Pro,NA
C00545,2023-09,2024-06,345.6,Pro,NA
C00545,2023-09,2024-07,345.6,Pro,NA
C00545,2023-09,2024-08,345.6,Pro,NA
C00545,2023-09,2024-09,293.76,Pro,NA
C00545,2023-09,2024-10,293.76,Pro,NA
C00545,2023-09,2024-11,293.76,Pro,NA
C00545,2023-09,2024-12,352.51,Pro,NA
C00546,2023-09,2023-09,200.0,Pro,NA
C00546,2023-09,2023-10,200.0,Pro,NA
C00547,2023-09,2023-09,50.0,Starter,LATAM
C00547,2023-09,2023-10,60.0,Starter,LATAM
C00547,2023-09,2023-11,60.0,Starter,LATAM
C00547,2023-09,2023-12,72.0,Starter,LATAM
C00547,2023-09,2024-01,72.0,Starter,LATAM
C00547,2023-09,2024-02,72.0,Starter,LATAM
C00547,2023-09,2024-03,72.0,Starter,LATAM
C00547,2023-09,2024-04,72.0,Starter,LATAM
C00547,2023-09,2024-05,72.0,Starter,LATAM
C00547,2023-09,2024-06,72.0,Starter,LATAM
C00547,2023-09,2024-07,86.4,Starter,LATAM
C00547,2023-09,2024-08,86.4,Starter,LATAM
C00547,2023-09,2024-09,86.4,Starter,LATAM
C00547,2023-09,2024-10,86.4,Starter,LATAM
C00547,2023-09,2024-11,86.4,Starter,LATAM
C00547,2023-09,2024-12,86.4,Starter,LATAM
C00548,2023-09,2023-09,800.0,Enterprise,NA
C00548,2023-09,2023-10,800.0,Enterprise,NA
C00549,2023-09,2023-09,50.0,Starter,EMEA
C00549,2023-09,2023-10,50.0,Starter,EMEA
C00549,2023-09,2023-11,50.0,Starter,EMEA
C00549,2023-09,2023-12,50.0,Starter,EMEA
C00549,2023-09,2024-01,60.0,Starter,EMEA
C00549,2023-09,2024-02,60.0,Starter,EMEA
C00549,2023-09,2024-03,60.0,Starter,EMEA
C00549,2023-09,2024-04,60.0,Starter,EMEA
C00549,2023-09,2024-05,60.0,Starter,EMEA
C00549,2023-09,2024-06,60.0,Starter,EMEA
C00549,2023-09,2024-07,72.0,Starter,EMEA
C00549,2023-09,2024-08,86.4,Starter,EMEA
C00549,2023-09,2024-09,103.68,Starter,EMEA
C00549,2023-09,2024-10,103.68,Starter,EMEA
C00549,2023-09,2024-11,88.13,Starter,EMEA
C00549,2023-09,2024-12,74.91,Starter,EMEA
C00550,2023-09,2023-09,50.0,Starter,NA
C00550,2023-09,2023-10,50.0,Starter,NA
C00550,2023-09,2023-11,50.0,Starter,NA
C00550,2023-09,2023-12,60.0,Starter,NA
C00550,2023-09,2024-01,72.0,Starter,NA
C00550,2023-09,2024-02,72.0,Starter,NA
C00550,2023-09,2024-03,72.0,Starter,NA
C00550,2023-09,2024-04,72.0,Starter,NA
C00550,2023-09,2024-05,72.0,Starter,NA
C00550,2023-09,2024-06,72.0,Starter,NA
C00550,2023-09,2024-07,86.4,Starter,NA
C00550,2023-09,2024-08,86.4,Starter,NA
C00550,2023-09,2024-09,86.4,Starter,NA
C00550,2023-09,2024-10,103.68,Starter,NA
C00550,2023-09,2024-11,103.68,Starter,NA
C00550,2023-09,2024-12,103.68,Starter,NA
C00551,2023-09,2023-09,200.0,Pro,EMEA
C00551,2023-09,2023-10,240.0,Pro,EMEA
C00551,2023-09,2023-11,240.0,Pro,EMEA
C00551,2023-09,2023-12,288.0,Pro,EMEA
C00551,2023-09,2024-01,288.0,Pro,EMEA
C00551,2023-09,2024-02,288.0,Pro,EMEA
C00551,2023-09,2024-03,345.6,Pro,EMEA
C00551,2023-09,2024-04,345.6,Pro,EMEA
C00551,2023-09,2024-05,345.6,Pro,EMEA
C00551,2023-09,2024-06,345.6,Pro,EMEA
C00551,2023-09,2024-07,345.6,Pro,EMEA
C00551,2023-09,2024-08,345.6,Pro,EMEA
C00551,2023-09,2024-09,414.72,Pro,EMEA
C00551,2023-09,2024-10,497.66,Pro,EMEA
C00551,2023-09,2024-11,497.66,Pro,EMEA
C00551,2023-09,2024-12,597.2,Pro,EMEA
C00552,2023-09,2023-09,200.0,Pro,APAC
C00552,2023-09,2023-10,200.0,Pro,APAC
C00552,2023-09,2023-11,200.0,Pro,APAC
C00552,2023-09,2023-12,200.0,Pro,APAC
C00552,2023-09,2024-01,200.0,Pro,APAC
C00552,2023-09,2024-02,200.0,Pro,APAC
C00552,2023-09,2024-03,200.0,Pro,APAC
C00552,2023-09,2024-04,200.0,Pro,APAC
C00552,2023-09,2024-05,200.0,Pro,APAC
C00552,2023-09,2024-06,200.0,Pro,APAC
C00552,2023-09,2024-07,200.0,Pro,APAC
C00552,2023-09,2024-08,200.0,Pro,APAC
C00552,2023-09,2024-09,240.0,Pro,APAC
C00552,2023-09,2024-10,240.0,Pro,APAC
C00552,2023-09,2024-11,288.0,Pro,APAC
C00552,2023-09,2024-12,288.0,Pro,APAC
C00553,2023-09,2023-09,200.0,Pro,NA
C00553,2023-09,2023-10,240.0,Pro,NA
C00553,2023-09,2023-11,240.0,Pro,NA
C00553,2023-09,2023-12,240.0,Pro,NA
C00553,2023-09,2024-01,204.0,Pro,NA
C00553,2023-09,2024-02,204.0,Pro,NA
C00553,2023-09,2024-03,204.0,Pro,NA
C00553,2023-09,2024-04,204.0,Pro,NA
C00553,2023-09,2024-05,204.0,Pro,NA
C00553,2023-09,2024-06,204.0,Pro,NA
C00553,2023-09,2024-07,204.0,Pro,NA
C00554,2023-09,2023-09,50.0,Starter,APAC
C00554,2023-09,2023-10,60.0,Starter,APAC
C00554,2023-09,2023-11,60.0,Starter,APAC
C00554,2023-09,2023-12,72.0,Starter,APAC
C00554,2023-09,2024-01,72.0,Starter,APAC
C00554,2023-09,2024-02,72.0,Starter,APAC
C00554,2023-09,2024-03,86.4,Starter,APAC
C00554,2023-09,2024-04,86.4,Starter,APAC
C00555,2023-09,2023-09,800.0,Enterprise,NA
C00555,2023-09,2023-10,800.0,Enterprise,NA
C00555,2023-09,2023-11,800.0,Enterprise,NA
C00555,2023-09,2023-12,680.0,Enterprise,NA
C00555,2023-09,2024-01,578.0,Enterprise,NA
C00556,2023-09,2023-09,800.0,Enterprise,NA
C00556,2023-09,2023-10,800.0,Enterprise,NA
C00557,2023-09,2023-09,50.0,Starter,NA
C00557,2023-09,2023-10,50.0,Starter,NA
C00557,2023-09,2023-11,50.0,Starter,NA
C00557,2023-09,2023-12,50.0,Starter,NA
C00557,2023-09,2024-01,50.0,Starter,NA
C00557,2023-09,2024-02,42.5,Starter,NA
C00557,2023-09,2024-03,42.5,Starter,NA
C00557,2023-09,2024-04,42.5,Starter,NA
C00557,2023-09,2024-05,36.12,Starter,NA
C00557,2023-09,2024-06,36.12,Starter,NA
C00558,2023-09,2023-09,200.0,Pro,LATAM
C00558,2023-09,2023-10,200.0,Pro,LATAM
C00558,2023-09,2023-11,200.0,Pro,LATAM
C00558,2023-09,2023-12,240.0,Pro,LATAM
C00558,2023-09,2024-01,240.0,Pro,LATAM
C00558,2023-09,2024-02,204.0,Pro,LATAM
C00558,2023-09,2024-03,244.8,Pro,LATAM
C00558,2023-09,2024-04,244.8,Pro,LATAM
C00558,2023-09,2024-05,244.8,Pro,LATAM
C00558,2023-09,2024-06,244.8,Pro,LATAM
C00558,2023-09,2024-07,244.8,Pro,LATAM
C00558,2023-09,2024-08,293.76,Pro,LATAM
C00558,2023-09,2024-09,293.76,Pro,LATAM
C00558,2023-09,2024-10,352.51,Pro,LATAM
C00559,2023-09,2023-09,50.0,Starter,EMEA
C00559,2023-09,2023-10,60.0,Starter,EMEA
C00559,2023-09,2023-11,60.0,Starter,EMEA
C00559,2023-09,2023-12,60.0,Starter,EMEA
C00559,2023-09,2024-01,60.0,Starter,EMEA
C00559,2023-09,2024-02,72.0,Starter,EMEA
C00559,2023-09,2024-03,86.4,Starter,EMEA
C00559,2023-09,2024-04,103.68,Starter,EMEA
C00559,2023-09,2024-05,124.42,Starter,EMEA
C00559,2023-09,2024-06,124.42,Starter,EMEA
C00559,2023-09,2024-07,124.42,Starter,EMEA
C00559,2023-09,2024-08,124.42,Starter,EMEA
C00559,2023-09,2024-09,124.42,Starter,EMEA
C00559,2023-09,2024-10,124.42,Starter,EMEA
C00559,2023-09,2024-11,124.42,Starter,EMEA
C00559,2023-09,2024-12,124.42,Starter,EMEA
C00560,2023-09,2023-09,50.0,Starter,NA
C00560,2023-09,2023-10,50.0,Starter,NA
C00560,2023-09,2023-11,50.0,Starter,NA
C00560,2023-09,2023-12,50.0,Starter,NA
C00560,2023-09,2024-01,60.0,Starter,NA
C00560,2023-09,2024-02,60.0,Starter,NA
C00561,2023-09,2023-09,200.0,Pro,APAC
C00561,2023-09,2023-10,200.0,Pro,APAC
C00561,2023-09,2023-11,200.0,Pro,APAC
C00561,2023-09,2023-12,200.0,Pro,APAC
C00561,2023-09,2024-01,200.0,Pro,APAC
C00561,2023-09,2024-02,200.0,Pro,APAC
C00561,2023-09,2024-03,200.0,Pro,APAC
C00561,2023-09,2024-04,240.0,Pro,APAC
C00561,2023-09,2024-05,240.0,Pro,APAC
C00561,2023-09,2024-06,288.0,Pro,APAC
C00561,2023-09,2024-07,345.6,Pro,APAC
C00561,2023-09,2024-08,345.6,Pro,APAC
C00561,2023-09,2024-09,345.6,Pro,APAC
C00562,2023-09,2023-09,200.0,Pro,LATAM
C00562,2023-09,2023-10,240.0,Pro,LATAM
C00562,2023-09,2023-11,240.0,Pro,LATAM
C00562,2023-09,2023-12,288.0,Pro,LATAM
C00562,2023-09,2024-01,288.0,Pro,LATAM
C00562,2023-09,2024-02,288.0,Pro,LATAM
C00562,2023-09,2024-03,288.0,Pro,LATAM
C00562,2023-09,2024-04,288.0,Pro,LATAM
C00562,2023-09,2024-05,288.0,Pro,LATAM
C00562,2023-09,2024-06,288.0,Pro,LATAM
C00562,2023-09,2024-07,288.0,Pro,LATAM
C00562,2023-09,2024-08,288.0,Pro,LATAM
C00562,2023-09,2024-09,288.0,Pro,LATAM
C00562,2023-09,2024-10,345.6,Pro,LATAM
C00562,2023-09,2024-11,414.72,Pro,LATAM
C00562,2023-09,2024-12,414.72,Pro,LATAM
C00563,2023-09,2023-09,200.0,Pro,NA
C00563,2023-09,2023-10,200.0,Pro,NA
C00563,2023-09,2023-11,200.0,Pro,NA
C00563,2023-09,2023-12,200.0,Pro,NA
C00563,2023-09,2024-01,200.0,Pro,NA
C00563,2023-09,2024-02,170.0,Pro,NA
C00563,2023-09,2024-03,170.0,Pro,NA
C00563,2023-09,2024-04,170.0,Pro,NA
C00563,2023-09,2024-05,170.0,Pro,NA
C00563,2023-09,2024-06,170.0,Pro,NA
C00563,2023-09,2024-07,170.0,Pro,NA
C00563,2023-09,2024-08,204.0,Pro,NA
C00563,2023-09,2024-09,204.0,Pro,NA
C00563,2023-09,2024-10,244.8,Pro,NA
C00563,2023-09,2024-11,244.8,Pro,NA
C00563,2023-09,2024-12,244.8,Pro,NA
C00564,2023-09,2023-09,200.0,Pro,NA
C00564,2023-09,2023-10,200.0,Pro,NA
C00564,2023-09,2023-11,200.0,Pro,NA
C00564,2023-09,2023-12,200.0,Pro,NA
C00564,2023-09,2024-01,200.0,Pro,NA
C00564,2023-09,2024-02,200.0,Pro,NA
C00564,2023-09,2024-03,200.0,Pro,NA
C00564,2023-09,2024-04,200.0,Pro,NA
C00564,2023-09,2024-05,240.0,Pro,NA
C00564,2023-09,2024-06,204.0,Pro,NA
C00564,2023-09,2024-07,204.0,Pro,NA
C00564,2023-09,2024-08,204.0,Pro,NA
C00564,2023-09,2024-09,244.8,Pro,NA
C00564,2023-09,2024-10,244.8,Pro,NA
C00564,2023-09,2024-11,244.8,Pro,NA
C00564,2023-09,2024-12,244.8,Pro,NA
C00565,2023-09,2023-09,800.0,Enterprise,APAC
C00565,2023-09,2023-10,800.0,Enterprise,APAC
C00565,2023-09,2023-11,800.0,Enterprise,APAC
C00565,2023-09,2023-12,800.0,Enterprise,APAC
C00565,2023-09,2024-01,800.0,Enterprise,APAC
C00565,2023-09,2024-02,680.0,Enterprise,APAC
C00565,2023-09,2024-03,680.0,Enterprise,APAC
C00565,2023-09,2024-04,816.0,Enterprise,APAC
C00565,2023-09,2024-05,816.0,Enterprise,APAC
C00565,2023-09,2024-06,979.2,Enterprise,APAC
C00565,2023-09,2024-07,979.2,Enterprise,APAC
C00565,2023-09,2024-08,1175.04,Enterprise,APAC
C00565,2023-09,2024-09,1410.05,Enterprise,APAC
C00565,2023-09,2024-10,1410.05,Enterprise,APAC
C00565,2023-09,2024-11,1692.06,Enterprise,APAC
C00565,2023-09,2024-12,1692.06,Enterprise,APAC
C00566,2023-09,2023-09,200.0,Pro,NA
C00566,2023-09,2023-10,200.0,Pro,NA
C00566,2023-09,2023-11,200.0,Pro,NA
C00566,2023-09,2023-12,200.0,Pro,NA
C00566,2023-09,2024-01,240.0,Pro,NA
C00566,2023-09,2024-02,240.0,Pro,NA
C00566,2023-09,2024-03,240.0,Pro,NA
C00566,2023-09,2024-04,240.0,Pro,NA
C00566,2023-09,2024-05,240.0,Pro,NA
C00567,2023-09,2023-09,200.0,Pro,NA
C00567,2023-09,2023-10,200.0,Pro,NA
C00567,2023-09,2023-11,200.0,Pro,NA
C00567,2023-09,2023-12,200.0,Pro,NA
C00567,2023-09,2024-01,240.0,Pro,NA
C00567,2023-09,2024-02,288.0,Pro,NA
C00567,2023-09,2024-03,288.0,Pro,NA
C00567,2023-09,2024-04,288.0,Pro,NA
C00567,2023-09,2024-05,288.0,Pro,NA
C00567,2023-09,2024-06,288.0,Pro,NA
C00567,2023-09,2024-07,288.0,Pro,NA
C00567,2023-09,2024-08,288.0,Pro,NA
C00567,2023-09,2024-09,345.6,Pro,NA
C00567,2023-09,2024-10,345.6,Pro,NA
C00567,2023-09,2024-11,414.72,Pro,NA
C00567,2023-09,2024-12,414.72,Pro,NA
C00568,2023-09,2023-09,50.0,Starter,EMEA
C00568,2023-09,2023-10,50.0,Starter,EMEA
C00568,2023-09,2023-11,50.0,Starter,EMEA
C00568,2023-09,2023-12,42.5,Starter,EMEA
C00568,2023-09,2024-01,36.12,Starter,EMEA
C00568,2023-09,2024-02,36.12,Starter,EMEA
C00568,2023-09,2024-03,36.12,Starter,EMEA
C00568,2023-09,2024-04,36.12,Starter,EMEA
C00568,2023-09,2024-05,36.12,Starter,EMEA
C00568,2023-09,2024-06,36.12,Starter,EMEA
C00568,2023-09,2024-07,36.12,Starter,EMEA
C00568,2023-09,2024-08,36.12,Starter,EMEA
C00568,2023-09,2024-09,43.35,Starter,EMEA
C00568,2023-09,2024-10,43.35,Starter,EMEA
C00568,2023-09,2024-11,43.35,Starter,EMEA
C00568,2023-09,2024-12,43.35,Starter,EMEA
C00569,2023-10,2023-10,50.0,Starter,NA
C00569,2023-10,2023-11,50.0,Starter,NA
C00569,2023-10,2023-12,50.0,Starter,NA
C00569,2023-10,2024-01,50.0,Starter,NA
C00569,2023-10,2024-02,50.0,Starter,NA
C00569,2023-10,2024-03,50.0,Starter,NA
C00569,2023-10,2024-04,60.0,Starter,NA
C00569,2023-10,2024-05,51.0,Starter,NA
C00569,2023-10,2024-06,51.0,Starter,NA
C00569,2023-10,2024-07,51.0,Starter,NA
C00569,2023-10,2024-08,51.0,Starter,NA
C00569,2023-10,2024-09,51.0,Starter,NA
C00569,2023-10,2024-10,51.0,Starter,NA
C00569,2023-10,2024-11,51.0,Starter,NA
C00569,2023-10,2024-12,51.0,Starter,NA
C00570,2023-10,2023-10,200.0,Pro,EMEA
C00570,2023-10,2023-11,200.0,Pro,EMEA
C00570,2023-10,2023-12,200.0,Pro,EMEA
C00570,2023-10,2024-01,200.0,Pro,EMEA
C00570,2023-10,2024-02,200.0,Pro,EMEA
C00570,2023-10,2024-03,200.0,Pro,EMEA
C00571,2023-10,2023-10,50.0,Starter,LATAM
C00571,2023-10,2023-11,50.0,Starter,LATAM
C00571,2023-10,2023-12,50.0,Starter,LATAM
C00571,2023-10,2024-01,50.0,Starter,LATAM
C00571,2023-10,2024-02,50.0,Starter,LATAM
C00571,2023-10,2024-03,42.5,Starter,LATAM
C00572,2023-10,2023-10,200.0,Pro,NA
C00572,2023-10,2023-11,200.0,Pro,NA
C00572,2023-10,2023-12,200.0,Pro,NA
C00572,2023-10,2024-01,200.0,Pro,NA
C00572,2023-10,2024-02,200.0,Pro,NA
C00572,2023-10,2024-03,200.0,Pro,NA
C00572,2023-10,2024-04,200.0,Pro,NA
C00572,2023-10,2024-05,200.0,Pro,NA
C00572,2023-10,2024-06,240.0,Pro,NA
C00572,2023-10,2024-07,240.0,Pro,NA
C00572,2023-10,2024-08,240.0,Pro,NA
C00572,2023-10,2024-09,240.0,Pro,NA
C00572,2023-10,2024-10,240.0,Pro,NA
C00572,2023-10,2024-11,288.0,Pro,NA
C00572,2023-10,2024-12,345.6,Pro,NA
C00573,2023-10,2023-10,50.0,Starter,EMEA
C00573,2023-10,2023-11,50.0,Starter,EMEA
C00573,2023-10,2023-12,50.0,Starter,EMEA
C00573,2023-10,2024-01,50.0,Starter,EMEA
C00573,2023-10,2024-02,50.0,Starter,EMEA
C00573,2023-10,2024-03,50.0,Starter,EMEA
C00573,2023-10,2024-04,50.0,Starter,EMEA
C00573,2023-10,2024-05,50.0,Starter,EMEA
C00573,2023-10,2024-06,50.0,Starter,EMEA
C00573,2023-10,2024-07,50.0,Starter,EMEA
C00573,2023-10,2024-08,50.0,Starter,EMEA
C00573,2023-10,2024-09,60.0,Starter,EMEA
C00573,2023-10,2024-10,60.0,Starter,EMEA
C00573,2023-10,2024-11,60.0,Starter,EMEA
C00573,2023-10,2024-12,60.0,Starter,EMEA
C00574,2023-10,2023-10,50.0,Starter,EMEA
C00574,2023-10,2023-11,50.0,Starter,EMEA
C00574,2023-10,2023-12,50.0,Starter,EMEA
C00574,2023-10,2024-01,50.0,Starter,EMEA
C00574,2023-10,2024-02,50.0,Starter,EMEA
C00574,2023-10,2024-03,50.0,Starter,EMEA
C00574,2023-10,2024-04,50.0,Starter,EMEA
C00574,2023-10,2024-05,50.0,Starter,EMEA
C00574,2023-10,2024-06,50.0,Starter,EMEA
C00574,2023-10,2024-07,42.5,Starter,EMEA
C00574,2023-10,2024-08,51.0,Starter,EMEA
C00574,2023-10,2024-09,61.2,Starter,EMEA
C00574,2023-10,2024-10,73.44,Starter,EMEA
C00574,2023-10,2024-11,73.44,Starter,EMEA
C00574,2023-10,2024-12,73.44,Starter,EMEA
C00575,2023-10,2023-10,200.0,Pro,APAC
C00575,2023-10,2023-11,200.0,Pro,APAC
C00575,2023-10,2023-12,200.0,Pro,APAC
C00575,2023-10,2024-01,200.0,Pro,APAC
C00575,2023-10,2024-02,200.0,Pro,APAC
C00575,2023-10,2024-03,200.0,Pro,APAC
C00575,2023-10,2024-04,200.0,Pro,APAC
C00575,2023-10,2024-05,200.0,Pro,APAC
C00575,2023-10,2024-06,200.0,Pro,APAC
C00575,2023-10,2024-07,200.0,Pro,APAC
C00575,2023-10,2024-08,170.0,Pro,APAC
C00575,2023-10,2024-09,170.0,Pro,APAC
C00575,2023-10,2024-10,170.0,Pro,APAC
C00575,2023-10,2024-11,170.0,Pro,APAC
C00575,2023-10,2024-12,170.0,Pro,APAC
C00576,2023-10,2023-10,50.0,Starter,NA
C00576,2023-10,2023-11,50.0,Starter,NA
C00577,2023-10,2023-10,50.0,Starter,EMEA
C00577,2023-10,2023-11,60.0,Starter,EMEA
C00577,2023-10,2023-12,60.0,Starter,EMEA
C00577,2023-10,2024-01,60.0,Starter,EMEA
C00577,2023-10,2024-02,60.0,Starter,EMEA
C00577,2023-10,2024-03,72.0,Starter,EMEA
C00577,2023-10,2024-04,72.0,Starter,EMEA
C00577,2023-10,2024-05,72.0,Starter,EMEA
C00577,2023-10,2024-06,72.0,Starter,EMEA
C00577,2023-10,2024-07,72.0,Starter,EMEA
C00577,2023-10,2024-08,86.4,Starter,EMEA
C00577,2023-10,2024-09,86.4,Starter,EMEA
C00577,2023-10,2024-10,103.68,Starter,EMEA
C00577,2023-10,2024-11,103.68,Starter,EMEA
C00577,2023-10,2024-12,103.68,Starter,EMEA
C00578,2023-10,2023-10,200.0,Pro,LATAM
C00578,2023-10,2023-11,200.0,Pro,LATAM
C00578,2023-10,2023-12,240.0,Pro,LATAM
C00578,2023-10,2024-01,288.0,Pro,LATAM
C00578,2023-10,2024-02,345.6,Pro,LATAM
C00578,2023-10,2024-03,345.6,Pro,LATAM
C00578,2023-10,2024-04,345.6,Pro,LATAM
C00579,2023-10,2023-10,50.0,Starter,EMEA
C00579,2023-10,2023-11,50.0,Starter,EMEA
C00579,2023-10,2023-12,50.0,Starter,EMEA
C00579,2023-10,2024-01,50.0,Starter,EMEA
C00579,2023-10,2024-02,42.5,Starter,EMEA
C00579,2023-10,2024-03,42.5,Starter,EMEA
C00579,2023-10,2024-04,51.0,Starter,EMEA
C00579,2023-10,2024-05,51.0,Starter,EMEA
C00579,2023-10,2024-06,51.0,Starter,EMEA
C00579,2023-10,2024-07,43.35,Starter,EMEA
C00579,2023-10,2024-08,52.02,Starter,EMEA
C00579,2023-10,2024-09,52.02,Starter,EMEA
C00579,2023-10,2024-10,52.02,Starter,EMEA
C00579,2023-10,2024-11,52.02,Starter,EMEA
C00579,2023-10,2024-12,52.02,Starter,EMEA
C00580,2023-10,2023-10,50.0,Starter,NA
C00580,2023-10,2023-11,50.0,Starter,NA
C00580,2023-10,2023-12,50.0,Starter,NA
C00580,2023-10,2024-01,50.0,Starter,NA
C00580,2023-10,2024-02,50.0,Starter,NA
C00580,2023-10,2024-03,50.0,Starter,NA
C00580,2023-10,2024-04,50.0,Starter,NA
C00580,2023-10,2024-05,50.0,Starter,NA
C00580,2023-10,2024-06,50.0,Starter,NA
C00580,2023-10,2024-07,50.0,Starter,NA
C00580,2023-10,2024-08,50.0,Starter,NA
C00580,2023-10,2024-09,50.0,Starter,NA
C00580,2023-10,2024-10,60.0,Starter,NA
C00581,2023-10,2023-10,50.0,Starter,EMEA
C00581,2023-10,2023-11,50.0,Starter,EMEA
C00581,2023-10,2023-12,50.0,Starter,EMEA
C00581,2023-10,2024-01,50.0,Starter,EMEA
C00581,2023-10,2024-02,60.0,Starter,EMEA
C00581,2023-10,2024-03,60.0,Starter,EMEA
C00581,2023-10,2024-04,60.0,Starter,EMEA
C00581,2023-10,2024-05,60.0,Starter,EMEA
C00581,2023-10,2024-06,60.0,Starter,EMEA
C00581,2023-10,2024-07,60.0,Starter,EMEA
C00581,2023-10,2024-08,60.0,Starter,EMEA
C00581,2023-10,2024-09,60.0,Starter,EMEA
C00581,2023-10,2024-10,60.0,Starter,EMEA
C00581,2023-10,2024-11,60.0,Starter,EMEA
C00581,2023-10,2024-12,60.0,Starter,EMEA
C00582,2023-10,2023-10,200.0,Pro,EMEA
C00582,2023-10,2023-11,200.0,Pro,EMEA
C00582,2023-10,2023-12,200.0,Pro,EMEA
C00582,2023-10,2024-01,200.0,Pro,EMEA
C00582,2023-10,2024-02,200.0,Pro,EMEA
C00582,2023-10,2024-03,240.0,Pro,EMEA
C00582,2023-10,2024-04,240.0,Pro,EMEA
C00582,2023-10,2024-05,288.0,Pro,EMEA
C00582,2023-10,2024-06,288.0,Pro,EMEA
C00582,2023-10,2024-07,345.6,Pro,EMEA
C00582,2023-10,2024-08,345.6,Pro,EMEA
C00582,2023-10,2024-09,345.6,Pro,EMEA
C00582,2023-10,2024-10,414.72,Pro,EMEA
C00582,2023-10,2024-11,414.72,Pro,EMEA
C00582,2023-10,2024-12,414.72,Pro,EMEA
C00583,2023-10,2023-10,50.0,Starter,NA
C00583,2023-10,2023-11,50.0,Starter,NA
C00583,2023-10,2023-12,50.0,Starter,NA
C00583,2023-10,2024-01,60.0,Starter,NA
C00583,2023-10,2024-02,60.0,Starter,NA
C00583,2023-10,2024-03,60.0,Starter,NA
C00583,2023-10,2024-04,60.0,Starter,NA
C00583,2023-10,2024-05,51.0,Starter,NA
C00583,2023-10,2024-06,51.0,Starter,NA
C00583,2023-10,2024-07,51.0,Starter,NA
C00583,2023-10,2024-08,51.0,Starter,NA
C00583,2023-10,2024-09,51.0,Starter,NA
C00583,2023-10,2024-10,51.0,Starter,NA
C00583,2023-10,2024-11,51.0,Starter,NA
C00584,2023-10,2023-10,50.0,Starter,EMEA
C00584,2023-10,2023-11,50.0,Starter,EMEA
C00584,2023-10,2023-12,50.0,Starter,EMEA
C00584,2023-10,2024-01,50.0,Starter,EMEA
C00584,2023-10,2024-02,60.0,Starter,EMEA
C00584,2023-10,2024-03,60.0,Starter,EMEA
C00584,2023-10,2024-04,60.0,Starter,EMEA
C00584,2023-10,2024-05,60.0,Starter,EMEA
C00584,2023-10,2024-06,72.0,Starter,EMEA
C00584,2023-10,2024-07,61.2,Starter,EMEA
C00584,2023-10,2024-08,61.2,Starter,EMEA
C00584,2023-10,2024-09,61.2,Starter,EMEA
C00584,2023-10,2024-10,73.44,Starter,EMEA
C00584,2023-10,2024-11,73.44,Starter,EMEA
C00584,2023-10,2024-12,73.44,Starter,EMEA
C00585,2023-10,2023-10,800.0,Enterprise,NA
C00585,2023-10,2023-11,800.0,Enterprise,NA
C00585,2023-10,2023-12,800.0,Enterprise,NA
C00585,2023-10,2024-01,800.0,Enterprise,NA
C00585,2023-10,2024-02,800.0,Enterprise,NA
C00585,2023-10,2024-03,800.0,Enterprise,NA
C00585,2023-10,2024-04,800.0,Enterprise,NA
C00585,2023-10,2024-05,800.0,Enterprise,NA
C00585,2023-10,2024-06,960.0,Enterprise,NA
C00585,2023-10,2024-07,960.0,Enterprise,NA
C00585,2023-10,2024-08,960.0,Enterprise,NA
C00585,2023-10,2024-09,960.0,Enterprise,NA
C00585,2023-10,2024-10,960.0,Enterprise,NA
C00585,2023-10,2024-11,1152.0,Enterprise,NA
C00585,2023-10,2024-12,1152.0,Enterprise,NA
C00586,2023-10,2023-10,50.0,Starter,EMEA
C00586,2023-10,2023-11,50.0,Starter,EMEA
C00586,2023-10,2023-12,50.0,Starter,EMEA
C00586,2023-10,2024-01,50.0,Starter,EMEA
C00586,2023-10,2024-02,50.0,Starter,EMEA
C00586,2023-10,2024-03,50.0,Starter,EMEA
C00586,2023-10,2024-04,50.0,Starter,EMEA
C00586,2023-10,2024-05,60.0,Starter,EMEA
C00586,2023-10,2024-06,72.0,Starter,EMEA
C00586,2023-10,2024-07,72.0,Starter,EMEA
C00586,2023-10,2024-08,72.0,Starter,EMEA
C00586,2023-10,2024-09,61.2,Starter,EMEA
C00586,2023-10,2024-10,61.2,Starter,EMEA
C00586,2023-10,2024-11,61.2,Starter,EMEA
C00586,2023-10,2024-12,61.2,Starter,EMEA
C00587,2023-10,2023-10,50.0,Starter,NA
C00587,2023-10,2023-11,60.0,Starter,NA
C00587,2023-10,2023-12,60.0,Starter,NA
C00587,2023-10,2024-01,60.0,Starter,NA
C00587,2023-10,2024-02,60.0,Starter,NA
C00587,2023-10,2024-03,72.0,Starter,NA
C00587,2023-10,2024-04,72.0,Starter,NA
C00587,2023-10,2024-05,72.0,Starter,NA
C00587,2023-10,2024-06,72.0,Starter,NA
C00587,2023-10,2024-07,86.4,Starter,NA
C00587,2023-10,2024-08,86.4,Starter,NA
C00587,2023-10,2024-09,86.4,Starter,NA
C00587,2023-10,2024-10,86.4,Starter,NA
C00587,2023-10,2024-11,86.4,Starter,NA
C00587,2023-10,2024-12,86.4,Starter,NA
C00588,2023-10,2023-10,50.0,Starter,NA
C00588,2023-10,2023-11,50.0,Starter,NA
C00588,2023-10,2023-12,50.0,Starter,NA
C00588,2023-10,2024-01,50.0,Starter,NA
C00588,2023-10,2024-02,50.0,Starter,NA
C00588,2023-10,2024-03,60.0,Starter,NA
C00588,2023-10,2024-04,60.0,Starter,NA
C00588,2023-10,2024-05,60.0,Starter,NA
C00588,2023-10,2024-06,60.0,Starter,NA
C00588,2023-10,2024-07,60.0,Starter,NA
C00588,2023-10,2024-08,72.0,Starter,NA
C00588,2023-10,2024-09,72.0,Starter,NA
C00588,2023-10,2024-10,72.0,Starter,NA
C00588,2023-10,2024-11,86.4,Starter,NA
C00588,2023-10,2024-12,86.4,Starter,NA
C00589,2023-10,2023-10,50.0,Starter,NA
C00589,2023-10,2023-11,60.0,Starter,NA
C00589,2023-10,2023-12,60.0,Starter,NA
C00589,2023-10,2024-01,72.0,Starter,NA
C00590,2023-10,2023-10,50.0,Starter,APAC
C00590,2023-10,2023-11,60.0,Starter,APAC
C00591,2023-10,2023-10,50.0,Starter,APAC
C00591,2023-10,2023-11,50.0,Starter,APAC
C00591,2023-10,2023-12,50.0,Starter,APAC
C00591,2023-10,2024-01,60.0,Starter,APAC
C00591,2023-10,2024-02,60.0,Starter,APAC
C00591,2023-10,2024-03,60.0,Starter,APAC
C00591,2023-10,2024-04,60.0,Starter,APAC
C00591,2023-10,2024-05,60.0,Starter,APAC
C00591,2023-10,2024-06,60.0,Starter,APAC
C00592,2023-10,2023-10,200.0,Pro,NA
C00592,2023-10,2023-11,200.0,Pro,NA
C00592,2023-10,2023-12,200.0,Pro,NA
C00592,2023-10,2024-01,200.0,Pro,NA
C00592,2023-10,2024-02,200.0,Pro,NA
C00592,2023-10,2024-03,200.0,Pro,NA
C00592,2023-10,2024-04,200.0,Pro,NA
C00592,2023-10,2024-05,240.0,Pro,NA
C00592,2023-10,2024-06,240.0,Pro,NA
C00592,2023-10,2024-07,240.0,Pro,NA
C00592,2023-10,2024-08,240.0,Pro,NA
C00592,2023-10,2024-09,240.0,Pro,NA
C00592,2023-10,2024-10,240.0,Pro,NA
C00592,2023-10,2024-11,240.0,Pro,NA
C00592,2023-10,2024-12,240.0,Pro,NA
C00593,2023-10,2023-10,200.0,Pro,EMEA
C00593,2023-10,2023-11,200.0,Pro,EMEA
C00593,2023-10,2023-12,200.0,Pro,EMEA
C00593,2023-10,2024-01,240.0,Pro,EMEA
C00593,2023-10,2024-02,288.0,Pro,EMEA
C00593,2023-10,2024-03,345.6,Pro,EMEA
C00593,2023-10,2024-04,345.6,Pro,EMEA
C00593,2023-10,2024-05,345.6,Pro,EMEA
C00593,2023-10,2024-06,414.72,Pro,EMEA
C00593,2023-10,2024-07,497.66,Pro,EMEA
C00593,2023-10,2024-08,497.66,Pro,EMEA
C00593,2023-10,2024-09,497.66,Pro,EMEA
C00593,2023-10,2024-10,497.66,Pro,EMEA
C00593,2023-10,2024-11,597.2,Pro,EMEA
C00593,2023-10,2024-12,597.2,Pro,EMEA
C00594,2023-10,2023-10,50.0,Starter,LATAM
C00594,2023-10,2023-11,50.0,Starter,LATAM
C00594,2023-10,2023-12,50.0,Starter,LATAM
C00594,2023-10,2024-01,50.0,Starter,LATAM
C00594,2023-10,2024-02,42.5,Starter,LATAM
C00594,2023-10,2024-03,42.5,Starter,LATAM
C00594,2023-10,2024-04,42.5,Starter,LATAM
C00594,2023-10,2024-05,42.5,Starter,LATAM
C00594,2023-10,2024-06,42.5,Starter,LATAM
C00594,2023-10,2024-07,42.5,Starter,LATAM
C00594,2023-10,2024-08,51.0,Starter,LATAM
C00594,2023-10,2024-09,61.2,Starter,LATAM
C00594,2023-10,2024-10,61.2,Starter,LATAM
C00595,2023-10,2023-10,200.0,Pro,EMEA
C00595,2023-10,2023-11,200.0,Pro,EMEA
C00595,2023-10,2023-12,200.0,Pro,EMEA
C00595,2023-10,2024-01,200.0,Pro,EMEA
C00595,2023-10,2024-02,200.0,Pro,EMEA
C00595,2023-10,2024-03,200.0,Pro,EMEA
C00595,2023-10,2024-04,200.0,Pro,EMEA
C00595,2023-10,2024-05,200.0,Pro,EMEA
C00595,2023-10,2024-06,200.0,Pro,EMEA
C00595,2023-10,2024-07,200.0,Pro,EMEA
C00595,2023-10,2024-08,200.0,Pro,EMEA
C00595,2023-10,2024-09,200.0,Pro,EMEA
C00595,2023-10,2024-10,200.0,Pro,EMEA
C00595,2023-10,2024-11,200.0,Pro,EMEA
C00595,2023-10,2024-12,200.0,Pro,EMEA
C00596,2023-10,2023-10,200.0,Pro,NA
C00596,2023-10,2023-11,240.0,Pro,NA
C00597,2023-10,2023-10,50.0,Starter,NA
C00597,2023-10,2023-11,50.0,Starter,NA
C00597,2023-10,2023-12,60.0,Starter,NA
C00597,2023-10,2024-01,72.0,Starter,NA
C00597,2023-10,2024-02,72.0,Starter,NA
C00597,2023-10,2024-03,86.4,Starter,NA
C00597,2023-10,2024-04,86.4,Starter,NA
C00597,2023-10,2024-05,86.4,Starter,NA
C00597,2023-10,2024-06,103.68,Starter,NA
C00597,2023-10,2024-07,103.68,Starter,NA
C00597,2023-10,2024-08,103.68,Starter,NA
C00597,2023-10,2024-09,124.42,Starter,NA
C00597,2023-10,2024-10,124.42,Starter,NA
C00597,2023-10,2024-11,124.42,Starter,NA
C00597,2023-10,2024-12,124.42,Starter,NA
C00598,2023-10,2023-10,200.0,Pro,NA
C00598,2023-10,2023-11,170.0,Pro,NA
C00598,2023-10,2023-12,170.0,Pro,NA
C00598,2023-10,2024-01,170.0,Pro,NA
C00598,2023-10,2024-02,170.0,Pro,NA
C00598,2023-10,2024-03,170.0,Pro,NA
C00598,2023-10,2024-04,204.0,Pro,NA
C00598,2023-10,2024-05,173.4,Pro,NA
C00598,2023-10,2024-06,173.4,Pro,NA
C00598,2023-10,2024-07,208.08,Pro,NA
C00598,2023-10,2024-08,208.08,Pro,NA
C00598,2023-10,2024-09,208.08,Pro,NA
C00599,2023-10,2023-10,50.0,Starter,EMEA
C00599,2023-10,2023-11,50.0,Starter,EMEA
C00599,2023-10,2023-12,60.0,Starter,EMEA
C00599,2023-10,2024-01,72.0,Starter,EMEA
C00599,2023-10,2024-02,72.0,Starter,EMEA
C00599,2023-10,2024-03,86.4,Starter,EMEA
C00599,2023-10,2024-04,86.4,Starter,EMEA
C00599,2023-10,2024-05,86.4,Starter,EMEA
C00599,2023-10,2024-06,86.4,Starter,EMEA
C00599,2023-10,2024-07,86.4,Starter,EMEA
C00599,2023-10,2024-08,86.4,Starter,EMEA
C00599,2023-10,2024-09,86.4,Starter,EMEA
C00599,2023-10,2024-10,103.68,Starter,EMEA
C00599,2023-10,2024-11,88.13,Starter,EMEA
C00599,2023-10,2024-12,88.13,Starter,EMEA
C00600,2023-10,2023-10,50.0,Starter,NA
C00600,2023-10,2023-11,50.0,Starter,NA
C00600,2023-10,2023-12,50.0,Starter,NA
C00600,2023-10,2024-01,50.0,Starter,NA
C00600,2023-10,2024-02,50.0,Starter,NA
C00600,2023-10,2024-03,50.0,Starter,NA
C00600,2023-10,2024-04,50.0,Starter,NA
C00600,2023-10,2024-05,50.0,Starter,NA
C00600,2023-10,2024-06,50.0,Starter,NA
C00600,2023-10,2024-07,50.0,Starter,NA
C00600,2023-10,2024-08,60.0,Starter,NA
C00600,2023-10,2024-09,60.0,Starter,NA
C00600,2023-10,2024-10,60.0,Starter,NA
C00600,2023-10,2024-11,60.0,Starter,NA
C00600,2023-10,2024-12,60.0,Starter,NA
C00601,2023-10,2023-10,200.0,Pro,NA
C00601,2023-10,2023-11,200.0,Pro,NA
C00601,2023-10,2023-12,200.0,Pro,NA
C00601,2023-10,2024-01,200.0,Pro,NA
C00601,2023-10,2024-02,170.0,Pro,NA
C00601,2023-10,2024-03,204.0,Pro,NA
C00601,2023-10,2024-04,204.0,Pro,NA
C00602,2023-10,2023-10,800.0,Enterprise,NA
C00602,2023-10,2023-11,960.0,Enterprise,NA
C00602,2023-10,2023-12,960.0,Enterprise,NA
C00602,2023-10,2024-01,960.0,Enterprise,NA
C00602,2023-10,2024-02,960.0,Enterprise,NA
C00602,2023-10,2024-03,960.0,Enterprise,NA
C00602,2023-10,2024-04,960.0,Enterprise,NA
C00602,2023-10,2024-05,960.0,Enterprise,NA
C00602,2023-10,2024-06,960.0,Enterprise,NA
C00602,2023-10,2024-07,960.0,Enterprise,NA
C00602,2023-10,2024-08,960.0,Enterprise,NA
C00602,2023-10,2024-09,960.0,Enterprise,NA
C00602,2023-10,2024-10,960.0,Enterprise,NA
C00602,2023-10,2024-11,960.0,Enterprise,NA
C00602,2023-10,2024-12,960.0,Enterprise,NA
C00603,2023-10,2023-10,50.0,Starter,NA
C00603,2023-10,2023-11,50.0,Starter,NA
C00604,2023-10,2023-10,800.0,Enterprise,LATAM
C00604,2023-10,2023-11,800.0,Enterprise,LATAM
C00604,2023-10,2023-12,960.0,Enterprise,LATAM
C00604,2023-10,2024-01,960.0,Enterprise,LATAM
C00604,2023-10,2024-02,960.0,Enterprise,LATAM
C00604,2023-10,2024-03,960.0,Enterprise,LATAM
C00604,2023-10,2024-04,960.0,Enterprise,LATAM
C00604,2023-10,2024-05,960.0,Enterprise,LATAM
C00604,2023-10,2024-06,960.0,Enterprise,LATAM
C00604,2023-10,2024-07,960.0,Enterprise,LATAM
C00604,2023-10,2024-08,960.0,Enterprise,LATAM
C00604,2023-10,2024-09,960.0,Enterprise,LATAM
C00604,2023-10,2024-10,960.0,Enterprise,LATAM
C00604,2023-10,2024-11,960.0,Enterprise,LATAM
C00604,2023-10,2024-12,960.0,Enterprise,LATAM
C00605,2023-10,2023-10,50.0,Starter,NA
C00605,2023-10,2023-11,50.0,Starter,NA
C00605,2023-10,2023-12,50.0,Starter,NA
C00605,2023-10,2024-01,50.0,Starter,NA
C00605,2023-10,2024-02,50.0,Starter,NA
C00605,2023-10,2024-03,50.0,Starter,NA
C00605,2023-10,2024-04,50.0,Starter,NA
C00605,2023-10,2024-05,60.0,Starter,NA
C00605,2023-10,2024-06,60.0,Starter,NA
C00605,2023-10,2024-07,60.0,Starter,NA
C00605,2023-10,2024-08,60.0,Starter,NA
C00605,2023-10,2024-09,60.0,Starter,NA
C00605,2023-10,2024-10,72.0,Starter,NA
C00605,2023-10,2024-11,86.4,Starter,NA
C00605,2023-10,2024-12,86.4,Starter,NA
C00606,2023-10,2023-10,50.0,Starter,NA
C00606,2023-10,2023-11,50.0,Starter,NA
C00606,2023-10,2023-12,50.0,Starter,NA
C00606,2023-10,2024-01,50.0,Starter,NA
C00606,2023-10,2024-02,50.0,Starter,NA
C00606,2023-10,2024-03,60.0,Starter,NA
C00606,2023-10,2024-04,60.0,Starter,NA
C00606,2023-10,2024-05,60.0,Starter,NA
C00606,2023-10,2024-06,60.0,Starter,NA
C00606,2023-10,2024-07,60.0,Starter,NA
C00606,2023-10,2024-08,60.0,Starter,NA
C00607,2023-10,2023-10,200.0,Pro,EMEA
C00607,2023-10,2023-11,170.0,Pro,EMEA
C00607,2023-10,2023-12,204.0,Pro,EMEA
C00607,2023-10,2024-01,204.0,Pro,EMEA
C00607,2023-10,2024-02,204.0,Pro,EMEA
C00607,2023-10,2024-03,173.4,Pro,EMEA
C00607,2023-10,2024-04,173.4,Pro,EMEA
C00607,2023-10,2024-05,173.4,Pro,EMEA
C00607,2023-10,2024-06,173.4,Pro,EMEA
C00607,2023-10,2024-07,173.4,Pro,EMEA
C00607,2023-10,2024-08,173.4,Pro,EMEA
C00607,2023-10,2024-09,208.08,Pro,EMEA
C00607,2023-10,2024-10,208.08,Pro,EMEA
C00607,2023-10,2024-11,208.08,Pro,EMEA
C00607,2023-10,2024-12,208.08,Pro,EMEA
C00608,2023-10,2023-10,50.0,Starter,EMEA
C00608,2023-10,2023-11,50.0,Starter,EMEA
C00608,2023-10,2023-12,50.0,Starter,EMEA
C00608,2023-10,2024-01,50.0,Starter,EMEA
C00608,2023-10,2024-02,50.0,Starter,EMEA
C00608,2023-10,2024-03,50.0,Starter,EMEA
C00608,2023-10,2024-04,50.0,Starter,EMEA
C00608,2023-10,2024-05,50.0,Starter,EMEA
C00608,2023-10,2024-06,50.0,Starter,EMEA
C00608,2023-10,2024-07,50.0,Starter,EMEA
C00608,2023-10,2024-08,50.0,Starter,EMEA
C00608,2023-10,2024-09,50.0,Starter,EMEA
C00608,2023-10,2024-10,50.0,Starter,EMEA
C00609,2023-10,2023-10,200.0,Pro,NA
C00609,2023-10,2023-11,200.0,Pro,NA
C00609,2023-10,2023-12,200.0,Pro,NA
C00610,2023-10,2023-10,50.0,Starter,LATAM
C00610,2023-10,2023-11,60.0,Starter,LATAM
C00610,2023-10,2023-12,60.0,Starter,LATAM
C00610,2023-10,2024-01,60.0,Starter,LATAM
C00610,2023-10,2024-02,60.0,Starter,LATAM
C00610,2023-10,2024-03,60.0,Starter,LATAM
C00610,2023-10,2024-04,60.0,Starter,LATAM
C00610,2023-10,2024-05,60.0,Starter,LATAM
C00610,2023-10,2024-06,60.0,Starter,LATAM
C00610,2023-10,2024-07,60.0,Starter,LATAM
C00610,2023-10,2024-08,72.0,Starter,LATAM
C00610,2023-10,2024-09,72.0,Starter,LATAM
C00610,2023-10,2024-10,72.0,Starter,LATAM
C00610,2023-10,2024-11,72.0,Starter,LATAM
C00610,2023-10,2024-12,86.4,Starter,LATAM
C00611,2023-10,2023-10,200.0,Pro,EMEA
C00611,2023-10,2023-11,170.0,Pro,EMEA
C00611,2023-10,2023-12,170.0,Pro,EMEA
C00611,2023-10,2024-01,170.0,Pro,EMEA
C00611,2023-10,2024-02,204.0,Pro,EMEA
C00611,2023-10,2024-03,204.0,Pro,EMEA
C00611,2023-10,2024-04,204.0,Pro,EMEA
C00611,2023-10,2024-05,204.0,Pro,EMEA
C00611,2023-10,2024-06,204.0,Pro,EMEA
C00611,2023-10,2024-07,204.0,Pro,EMEA
C00612,2023-10,2023-10,50.0,Starter,EMEA
C00612,2023-10,2023-11,60.0,Starter,EMEA
C00612,2023-10,2023-12,72.0,Starter,EMEA
C00612,2023-10,2024-01,72.0,Starter,EMEA
C00612,2023-10,2024-02,72.0,Starter,EMEA
C00612,2023-10,2024-03,72.0,Starter,EMEA
C00612,2023-10,2024-04,72.0,Starter,EMEA
C00612,2023-10,2024-05,72.0,Starter,EMEA
C00612,2023-10,2024-06,86.4,Starter,EMEA
C00612,2023-10,2024-07,86.4,Starter,EMEA
C00612,2023-10,2024-08,86.4,Starter,EMEA
C00612,2023-10,2024-09,86.4,Starter,EMEA
C00612,2023-10,2024-10,103.68,Starter,EMEA
C00612,2023-10,2024-11,103.68,Starter,EMEA
C00612,2023-10,2024-12,103.68,Starter,EMEA
C00613,2023-10,2023-10,200.0,Pro,APAC
C00613,2023-10,2023-11,200.0,Pro,APAC
C00613,2023-10,2023-12,200.0,Pro,APAC
C00613,2023-10,2024-01,200.0,Pro,APAC
C00613,2023-10,2024-02,200.0,Pro,APAC
C00614,2023-10,2023-10,50.0,Starter,EMEA
C00614,2023-10,2023-11,60.0,Starter,EMEA
C00614,2023-10,2023-12,60.0,Starter,EMEA
C00614,2023-10,2024-01,60.0,Starter,EMEA
C00615,2023-10,2023-10,800.0,Enterprise,APAC
C00615,2023-10,2023-11,800.0,Enterprise,APAC
C00615,2023-10,2023-12,800.0,Enterprise,APAC
C00615,2023-10,2024-01,800.0,Enterprise,APAC
C00615,2023-10,2024-02,800.0,Enterprise,APAC
C00615,2023-10,2024-03,800.0,Enterprise,APAC
C00615,2023-10,2024-04,960.0,Enterprise,APAC
C00615,2023-10,2024-05,960.0,Enterprise,APAC
C00615,2023-10,2024-06,960.0,Enterprise,APAC
C00615,2023-10,2024-07,1152.0,Enterprise,APAC
C00615,2023-10,2024-08,1152.0,Enterprise,APAC
C00615,2023-10,2024-09,1152.0,Enterprise,APAC
C00615,2023-10,2024-10,1382.4,Enterprise,APAC
C00615,2023-10,2024-11,1382.4,Enterprise,APAC
C00615,2023-10,2024-12,1658.88,Enterprise,APAC
C00616,2023-10,2023-10,50.0,Starter,EMEA
C00616,2023-10,2023-11,50.0,Starter,EMEA
C00616,2023-10,2023-12,50.0,Starter,EMEA
C00616,2023-10,2024-01,50.0,Starter,EMEA
C00616,2023-10,2024-02,50.0,Starter,EMEA
C00616,2023-10,2024-03,50.0,Starter,EMEA
C00616,2023-10,2024-04,50.0,Starter,EMEA
C00616,2023-10,2024-05,50.0,Starter,EMEA
C00616,2023-10,2024-06,50.0,Starter,EMEA
C00616,2023-10,2024-07,50.0,Starter,EMEA
C00616,2023-10,2024-08,50.0,Starter,EMEA
C00616,2023-10,2024-09,60.0,Starter,EMEA
C00616,2023-10,2024-10,60.0,Starter,EMEA
C00616,2023-10,2024-11,60.0,Starter,EMEA
C00616,2023-10,2024-12,72.0,Starter,EMEA
C00617,2023-10,2023-10,200.0,Pro,EMEA
C00617,2023-10,2023-11,200.0,Pro,EMEA
C00617,2023-10,2023-12,200.0,Pro,EMEA
C00617,2023-10,2024-01,200.0,Pro,EMEA
C00617,2023-10,2024-02,240.0,Pro,EMEA
C00617,2023-10,2024-03,240.0,Pro,EMEA
C00617,2023-10,2024-04,288.0,Pro,EMEA
C00617,2023-10,2024-05,288.0,Pro,EMEA
C00617,2023-10,2024-06,345.6,Pro,EMEA
C00617,2023-10,2024-07,414.72,Pro,EMEA
C00617,2023-10,2024-08,414.72,Pro,EMEA
C00617,2023-10,2024-09,414.72,Pro,EMEA
C00617,2023-10,2024-10,497.66,Pro,EMEA
C00617,2023-10,2024-11,497.66,Pro,EMEA
C00617,2023-10,2024-12,497.66,Pro,EMEA
C00618,2023-10,2023-10,50.0,Starter,EMEA
C00618,2023-10,2023-11,60.0,Starter,EMEA
C00618,2023-10,2023-12,60.0,Starter,EMEA
C00618,2023-10,2024-01,60.0,Starter,EMEA
C00618,2023-10,2024-02,72.0,Starter,EMEA
C00618,2023-10,2024-03,72.0,Starter,EMEA
C00618,2023-10,2024-04,72.0,Starter,EMEA
C00618,2023-10,2024-05,72.0,Starter,EMEA
C00618,2023-10,2024-06,72.0,Starter,EMEA
C00618,2023-10,2024-07,72.0,Starter,EMEA
C00618,2023-10,2024-08,72.0,Starter,EMEA
C00618,2023-10,2024-09,61.2,Starter,EMEA
C00618,2023-10,2024-10,61.2,Starter,EMEA
C00618,2023-10,2024-11,61.2,Starter,EMEA
C00618,2023-10,2024-12,61.2,Starter,EMEA
C00619,2023-10,2023-10,50.0,Starter,EMEA
C00620,2023-10,2023-10,50.0,Starter,LATAM
C00620,2023-10,2023-11,50.0,Starter,LATAM
C00620,2023-10,2023-12,42.5,Starter,LATAM
C00620,2023-10,2024-01,42.5,Starter,LATAM
C00620,2023-10,2024-02,42.5,Starter,LATAM
C00620,2023-10,2024-03,42.5,Starter,LATAM
C00620,2023-10,2024-04,42.5,Starter,LATAM
C00620,2023-10,2024-05,42.5,Starter,LATAM
C00620,2023-10,2024-06,51.0,Starter,LATAM
C00620,2023-10,2024-07,51.0,Starter,LATAM
C00620,2023-10,2024-08,51.0,Starter,LATAM
C00620,2023-10,2024-09,51.0,Starter,LATAM
C00620,2023-10,2024-10,51.0,Starter,LATAM
C00620,2023-10,2024-11,51.0,Starter,LATAM
C00620,2023-10,2024-12,51.0,Starter,LATAM
C00621,2023-10,2023-10,50.0,Starter,LATAM
C00622,2023-10,2023-10,200.0,Pro,APAC
C00622,2023-10,2023-11,240.0,Pro,APAC
C00622,2023-10,2023-12,240.0,Pro,APAC
C00622,2023-10,2024-01,288.0,Pro,APAC
C00622,2023-10,2024-02,244.8,Pro,APAC
C00622,2023-10,2024-03,244.8,Pro,APAC
C00622,2023-10,2024-04,244.8,Pro,APAC
C00622,2023-10,2024-05,293.76,Pro,APAC
C00622,2023-10,2024-06,352.51,Pro,APAC
C00622,2023-10,2024-07,423.01,Pro,APAC
C00622,2023-10,2024-08,359.56,Pro,APAC
C00622,2023-10,2024-09,359.56,Pro,APAC
C00622,2023-10,2024-10,359.56,Pro,APAC
C00622,2023-10,2024-11,359.56,Pro,APAC
C00623,2023-10,2023-10,50.0,Starter,APAC
C00623,2023-10,2023-11,60.0,Starter,APAC
C00623,2023-10,2023-12,60.0,Starter,APAC
C00623,2023-10,2024-01,60.0,Starter,APAC
C00623,2023-10,2024-02,60.0,Starter,APAC
C00623,2023-10,2024-03,60.0,Starter,APAC
C00623,2023-10,2024-04,60.0,Starter,APAC
C00623,2023-10,2024-05,60.0,Starter,APAC
C00623,2023-10,2024-06,72.0,Starter,APAC
C00623,2023-10,2024-07,72.0,Starter,APAC
C00623,2023-10,2024-08,72.0,Starter,APAC
C00623,2023-10,2024-09,72.0,Starter,APAC
C00623,2023-10,2024-10,86.4,Starter,APAC
C00623,2023-10,2024-11,103.68,Starter,APAC
C00623,2023-10,2024-12,103.68,Starter,APAC
C00624,2023-10,2023-10,50.0,Starter,EMEA
C00624,2023-10,2023-11,42.5,Starter,EMEA
C00624,2023-10,2023-12,42.5,Starter,EMEA
C00624,2023-10,2024-01,42.5,Starter,EMEA
C00624,2023-10,2024-02,42.5,Starter,EMEA
C00624,2023-10,2024-03,51.0,Starter,EMEA
C00624,2023-10,2024-04,61.2,Starter,EMEA
C00624,2023-10,2024-05,61.2,Starter,EMEA
C00624,2023-10,2024-06,61.2,Starter,EMEA
C00624,2023-10,2024-07,61.2,Starter,EMEA
C00624,2023-10,2024-08,61.2,Starter,EMEA
C00624,2023-10,2024-09,61.2,Starter,EMEA
C00624,2023-10,2024-10,61.2,Starter,EMEA
C00624,2023-10,2024-11,61.2,Starter,EMEA
C00624,2023-10,2024-12,61.2,Starter,EMEA
C00625,2023-10,2023-10,50.0,Starter,NA
C00625,2023-10,2023-11,50.0,Starter,NA
C00625,2023-10,2023-12,50.0,Starter,NA
C00625,2023-10,2024-01,60.0,Starter,NA
C00625,2023-10,2024-02,60.0,Starter,NA
C00625,2023-10,2024-03,60.0,Starter,NA
C00625,2023-10,2024-04,60.0,Starter,NA
C00625,2023-10,2024-05,60.0,Starter,NA
C00625,2023-10,2024-06,60.0,Starter,NA
C00625,2023-10,2024-07,60.0,Starter,NA
C00625,2023-10,2024-08,60.0,Starter,NA
C00625,2023-10,2024-09,60.0,Starter,NA
C00625,2023-10,2024-10,60.0,Starter,NA
C00625,2023-10,2024-11,72.0,Starter,NA
C00626,2023-10,2023-10,50.0,Starter,EMEA
C00626,2023-10,2023-11,50.0,Starter,EMEA
C00626,2023-10,2023-12,42.5,Starter,EMEA
C00626,2023-10,2024-01,42.5,Starter,EMEA
C00626,2023-10,2024-02,42.5,Starter,EMEA
C00626,2023-10,2024-03,42.5,Starter,EMEA
C00626,2023-10,2024-04,42.5,Starter,EMEA
C00626,2023-10,2024-05,42.5,Starter,EMEA
C00626,2023-10,2024-06,42.5,Starter,EMEA
C00626,2023-10,2024-07,42.5,Starter,EMEA
C00626,2023-10,2024-08,42.5,Starter,EMEA
C00626,2023-10,2024-09,42.5,Starter,EMEA
C00626,2023-10,2024-10,42.5,Starter,EMEA
C00626,2023-10,2024-11,42.5,Starter,EMEA
C00626,2023-10,2024-12,51.0,Starter,EMEA
C00627,2023-10,2023-10,200.0,Pro,NA
C00627,2023-10,2023-11,200.0,Pro,NA
C00627,2023-10,2023-12,200.0,Pro,NA
C00627,2023-10,2024-01,240.0,Pro,NA
C00627,2023-10,2024-02,240.0,Pro,NA
C00627,2023-10,2024-03,240.0,Pro,NA
C00627,2023-10,2024-04,204.0,Pro,NA
C00627,2023-10,2024-05,244.8,Pro,NA
C00627,2023-10,2024-06,244.8,Pro,NA
C00627,2023-10,2024-07,244.8,Pro,NA
C00627,2023-10,2024-08,244.8,Pro,NA
C00627,2023-10,2024-09,244.8,Pro,NA
C00627,2023-10,2024-10,244.8,Pro,NA
C00627,2023-10,2024-11,244.8,Pro,NA
C00627,2023-10,2024-12,244.8,Pro,NA
C00628,2023-10,2023-10,200.0,Pro,LATAM
C00628,2023-10,2023-11,200.0,Pro,LATAM
C00628,2023-10,2023-12,200.0,Pro,LATAM
C00628,2023-10,2024-01,200.0,Pro,LATAM
C00628,2023-10,2024-02,240.0,Pro,LATAM
C00628,2023-10,2024-03,240.0,Pro,LATAM
C00628,2023-10,2024-04,240.0,Pro,LATAM
C00628,2023-10,2024-05,240.0,Pro,LATAM
C00628,2023-10,2024-06,240.0,Pro,LATAM
C00628,2023-10,2024-07,240.0,Pro,LATAM
C00628,2023-10,2024-08,240.0,Pro,LATAM
C00628,2023-10,2024-09,288.0,Pro,LATAM
C00628,2023-10,2024-10,288.0,Pro,LATAM
C00628,2023-10,2024-11,288.0,Pro,LATAM
C00628,2023-10,2024-12,288.0,Pro,LATAM
C00629,2023-10,2023-10,50.0,Starter,NA
C00629,2023-10,2023-11,50.0,Starter,NA
C00629,2023-10,2023-12,60.0,Starter,NA
C00629,2023-10,2024-01,60.0,Starter,NA
C00629,2023-10,2024-02,60.0,Starter,NA
C00629,2023-10,2024-03,60.0,Starter,NA
C00629,2023-10,2024-04,60.0,Starter,NA
C00629,2023-10,2024-05,60.0,Starter,NA
C00629,2023-10,2024-06,60.0,Starter,NA
C00629,2023-10,2024-07,60.0,Starter,NA
C00629,2023-10,2024-08,60.0,Starter,NA
C00629,2023-10,2024-09,60.0,Starter,NA
C00629,2023-10,2024-10,60.0,Starter,NA
C00629,2023-10,2024-11,60.0,Starter,NA
C00629,2023-10,2024-12,60.0,Starter,NA
C00630,2023-10,2023-10,50.0,Starter,APAC
C00631,2023-10,2023-10,200.0,Pro,NA
C00631,2023-10,2023-11,200.0,Pro,NA
C00631,2023-10,2023-12,200.0,Pro,NA
C00631,2023-10,2024-01,200.0,Pro,NA
C00631,2023-10,2024-02,200.0,Pro,NA
C00631,2023-10,2024-03,200.0,Pro,NA
C00631,2023-10,2024-04,200.0,Pro,NA
C00631,2023-10,2024-05,200.0,Pro,NA
C00631,2023-10,2024-06,200.0,Pro,NA
C00631,2023-10,2024-07,240.0,Pro,NA
C00631,2023-10,2024-08,240.0,Pro,NA
C00631,2023-10,2024-09,240.0,Pro,NA
C00631,2023-10,2024-10,240.0,Pro,NA
C00631,2023-10,2024-11,240.0,Pro,NA
C00631,2023-10,2024-12,240.0,Pro,NA
C00632,2023-10,2023-10,200.0,Pro,EMEA
C00632,2023-10,2023-11,200.0,Pro,EMEA
C00632,2023-10,2023-12,200.0,Pro,EMEA
C00632,2023-10,2024-01,240.0,Pro,EMEA
C00632,2023-10,2024-02,240.0,Pro,EMEA
C00632,2023-10,2024-03,240.0,Pro,EMEA
C00632,2023-10,2024-04,240.0,Pro,EMEA
C00632,2023-10,2024-05,204.0,Pro,EMEA
C00633,2023-10,2023-10,50.0,Starter,EMEA
C00633,2023-10,2023-11,50.0,Starter,EMEA
C00633,2023-10,2023-12,50.0,Starter,EMEA
C00633,2023-10,2024-01,50.0,Starter,EMEA
C00633,2023-10,2024-02,50.0,Starter,EMEA
C00633,2023-10,2024-03,50.0,Starter,EMEA
C00633,2023-10,2024-04,60.0,Starter,EMEA
C00633,2023-10,2024-05,72.0,Starter,EMEA
C00633,2023-10,2024-06,72.0,Starter,EMEA
C00633,2023-10,2024-07,86.4,Starter,EMEA
C00634,2023-10,2023-10,50.0,Starter,EMEA
C00634,2023-10,2023-11,50.0,Starter,EMEA
C00634,2023-10,2023-12,50.0,Starter,EMEA
C00634,2023-10,2024-01,50.0,Starter,EMEA
C00634,2023-10,2024-02,50.0,Starter,EMEA
C00634,2023-10,2024-03,50.0,Starter,EMEA
C00634,2023-10,2024-04,60.0,Starter,EMEA
C00634,2023-10,2024-05,60.0,Starter,EMEA
C00634,2023-10,2024-06,72.0,Starter,EMEA
C00634,2023-10,2024-07,72.0,Starter,EMEA
C00634,2023-10,2024-08,72.0,Starter,EMEA
C00634,2023-10,2024-09,72.0,Starter,EMEA
C00634,2023-10,2024-10,72.0,Starter,EMEA
C00634,2023-10,2024-11,72.0,Starter,EMEA
C00634,2023-10,2024-12,61.2,Starter,EMEA
C00635,2023-10,2023-10,200.0,Pro,NA
C00635,2023-10,2023-11,200.0,Pro,NA
C00635,2023-10,2023-12,200.0,Pro,NA
C00635,2023-10,2024-01,200.0,Pro,NA
C00635,2023-10,2024-02,200.0,Pro,NA
C00635,2023-10,2024-03,200.0,Pro,NA
C00635,2023-10,2024-04,200.0,Pro,NA
C00635,2023-10,2024-05,200.0,Pro,NA
C00636,2023-10,2023-10,800.0,Enterprise,NA
C00636,2023-10,2023-11,800.0,Enterprise,NA
C00636,2023-10,2023-12,800.0,Enterprise,NA
C00636,2023-10,2024-01,800.0,Enterprise,NA
C00636,2023-10,2024-02,960.0,Enterprise,NA
C00636,2023-10,2024-03,960.0,Enterprise,NA
C00636,2023-10,2024-04,960.0,Enterprise,NA
C00636,2023-10,2024-05,960.0,Enterprise,NA
C00636,2023-10,2024-06,960.0,Enterprise,NA
C00636,2023-10,2024-07,960.0,Enterprise,NA
C00636,2023-10,2024-08,1152.0,Enterprise,NA
C00636,2023-10,2024-09,1152.0,Enterprise,NA
C00636,2023-10,2024-10,1382.4,Enterprise,NA
C00636,2023-10,2024-11,1175.04,Enterprise,NA
C00636,2023-10,2024-12,1410.05,Enterprise,NA
C00637,2023-10,2023-10,200.0,Pro,EMEA
C00637,2023-10,2023-11,200.0,Pro,EMEA
C00637,2023-10,2023-12,200.0,Pro,EMEA
C00637,2023-10,2024-01,200.0,Pro,EMEA
C00637,2023-10,2024-02,200.0,Pro,EMEA
C00637,2023-10,2024-03,200.0,Pro,EMEA
C00637,2023-10,2024-04,200.0,Pro,EMEA
C00637,2023-10,2024-05,200.0,Pro,EMEA
C00637,2023-10,2024-06,200.0,Pro,EMEA
C00637,2023-10,2024-07,200.0,Pro,EMEA
C00637,2023-10,2024-08,200.0,Pro,EMEA
C00637,2023-10,2024-09,200.0,Pro,EMEA
C00637,2023-10,2024-10,200.0,Pro,EMEA
C00637,2023-10,2024-11,200.0,Pro,EMEA
C00637,2023-10,2024-12,200.0,Pro,EMEA
C00638,2023-10,2023-10,50.0,Starter,NA
C00638,2023-10,2023-11,50.0,Starter,NA
C00638,2023-10,2023-12,50.0,Starter,NA
C00638,2023-10,2024-01,60.0,Starter,NA
C00638,2023-10,2024-02,60.0,Starter,NA
C00638,2023-10,2024-03,60.0,Starter,NA
C00638,2023-10,2024-04,60.0,Starter,NA
C00638,2023-10,2024-05,60.0,Starter,NA
C00638,2023-10,2024-06,72.0,Starter,NA
C00638,2023-10,2024-07,72.0,Starter,NA
C00638,2023-10,2024-08,86.4,Starter,NA
C00638,2023-10,2024-09,86.4,Starter,NA
C00638,2023-10,2024-10,86.4,Starter,NA
C00638,2023-10,2024-11,86.4,Starter,NA
C00638,2023-10,2024-12,86.4,Starter,NA
C00639,2023-10,2023-10,800.0,Enterprise,LATAM
C00639,2023-10,2023-11,960.0,Enterprise,LATAM
C00639,2023-10,2023-12,960.0,Enterprise,LATAM
C00639,2023-10,2024-01,960.0,Enterprise,LATAM
C00639,2023-10,2024-02,960.0,Enterprise,LATAM
C00639,2023-10,2024-03,1152.0,Enterprise,LATAM
C00639,2023-10,2024-04,1152.0,Enterprise,LATAM
C00639,2023-10,2024-05,1152.0,Enterprise,LATAM
C00639,2023-10,2024-06,979.2,Enterprise,LATAM
C00639,2023-10,2024-07,1175.04,Enterprise,LATAM
C00639,2023-10,2024-08,1175.04,Enterprise,LATAM
C00639,2023-10,2024-09,1175.04,Enterprise,LATAM
C00639,2023-10,2024-10,1175.04,Enterprise,LATAM
C00639,2023-10,2024-11,1175.04,Enterprise,LATAM
C00639,2023-10,2024-12,1410.05,Enterprise,LATAM
C00640,2023-10,2023-10,200.0,Pro,APAC
C00640,2023-10,2023-11,200.0,Pro,APAC
C00640,2023-10,2023-12,200.0,Pro,APAC
C00640,2023-10,2024-01,200.0,Pro,APAC
C00640,2023-10,2024-02,240.0,Pro,APAC
C00640,2023-10,2024-03,240.0,Pro,APAC
C00640,2023-10,2024-04,240.0,Pro,APAC
C00640,2023-10,2024-05,240.0,Pro,APAC
C00640,2023-10,2024-06,240.0,Pro,APAC
C00640,2023-10,2024-07,288.0,Pro,APAC
C00640,2023-10,2024-08,288.0,Pro,APAC
C00640,2023-10,2024-09,288.0,Pro,APAC
C00640,2023-10,2024-10,288.0,Pro,APAC
C00640,2023-10,2024-11,345.6,Pro,APAC
C00640,2023-10,2024-12,345.6,Pro,APAC
C00641,2023-10,2023-10,200.0,Pro,EMEA
C00641,2023-10,2023-11,200.0,Pro,EMEA
C00641,2023-10,2023-12,200.0,Pro,EMEA
C00641,2023-10,2024-01,200.0,Pro,EMEA
C00641,2023-10,2024-02,200.0,Pro,EMEA
C00641,2023-10,2024-03,200.0,Pro,EMEA
C00641,2023-10,2024-04,200.0,Pro,EMEA
C00641,2023-10,2024-05,240.0,Pro,EMEA
C00641,2023-10,2024-06,240.0,Pro,EMEA
C00641,2023-10,2024-07,240.0,Pro,EMEA
C00641,2023-10,2024-08,240.0,Pro,EMEA
C00641,2023-10,2024-09,240.0,Pro,EMEA
C00641,2023-10,2024-10,240.0,Pro,EMEA
C00641,2023-10,2024-11,240.0,Pro,EMEA
C00641,2023-10,2024-12,240.0,Pro,EMEA
C00642,2023-10,2023-10,50.0,Starter,LATAM
C00642,2023-10,2023-11,42.5,Starter,LATAM
C00642,2023-10,2023-12,51.0,Starter,LATAM
C00642,2023-10,2024-01,51.0,Starter,LATAM
C00642,2023-10,2024-02,43.35,Starter,LATAM
C00642,2023-10,2024-03,43.35,Starter,LATAM
C00642,2023-10,2024-04,43.35,Starter,LATAM
C00642,2023-10,2024-05,43.35,Starter,LATAM
C00642,2023-10,2024-06,43.35,Starter,LATAM
C00642,2023-10,2024-07,43.35,Starter,LATAM
C00642,2023-10,2024-08,52.02,Starter,LATAM
C00642,2023-10,2024-09,62.42,Starter,LATAM
C00642,2023-10,2024-10,62.42,Starter,LATAM
C00642,2023-10,2024-11,74.91,Starter,LATAM
C00642,2023-10,2024-12,74.91,Starter,LATAM
C00643,2023-10,2023-10,50.0,Starter,EMEA
C00643,2023-10,2023-11,50.0,Starter,EMEA
C00643,2023-10,2023-12,42.5,Starter,EMEA
C00643,2023-10,2024-01,51.0,Starter,EMEA
C00643,2023-10,2024-02,51.0,Starter,EMEA
C00643,2023-10,2024-03,61.2,Starter,EMEA
C00643,2023-10,2024-04,73.44,Starter,EMEA
C00643,2023-10,2024-05,88.13,Starter,EMEA
C00643,2023-10,2024-06,88.13,Starter,EMEA
C00643,2023-10,2024-07,88.13,Starter,EMEA
C00643,2023-10,2024-08,88.13,Starter,EMEA
C00643,2023-10,2024-09,88.13,Starter,EMEA
C00643,2023-10,2024-10,88.13,Starter,EMEA
C00643,2023-10,2024-11,88.13,Starter,EMEA
C00643,2023-10,2024-12,105.75,Starter,EMEA
C00644,2023-10,2023-10,50.0,Starter,NA
C00644,2023-10,2023-11,50.0,Starter,NA
C00644,2023-10,2023-12,60.0,Starter,NA
C00644,2023-10,2024-01,60.0,Starter,NA
C00644,2023-10,2024-02,72.0,Starter,NA
C00644,2023-10,2024-03,72.0,Starter,NA
C00644,2023-10,2024-04,72.0,Starter,NA
C00644,2023-10,2024-05,72.0,Starter,NA
C00644,2023-10,2024-06,72.0,Starter,NA
C00644,2023-10,2024-07,72.0,Starter,NA
C00644,2023-10,2024-08,72.0,Starter,NA
C00644,2023-10,2024-09,86.4,Starter,NA
C00644,2023-10,2024-10,86.4,Starter,NA
C00644,2023-10,2024-11,73.44,Starter,NA
C00644,2023-10,2024-12,88.13,Starter,NA
C00645,2023-10,2023-10,50.0,Starter,NA
C00645,2023-10,2023-11,50.0,Starter,NA
C00645,2023-10,2023-12,50.0,Starter,NA
C00645,2023-10,2024-01,50.0,Starter,NA
C00645,2023-10,2024-02,50.0,Starter,NA
C00645,2023-10,2024-03,60.0,Starter,NA
C00645,2023-10,2024-04,60.0,Starter,NA
C00645,2023-10,2024-05,60.0,Starter,NA
C00645,2023-10,2024-06,60.0,Starter,NA
C00645,2023-10,2024-07,60.0,Starter,NA
C00645,2023-10,2024-08,60.0,Starter,NA
C00645,2023-10,2024-09,60.0,Starter,NA
C00645,2023-10,2024-10,60.0,Starter,NA
C00645,2023-10,2024-11,60.0,Starter,NA
C00645,2023-10,2024-12,60.0,Starter,NA
C00646,2023-10,2023-10,200.0,Pro,APAC
C00646,2023-10,2023-11,200.0,Pro,APAC
C00647,2023-10,2023-10,50.0,Starter,NA
C00647,2023-10,2023-11,50.0,Starter,NA
C00647,2023-10,2023-12,50.0,Starter,NA
C00647,2023-10,2024-01,60.0,Starter,NA
C00647,2023-10,2024-02,72.0,Starter,NA
C00647,2023-10,2024-03,72.0,Starter,NA
C00647,2023-10,2024-04,72.0,Starter,NA
C00647,2023-10,2024-05,72.0,Starter,NA
C00647,2023-10,2024-06,72.0,Starter,NA
C00647,2023-10,2024-07,86.4,Starter,NA
C00647,2023-10,2024-08,86.4,Starter,NA
C00647,2023-10,2024-09,73.44,Starter,NA
C00647,2023-10,2024-10,88.13,Starter,NA
C00647,2023-10,2024-11,88.13,Starter,NA
C00647,2023-10,2024-12,88.13,Starter,NA
C00648,2023-10,2023-10,200.0,Pro,NA
C00648,2023-10,2023-11,240.0,Pro,NA
C00648,2023-10,2023-12,240.0,Pro,NA
C00648,2023-10,2024-01,240.0,Pro,NA
C00648,2023-10,2024-02,240.0,Pro,NA
C00648,2023-10,2024-03,240.0,Pro,NA
C00648,2023-10,2024-04,240.0,Pro,NA
C00648,2023-10,2024-05,288.0,Pro,NA
C00648,2023-10,2024-06,288.0,Pro,NA
C00648,2023-10,2024-07,288.0,Pro,NA
C00648,2023-10,2024-08,345.6,Pro,NA
C00648,2023-10,2024-09,345.6,Pro,NA
C00648,2023-10,2024-10,345.6,Pro,NA
C00648,2023-10,2024-11,345.6,Pro,NA
C00648,2023-10,2024-12,414.72,Pro,NA
C00649,2023-10,2023-10,50.0,Starter,NA
C00649,2023-10,2023-11,50.0,Starter,NA
C00649,2023-10,2023-12,50.0,Starter,NA
C00649,2023-10,2024-01,50.0,Starter,NA
C00649,2023-10,2024-02,50.0,Starter,NA
C00649,2023-10,2024-03,50.0,Starter,NA
C00649,2023-10,2024-04,50.0,Starter,NA
C00650,2023-10,2023-10,200.0,Pro,EMEA
C00650,2023-10,2023-11,200.0,Pro,EMEA
C00650,2023-10,2023-12,200.0,Pro,EMEA
C00650,2023-10,2024-01,200.0,Pro,EMEA
C00650,2023-10,2024-02,200.0,Pro,EMEA
C00650,2023-10,2024-03,200.0,Pro,EMEA
C00650,2023-10,2024-04,240.0,Pro,EMEA
C00650,2023-10,2024-05,240.0,Pro,EMEA
C00650,2023-10,2024-06,240.0,Pro,EMEA
C00650,2023-10,2024-07,240.0,Pro,EMEA
C00650,2023-10,2024-08,288.0,Pro,EMEA
C00650,2023-10,2024-09,244.8,Pro,EMEA
C00650,2023-10,2024-10,244.8,Pro,EMEA
C00650,2023-10,2024-11,293.76,Pro,EMEA
C00650,2023-10,2024-12,293.76,Pro,EMEA
C00651,2023-10,2023-10,200.0,Pro,EMEA
C00651,2023-10,2023-11,200.0,Pro,EMEA
C00651,2023-10,2023-12,200.0,Pro,EMEA
C00651,2023-10,2024-01,200.0,Pro,EMEA
C00652,2023-11,2023-11,50.0,Starter,NA
C00652,2023-11,2023-12,50.0,Starter,NA
C00653,2023-11,2023-11,50.0,Starter,NA
C00653,2023-11,2023-12,60.0,Starter,NA
C00653,2023-11,2024-01,60.0,Starter,NA
C00653,2023-11,2024-02,60.0,Starter,NA
C00653,2023-11,2024-03,72.0,Starter,NA
C00653,2023-11,2024-04,72.0,Starter,NA
C00653,2023-11,2024-05,72.0,Starter,NA
C00653,2023-11,2024-06,86.4,Starter,NA
C00653,2023-11,2024-07,86.4,Starter,NA
C00653,2023-11,2024-08,86.4,Starter,NA
C00653,2023-11,2024-09,86.4,Starter,NA
C00653,2023-11,2024-10,86.4,Starter,NA
C00653,2023-11,2024-11,86.4,Starter,NA
C00653,2023-11,2024-12,86.4,Starter,NA
C00654,2023-11,2023-11,200.0,Pro,NA
C00654,2023-11,2023-12,240.0,Pro,NA
C00654,2023-11,2024-01,240.0,Pro,NA
C00654,2023-11,2024-02,240.0,Pro,NA
C00654,2023-11,2024-03,240.0,Pro,NA
C00654,2023-11,2024-04,240.0,Pro,NA
C00654,2023-11,2024-05,240.0,Pro,NA
C00654,2023-11,2024-06,240.0,Pro,NA
C00654,2023-11,2024-07,288.0,Pro,NA
C00654,2023-11,2024-08,288.0,Pro,NA
C00654,2023-11,2024-09,288.0,Pro,NA
C00654,2023-11,2024-10,288.0,Pro,NA
C00654,2023-11,2024-11,288.0,Pro,NA
C00654,2023-11,2024-12,288.0,Pro,NA
C00655,2023-11,2023-11,200.0,Pro,LATAM
C00655,2023-11,2023-12,200.0,Pro,LATAM
C00655,2023-11,2024-01,200.0,Pro,LATAM
C00655,2023-11,2024-02,200.0,Pro,LATAM
C00655,2023-11,2024-03,200.0,Pro,LATAM
C00655,2023-11,2024-04,200.0,Pro,LATAM
C00655,2023-11,2024-05,200.0,Pro,LATAM
C00655,2023-11,2024-06,200.0,Pro,LATAM
C00655,2023-11,2024-07,200.0,Pro,LATAM
C00655,2023-11,2024-08,170.0,Pro,LATAM
C00655,2023-11,2024-09,170.0,Pro,LATAM
C00655,2023-11,2024-10,170.0,Pro,LATAM
C00655,2023-11,2024-11,204.0,Pro,LATAM
C00655,2023-11,2024-12,204.0,Pro,LATAM
C00656,2023-11,2023-11,50.0,Starter,APAC
C00656,2023-11,2023-12,50.0,Starter,APAC
C00656,2023-11,2024-01,50.0,Starter,APAC
C00656,2023-11,2024-02,50.0,Starter,APAC
C00656,2023-11,2024-03,60.0,Starter,APAC
C00656,2023-11,2024-04,60.0,Starter,APAC
C00656,2023-11,2024-05,72.0,Starter,APAC
C00656,2023-11,2024-06,86.4,Starter,APAC
C00656,2023-11,2024-07,103.68,Starter,APAC
C00656,2023-11,2024-08,103.68,Starter,APAC
C00656,2023-11,2024-09,103.68,Starter,APAC
C00656,2023-11,2024-10,103.68,Starter,APAC
C00656,2023-11,2024-11,103.68,Starter,APAC
C00656,2023-11,2024-12,103.68,Starter,APAC
C00657,2023-11,2023-11,200.0,Pro,EMEA
C00657,2023-11,2023-12,240.0,Pro,EMEA
C00657,2023-11,2024-01,240.0,Pro,EMEA
C00657,2023-11,2024-02,240.0,Pro,EMEA
C00657,2023-11,2024-03,240.0,Pro,EMEA
C00657,2023-11,2024-04,240.0,Pro,EMEA
C00657,2023-11,2024-05,240.0,Pro,EMEA
C00657,2023-11,2024-06,288.0,Pro,EMEA
C00657,2023-11,2024-07,288.0,Pro,EMEA
C00657,2023-11,2024-08,244.8,Pro,EMEA
C00657,2023-11,2024-09,293.76,Pro,EMEA
C00657,2023-11,2024-10,352.51,Pro,EMEA
C00657,2023-11,2024-11,423.01,Pro,EMEA
C00657,2023-11,2024-12,423.01,Pro,EMEA
C00658,2023-11,2023-11,200.0,Pro,EMEA
C00658,2023-11,2023-12,200.0,Pro,EMEA
C00658,2023-11,2024-01,200.0,Pro,EMEA
C00658,2023-11,2024-02,240.0,Pro,EMEA
C00658,2023-11,2024-03,240.0,Pro,EMEA
C00658,2023-11,2024-04,240.0,Pro,EMEA
C00658,2023-11,2024-05,240.0,Pro,EMEA
C00658,2023-11,2024-06,240.0,Pro,EMEA
C00658,2023-11,2024-07,288.0,Pro,EMEA
C00658,2023-11,2024-08,345.6,Pro,EMEA
C00658,2023-11,2024-09,345.6,Pro,EMEA
C00658,2023-11,2024-10,345.6,Pro,EMEA
C00658,2023-11,2024-11,345.6,Pro,EMEA
C00658,2023-11,2024-12,345.6,Pro,EMEA
C00659,2023-11,2023-11,800.0,Enterprise,NA
C00659,2023-11,2023-12,960.0,Enterprise,NA
C00659,2023-11,2024-01,960.0,Enterprise,NA
C00659,2023-11,2024-02,960.0,Enterprise,NA
C00659,2023-11,2024-03,960.0,Enterprise,NA
C00659,2023-11,2024-04,960.0,Enterprise,NA
C00660,2023-11,2023-11,200.0,Pro,NA
C00660,2023-11,2023-12,200.0,Pro,NA
C00660,2023-11,2024-01,200.0,Pro,NA
C00660,2023-11,2024-02,200.0,Pro,NA
C00660,2023-11,2024-03,200.0,Pro,NA
C00660,2023-11,2024-04,200.0,Pro,NA
C00660,2023-11,2024-05,200.0,Pro,NA
C00660,2023-11,2024-06,200.0,Pro,NA
C00660,2023-11,2024-07,200.0,Pro,NA
C00660,2023-11,2024-08,200.0,Pro,NA
C00660,2023-11,2024-09,200.0,Pro,NA
C00660,2023-11,2024-10,240.0,Pro,NA
C00660,2023-11,2024-11,204.0,Pro,NA
C00660,2023-11,2024-12,204.0,Pro,NA
C00661,2023-11,2023-11,200.0,Pro,NA
C00661,2023-11,2023-12,200.0,Pro,NA
C00662,2023-11,2023-11,50.0,Starter,EMEA
C00662,2023-11,2023-12,50.0,Starter,EMEA
C00662,2023-11,2024-01,50.0,Starter,EMEA
C00662,2023-11,2024-02,50.0,Starter,EMEA
C00662,2023-11,2024-03,50.0,Starter,EMEA
C00662,2023-11,2024-04,60.0,Starter,EMEA
C00662,2023-11,2024-05,60.0,Starter,EMEA
C00662,2023-11,2024-06,60.0,Starter,EMEA
C00662,2023-11,2024-07,60.0,Starter,EMEA
C00662,2023-11,2024-08,60.0,Starter,EMEA
C00663,2023-11,2023-11,200.0,Pro,NA
C00663,2023-11,2023-12,240.0,Pro,NA
C00663,2023-11,2024-01,240.0,Pro,NA
C00663,2023-11,2024-02,240.0,Pro,NA
C00663,2023-11,2024-03,240.0,Pro,NA
C00663,2023-11,2024-04,240.0,Pro,NA
C00663,2023-11,2024-05,240.0,Pro,NA
C00663,2023-11,2024-06,240.0,Pro,NA
C00663,2023-11,2024-07,288.0,Pro,NA
C00663,2023-11,2024-08,345.6,Pro,NA
C00663,2023-11,2024-09,345.6,Pro,NA
C00663,2023-11,2024-10,414.72,Pro,NA
C00663,2023-11,2024-11,414.72,Pro,NA
C00663,2023-11,2024-12,414.72,Pro,NA
C00664,2023-11,2023-11,200.0,Pro,NA
C00664,2023-11,2023-12,200.0,Pro,NA
C00664,2023-11,2024-01,200.0,Pro,NA
C00664,2023-11,2024-02,240.0,Pro,NA
C00665,2023-11,2023-11,50.0,Starter,EMEA
C00665,2023-11,2023-12,50.0,Starter,EMEA
C00665,2023-11,2024-01,50.0,Starter,EMEA
C00665,2023-11,2024-02,50.0,Starter,EMEA
C00665,2023-11,2024-03,50.0,Starter,EMEA
C00665,2023-11,2024-04,60.0,Starter,EMEA
C00665,2023-11,2024-05,60.0,Starter,EMEA
C00665,2023-11,2024-06,72.0,Starter,EMEA
C00665,2023-11,2024-07,72.0,Starter,EMEA
C00665,2023-11,2024-08,72.0,Starter,EMEA
C00665,2023-11,2024-09,72.0,Starter,EMEA
C00665,2023-11,2024-10,72.0,Starter,EMEA
C00665,2023-11,2024-11,72.0,Starter,EMEA
C00665,2023-11,2024-12,72.0,Starter,EMEA
C00666,2023-11,2023-11,50.0,Starter,NA
C00666,2023-11,2023-12,50.0,Starter,NA
C00666,2023-11,2024-01,60.0,Starter,NA
C00666,2023-11,2024-02,72.0,Starter,NA
C00666,2023-11,2024-03,72.0,Starter,NA
C00666,2023-11,2024-04,72.0,Starter,NA
C00666,2023-11,2024-05,72.0,Starter,NA
C00666,2023-11,2024-06,72.0,Starter,NA
C00667,2023-11,2023-11,800.0,Enterprise,NA
C00667,2023-11,2023-12,800.0,Enterprise,NA
C00667,2023-11,2024-01,800.0,Enterprise,NA
C00667,2023-11,2024-02,960.0,Enterprise,NA
C00667,2023-11,2024-03,1152.0,Enterprise,NA
C00667,2023-11,2024-04,1152.0,Enterprise,NA
C00667,2023-11,2024-05,1152.0,Enterprise,NA
C00667,2023-11,2024-06,1152.0,Enterprise,NA
C00667,2023-11,2024-07,1152.0,Enterprise,NA
C00667,2023-11,2024-08,1382.4,Enterprise,NA
C00667,2023-11,2024-09,1382.4,Enterprise,NA
C00667,2023-11,2024-10,1382.4,Enterprise,NA
C00667,2023-11,2024-11,1382.4,Enterprise,NA
C00668,2023-11,2023-11,50.0,Starter,EMEA
C00668,2023-11,2023-12,50.0,Starter,EMEA
C00669,2023-11,2023-11,200.0,Pro,APAC
C00669,2023-11,2023-12,200.0,Pro,APAC
C00669,2023-11,2024-01,200.0,Pro,APAC
C00669,2023-11,2024-02,200.0,Pro,APAC
C00669,2023-11,2024-03,200.0,Pro,APAC
C00669,2023-11,2024-04,200.0,Pro,APAC
C00669,2023-11,2024-05,200.0,Pro,APAC
C00669,2023-11,2024-06,200.0,Pro,APAC
C00669,2023-11,2024-07,200.0,Pro,APAC
C00669,2023-11,2024-08,240.0,Pro,APAC
C00669,2023-11,2024-09,240.0,Pro,APAC
C00669,2023-11,2024-10,240.0,Pro,APAC
C00669,2023-11,2024-11,288.0,Pro,APAC
C00669,2023-11,2024-12,288.0,Pro,APAC
C00670,2023-11,2023-11,200.0,Pro,NA
C00670,2023-11,2023-12,200.0,Pro,NA
C00670,2023-11,2024-01,200.0,Pro,NA
C00670,2023-11,2024-02,200.0,Pro,NA
C00670,2023-11,2024-03,200.0,Pro,NA
C00670,2023-11,2024-04,200.0,Pro,NA
C00670,2023-11,2024-05,200.0,Pro,NA
C00670,2023-11,2024-06,200.0,Pro,NA
C00670,2023-11,2024-07,200.0,Pro,NA
C00670,2023-11,2024-08,200.0,Pro,NA
C00670,2023-11,2024-09,200.0,Pro,NA
C00670,2023-11,2024-10,200.0,Pro,NA
C00670,2023-11,2024-11,240.0,Pro,NA
C00670,2023-11,2024-12,240.0,Pro,NA
C00671,2023-11,2023-11,800.0,Enterprise,APAC
C00671,2023-11,2023-12,800.0,Enterprise,APAC
C00671,2023-11,2024-01,800.0,Enterprise,APAC
C00671,2023-11,2024-02,800.0,Enterprise,APAC
C00671,2023-11,2024-03,800.0,Enterprise,APAC
C00671,2023-11,2024-04,800.0,Enterprise,APAC
C00671,2023-11,2024-05,800.0,Enterprise,APAC
C00671,2023-11,2024-06,800.0,Enterprise,APAC
C00671,2023-11,2024-07,800.0,Enterprise,APAC
C00671,2023-11,2024-08,800.0,Enterprise,APAC
C00671,2023-11,2024-09,800.0,Enterprise,APAC
C00671,2023-11,2024-10,800.0,Enterprise,APAC
C00671,2023-11,2024-11,800.0,Enterprise,APAC
C00671,2023-11,2024-12,800.0,Enterprise,APAC
C00672,2023-11,2023-11,200.0,Pro,EMEA
C00672,2023-11,2023-12,200.0,Pro,EMEA
C00672,2023-11,2024-01,200.0,Pro,EMEA
C00672,2023-11,2024-02,200.0,Pro,EMEA
C00672,2023-11,2024-03,240.0,Pro,EMEA
C00672,2023-11,2024-04,240.0,Pro,EMEA
C00672,2023-11,2024-05,288.0,Pro,EMEA
C00672,2023-11,2024-06,288.0,Pro,EMEA
C00672,2023-11,2024-07,288.0,Pro,EMEA
C00672,2023-11,2024-08,288.0,Pro,EMEA
C00672,2023-11,2024-09,345.6,Pro,EMEA
C00673,2023-11,2023-11,50.0,Starter,APAC
C00673,2023-11,2023-12,42.5,Starter,APAC
C00673,2023-11,2024-01,42.5,Starter,APAC
C00673,2023-11,2024-02,42.5,Starter,APAC
C00673,2023-11,2024-03,42.5,Starter,APAC
C00673,2023-11,2024-04,51.0,Starter,APAC
C00673,2023-11,2024-05,61.2,Starter,APAC
C00673,2023-11,2024-06,61.2,Starter,APAC
C00673,2023-11,2024-07,73.44,Starter,APAC
C00673,2023-11,2024-08,73.44,Starter,APAC
C00673,2023-11,2024-09,73.44,Starter,APAC
C00673,2023-11,2024-10,88.13,Starter,APAC
C00673,2023-11,2024-11,105.75,Starter,APAC
C00673,2023-11,2024-12,105.75,Starter,APAC
C00674,2023-11,2023-11,50.0,Starter,APAC
C00674,2023-11,2023-12,50.0,Starter,APAC
C00674,2023-11,2024-01,50.0,Starter,APAC
C00674,2023-11,2024-02,50.0,Starter,APAC
C00674,2023-11,2024-03,60.0,Starter,APAC
C00674,2023-11,2024-04,60.0,Starter,APAC
C00674,2023-11,2024-05,60.0,Starter,APAC
C00674,2023-11,2024-06,60.0,Starter,APAC
C00674,2023-11,2024-07,60.0,Starter,APAC
C00674,2023-11,2024-08,60.0,Starter,APAC
C00674,2023-11,2024-09,51.0,Starter,APAC
C00674,2023-11,2024-10,51.0,Starter,APAC
C00674,2023-11,2024-11,61.2,Starter,APAC
C00674,2023-11,2024-12,61.2,Starter,APAC
C00675,2023-11,2023-11,50.0,Starter,APAC
C00675,2023-11,2023-12,50.0,Starter,APAC
C00675,2023-11,2024-01,50.0,Starter,APAC
C00675,2023-11,2024-02,50.0,Starter,APAC
C00675,2023-11,2024-03,50.0,Starter,APAC
C00675,2023-11,2024-04,60.0,Starter,APAC
C00675,2023-11,2024-05,60.0,Starter,APAC
C00675,2023-11,2024-06,72.0,Starter,APAC
C00675,2023-11,2024-07,72.0,Starter,APAC
C00675,2023-11,2024-08,86.4,Starter,APAC
C00675,2023-11,2024-09,86.4,Starter,APAC
C00675,2023-11,2024-10,86.4,Starter,APAC
C00675,2023-11,2024-11,86.4,Starter,APAC
C00675,2023-11,2024-12,86.4,Starter,APAC
C00676,2023-11,2023-11,200.0,Pro,EMEA
C00676,2023-11,2023-12,200.0,Pro,EMEA
C00676,2023-11,2024-01,200.0,Pro,EMEA
C00676,2023-11,2024-02,200.0,Pro,EMEA
C00676,2023-11,2024-03,240.0,Pro,EMEA
C00676,2023-11,2024-04,204.0,Pro,EMEA
C00676,2023-11,2024-05,204.0,Pro,EMEA
C00676,2023-11,2024-06,244.8,Pro,EMEA
C00676,2023-11,2024-07,244.8,Pro,EMEA
C00676,2023-11,2024-08,244.8,Pro,EMEA
C00676,2023-11,2024-09,293.76,Pro,EMEA
C00676,2023-11,2024-10,293.76,Pro,EMEA
C00676,2023-11,2024-11,293.76,Pro,EMEA
C00676,2023-11,2024-12,293.76,Pro,EMEA
C00677,2023-11,2023-11,50.0,Starter,APAC
C00677,2023-11,2023-12,50.0,Starter,APAC
C00677,2023-11,2024-01,50.0,Starter,APAC
C00677,2023-11,2024-02,60.0,Starter,APAC
C00677,2023-11,2024-03,60.0,Starter,APAC
C00677,2023-11,2024-04,60.0,Starter,APAC
C00677,2023-11,2024-05,60.0,Starter,APAC
C00677,2023-11,2024-06,60.0,Starter,APAC
C00677,2023-11,2024-07,72.0,Starter,APAC
C00677,2023-11,2024-08,72.0,Starter,APAC
C00677,2023-11,2024-09,86.4,Starter,APAC
C00677,2023-11,2024-10,103.68,Starter,APAC
C00677,2023-11,2024-11,103.68,Starter,APAC
C00677,2023-11,2024-12,124.42,Starter,APAC
C00678,2023-11,2023-11,800.0,Enterprise,EMEA
C00678,2023-11,2023-12,800.0,Enterprise,EMEA
C00678,2023-11,2024-01,960.0,Enterprise,EMEA
C00678,2023-11,2024-02,960.0,Enterprise,EMEA
C00678,2023-11,2024-03,960.0,Enterprise,EMEA
C00678,2023-11,2024-04,960.0,Enterprise,EMEA
C00678,2023-11,2024-05,960.0,Enterprise,EMEA
C00678,2023-11,2024-06,960.0,Enterprise,EMEA
C00678,2023-11,2024-07,960.0,Enterprise,EMEA
C00678,2023-11,2024-08,960.0,Enterprise,EMEA
C00678,2023-11,2024-09,960.0,Enterprise,EMEA
C00678,2023-11,2024-10,960.0,Enterprise,EMEA
C00678,2023-11,2024-11,960.0,Enterprise,EMEA
C00678,2023-11,2024-12,960.0,Enterprise,EMEA
C00679,2023-11,2023-11,50.0,Starter,APAC
C00679,2023-11,2023-12,50.0,Starter,APAC
C00680,2023-11,2023-11,200.0,Pro,APAC
C00680,2023-11,2023-12,200.0,Pro,APAC
C00680,2023-11,2024-01,200.0,Pro,APAC
C00680,2023-11,2024-02,170.0,Pro,APAC
C00680,2023-11,2024-03,170.0,Pro,APAC
C00680,2023-11,2024-04,170.0,Pro,APAC
C00680,2023-11,2024-05,170.0,Pro,APAC
C00680,2023-11,2024-06,170.0,Pro,APAC
C00680,2023-11,2024-07,170.0,Pro,APAC
C00680,2023-11,2024-08,170.0,Pro,APAC
C00680,2023-11,2024-09,170.0,Pro,APAC
C00680,2023-11,2024-10,170.0,Pro,APAC
C00680,2023-11,2024-11,170.0,Pro,APAC
C00680,2023-11,2024-12,170.0,Pro,APAC
C00681,2023-11,2023-11,200.0,Pro,LATAM
C00681,2023-11,2023-12,200.0,Pro,LATAM
C00681,2023-11,2024-01,200.0,Pro,LATAM
C00681,2023-11,2024-02,200.0,Pro,LATAM
C00681,2023-11,2024-03,200.0,Pro,LATAM
C00681,2023-11,2024-04,200.0,Pro,LATAM
C00681,2023-11,2024-05,200.0,Pro,LATAM
C00681,2023-11,2024-06,200.0,Pro,LATAM
C00681,2023-11,2024-07,170.0,Pro,LATAM
C00681,2023-11,2024-08,170.0,Pro,LATAM
C00681,2023-11,2024-09,170.0,Pro,LATAM
C00681,2023-11,2024-10,170.0,Pro,LATAM
C00681,2023-11,2024-11,170.0,Pro,LATAM
C00681,2023-11,2024-12,170.0,Pro,LATAM
C00682,2023-11,2023-11,800.0,Enterprise,NA
C00682,2023-11,2023-12,800.0,Enterprise,NA
C00682,2023-11,2024-01,800.0,Enterprise,NA
C00682,2023-11,2024-02,800.0,Enterprise,NA
C00682,2023-11,2024-03,800.0,Enterprise,NA
C00682,2023-11,2024-04,960.0,Enterprise,NA
C00682,2023-11,2024-05,960.0,Enterprise,NA
C00682,2023-11,2024-06,960.0,Enterprise,NA
C00682,2023-11,2024-07,960.0,Enterprise,NA
C00682,2023-11,2024-08,960.0,Enterprise,NA
C00682,2023-11,2024-09,1152.0,Enterprise,NA
C00682,2023-11,2024-10,979.2,Enterprise,NA
C00682,2023-11,2024-11,979.2,Enterprise,NA
C00682,2023-11,2024-12,1175.04,Enterprise,NA
C00683,2023-11,2023-11,200.0,Pro,NA
C00683,2023-11,2023-12,200.0,Pro,NA
C00683,2023-11,2024-01,200.0,Pro,NA
C00683,2023-11,2024-02,200.0,Pro,NA
C00683,2023-11,2024-03,240.0,Pro,NA
C00683,2023-11,2024-04,240.0,Pro,NA
C00683,2023-11,2024-05,240.0,Pro,NA
C00683,2023-11,2024-06,240.0,Pro,NA
C00683,2023-11,2024-07,240.0,Pro,NA
C00683,2023-11,2024-08,240.0,Pro,NA
C00683,2023-11,2024-09,240.0,Pro,NA
C00683,2023-11,2024-10,240.0,Pro,NA
C00683,2023-11,2024-11,240.0,Pro,NA
C00683,2023-11,2024-12,240.0,Pro,NA
C00684,2023-11,2023-11,800.0,Enterprise,APAC
C00684,2023-11,2023-12,800.0,Enterprise,APAC
C00684,2023-11,2024-01,960.0,Enterprise,APAC
C00684,2023-11,2024-02,960.0,Enterprise,APAC
C00684,2023-11,2024-03,960.0,Enterprise,APAC
C00684,2023-11,2024-04,1152.0,Enterprise,APAC
C00684,2023-11,2024-05,1152.0,Enterprise,APAC
C00684,2023-11,2024-06,1382.4,Enterprise,APAC
C00684,2023-11,2024-07,1382.4,Enterprise,APAC
C00684,2023-11,2024-08,1382.4,Enterprise,APAC
C00684,2023-11,2024-09,1382.4,Enterprise,APAC
C00684,2023-11,2024-10,1658.88,Enterprise,APAC
C00684,2023-11,2024-11,1990.66,Enterprise,APAC
C00684,2023-11,2024-12,1990.66,Enterprise,APAC
C00685,2023-11,2023-11,50.0,Starter,NA
C00685,2023-11,2023-12,50.0,Starter,NA
C00685,2023-11,2024-01,50.0,Starter,NA
C00685,2023-11,2024-02,50.0,Starter,NA
C00685,2023-11,2024-03,50.0,Starter,NA
C00685,2023-11,2024-04,50.0,Starter,NA
C00686,2023-11,2023-11,800.0,Enterprise,EMEA
C00686,2023-11,2023-12,800.0,Enterprise,EMEA
C00686,2023-11,2024-01,960.0,Enterprise,EMEA
C00686,2023-11,2024-02,960.0,Enterprise,EMEA
C00686,2023-11,2024-03,960.0,Enterprise,EMEA
C00686,2023-11,2024-04,960.0,Enterprise,EMEA
C00686,2023-11,2024-05,960.0,Enterprise,EMEA
C00686,2023-11,2024-06,960.0,Enterprise,EMEA
C00686,2023-11,2024-07,960.0,Enterprise,EMEA
C00686,2023-11,2024-08,960.0,Enterprise,EMEA
C00686,2023-11,2024-09,960.0,Enterprise,EMEA
C00686,2023-11,2024-10,1152.0,Enterprise,EMEA
C00686,2023-11,2024-11,1152.0,Enterprise,EMEA
C00686,2023-11,2024-12,1152.0,Enterprise,EMEA
C00687,2023-11,2023-11,800.0,Enterprise,NA
C00687,2023-11,2023-12,960.0,Enterprise,NA
C00687,2023-11,2024-01,1152.0,Enterprise,NA
C00687,2023-11,2024-02,1152.0,Enterprise,NA
C00687,2023-11,2024-03,1152.0,Enterprise,NA
C00687,2023-11,2024-04,1152.0,Enterprise,NA
C00687,2023-11,2024-05,1152.0,Enterprise,NA
C00687,2023-11,2024-06,1152.0,Enterprise,NA
C00688,2023-11,2023-11,50.0,Starter,NA
C00688,2023-11,2023-12,50.0,Starter,NA
C00688,2023-11,2024-01,50.0,Starter,NA
C00688,2023-11,2024-02,50.0,Starter,NA
C00688,2023-11,2024-03,50.0,Starter,NA
C00688,2023-11,2024-04,50.0,Starter,NA
C00688,2023-11,2024-05,50.0,Starter,NA
C00688,2023-11,2024-06,50.0,Starter,NA
C00688,2023-11,2024-07,50.0,Starter,NA
C00688,2023-11,2024-08,50.0,Starter,NA
C00688,2023-11,2024-09,60.0,Starter,NA
C00688,2023-11,2024-10,72.0,Starter,NA
C00688,2023-11,2024-11,72.0,Starter,NA
C00688,2023-11,2024-12,72.0,Starter,NA
C00689,2023-11,2023-11,200.0,Pro,EMEA
C00689,2023-11,2023-12,200.0,Pro,EMEA
C00689,2023-11,2024-01,200.0,Pro,EMEA
C00689,2023-11,2024-02,200.0,Pro,EMEA
C00689,2023-11,2024-03,200.0,Pro,EMEA
C00689,2023-11,2024-04,240.0,Pro,EMEA
C00689,2023-11,2024-05,240.0,Pro,EMEA
C00689,2023-11,2024-06,240.0,Pro,EMEA
C00689,2023-11,2024-07,240.0,Pro,EMEA
C00689,2023-11,2024-08,240.0,Pro,EMEA
C00689,2023-11,2024-09,240.0,Pro,EMEA
C00689,2023-11,2024-10,240.0,Pro,EMEA
C00689,2023-11,2024-11,240.0,Pro,EMEA
C00689,2023-11,2024-12,288.0,Pro,EMEA
C00690,2023-11,2023-11,200.0,Pro,NA
C00690,2023-11,2023-12,200.0,Pro,NA
C00690,2023-11,2024-01,240.0,Pro,NA
C00690,2023-11,2024-02,240.0,Pro,NA
C00690,2023-11,2024-03,288.0,Pro,NA
C00690,2023-11,2024-04,288.0,Pro,NA
C00690,2023-11,2024-05,345.6,Pro,NA
C00690,2023-11,2024-06,345.6,Pro,NA
C00690,2023-11,2024-07,345.6,Pro,NA
C00690,2023-11,2024-08,345.6,Pro,NA
C00690,2023-11,2024-09,345.6,Pro,NA
C00690,2023-11,2024-10,345.6,Pro,NA
C00690,2023-11,2024-11,345.6,Pro,NA
C00690,2023-11,2024-12,345.6,Pro,NA
C00691,2023-11,2023-11,50.0,Starter,LATAM
C00691,2023-11,2023-12,60.0,Starter,LATAM
C00691,2023-11,2024-01,60.0,Starter,LATAM
C00691,2023-11,2024-02,51.0,Starter,LATAM
C00691,2023-11,2024-03,51.0,Starter,LATAM
C00691,2023-11,2024-04,51.0,Starter,LATAM
C00691,2023-11,2024-05,51.0,Starter,LATAM
C00691,2023-11,2024-06,51.0,Starter,LATAM
C00691,2023-11,2024-07,51.0,Starter,LATAM
C00691,2023-11,2024-08,61.2,Starter,LATAM
C00691,2023-11,2024-09,61.2,Starter,LATAM
C00691,2023-11,2024-10,61.2,Starter,LATAM
C00691,2023-11,2024-11,61.2,Starter,LATAM
C00691,2023-11,2024-12,73.44,Starter,LATAM
C00692,2023-11,2023-11,50.0,Starter,NA
C00692,2023-11,2023-12,50.0,Starter,NA
C00692,2023-11,2024-01,50.0,Starter,NA
C00692,2023-11,2024-02,50.0,Starter,NA
C00692,2023-11,2024-03,50.0,Starter,NA
C00692,2023-11,2024-04,50.0,Starter,NA
C00692,2023-11,2024-05,50.0,Starter,NA
C00692,2023-11,2024-06,50.0,Starter,NA
C00692,2023-11,2024-07,50.0,Starter,NA
C00692,2023-11,2024-08,50.0,Starter,NA
C00692,2023-11,2024-09,50.0,Starter,NA
C00692,2023-11,2024-10,50.0,Starter,NA
C00692,2023-11,2024-11,50.0,Starter,NA
C00692,2023-11,2024-12,60.0,Starter,NA
C00693,2023-11,2023-11,50.0,Starter,LATAM
C00693,2023-11,2023-12,50.0,Starter,LATAM
C00693,2023-11,2024-01,50.0,Starter,LATAM
C00693,2023-11,2024-02,50.0,Starter,LATAM
C00693,2023-11,2024-03,60.0,Starter,LATAM
C00693,2023-11,2024-04,60.0,Starter,LATAM
C00693,2023-11,2024-05,60.0,Starter,LATAM
C00693,2023-11,2024-06,60.0,Starter,LATAM
C00693,2023-11,2024-07,60.0,Starter,LATAM
C00693,2023-11,2024-08,60.0,Starter,LATAM
C00693,2023-11,2024-09,72.0,Starter,LATAM
C00693,2023-11,2024-10,72.0,Starter,LATAM
C00693,2023-11,2024-11,72.0,Starter,LATAM
C00693,2023-11,2024-12,72.0,Starter,LATAM
C00694,2023-11,2023-11,50.0,Starter,NA
C00694,2023-11,2023-12,50.0,Starter,NA
C00694,2023-11,2024-01,50.0,Starter,NA
C00694,2023-11,2024-02,50.0,Starter,NA
C00694,2023-11,2024-03,50.0,Starter,NA
C00694,2023-11,2024-04,60.0,Starter,NA
C00694,2023-11,2024-05,60.0,Starter,NA
C00694,2023-11,2024-06,60.0,Starter,NA
C00694,2023-11,2024-07,60.0,Starter,NA
C00694,2023-11,2024-08,60.0,Starter,NA
C00694,2023-11,2024-09,60.0,Starter,NA
C00694,2023-11,2024-10,60.0,Starter,NA
C00694,2023-11,2024-11,60.0,Starter,NA
C00694,2023-11,2024-12,51.0,Starter,NA
C00695,2023-11,2023-11,50.0,Starter,APAC
C00695,2023-11,2023-12,60.0,Starter,APAC
C00695,2023-11,2024-01,60.0,Starter,APAC
C00695,2023-11,2024-02,72.0,Starter,APAC
C00695,2023-11,2024-03,72.0,Starter,APAC
C00695,2023-11,2024-04,61.2,Starter,APAC
C00695,2023-11,2024-05,61.2,Starter,APAC
C00695,2023-11,2024-06,61.2,Starter,APAC
C00695,2023-11,2024-07,61.2,Starter,APAC
C00695,2023-11,2024-08,52.02,Starter,APAC
C00695,2023-11,2024-09,52.02,Starter,APAC
C00695,2023-11,2024-10,62.42,Starter,APAC
C00695,2023-11,2024-11,62.42,Starter,APAC
C00695,2023-11,2024-12,62.42,Starter,APAC
C00696,2023-11,2023-11,200.0,Pro,NA
C00697,2023-11,2023-11,200.0,Pro,EMEA
C00697,2023-11,2023-12,200.0,Pro,EMEA
C00697,2023-11,2024-01,200.0,Pro,EMEA
C00698,2023-11,2023-11,50.0,Starter,EMEA
C00698,2023-11,2023-12,50.0,Starter,EMEA
C00698,2023-11,2024-01,60.0,Starter,EMEA
C00698,2023-11,2024-02,60.0,Starter,EMEA
C00698,2023-11,2024-03,60.0,Starter,EMEA
C00699,2023-11,2023-11,200.0,Pro,EMEA
C00699,2023-11,2023-12,200.0,Pro,EMEA
C00699,2023-11,2024-01,200.0,Pro,EMEA
C00699,2023-11,2024-02,170.0,Pro,EMEA
C00699,2023-11,2024-03,170.0,Pro,EMEA
C00700,2023-11,2023-11,200.0,Pro,NA
C00700,2023-11,2023-12,200.0,Pro,NA
C00700,2023-11,2024-01,200.0,Pro,NA
C00700,2023-11,2024-02,240.0,Pro,NA
C00700,2023-11,2024-03,240.0,Pro,NA
C00700,2023-11,2024-04,240.0,Pro,NA
C00700,2023-11,2024-05,240.0,Pro,NA
C00700,2023-11,2024-06,240.0,Pro,NA
C00700,2023-11,2024-07,240.0,Pro,NA
C00700,2023-11,2024-08,240.0,Pro,NA
C00700,2023-11,2024-09,240.0,Pro,NA
C00700,2023-11,2024-10,240.0,Pro,NA
C00700,2023-11,2024-11,240.0,Pro,NA
C00700,2023-11,2024-12,288.0,Pro,NA
C00701,2023-11,2023-11,800.0,Enterprise,NA
C00701,2023-11,2023-12,800.0,Enterprise,NA
C00701,2023-11,2024-01,800.0,Enterprise,NA
C00701,2023-11,2024-02,800.0,Enterprise,NA
C00701,2023-11,2024-03,800.0,Enterprise,NA
C00701,2023-11,2024-04,960.0,Enterprise,NA
C00701,2023-11,2024-05,960.0,Enterprise,NA
C00701,2023-11,2024-06,960.0,Enterprise,NA
C00701,2023-11,2024-07,1152.0,Enterprise,NA
C00701,2023-11,2024-08,1152.0,Enterprise,NA
C00701,2023-11,2024-09,1152.0,Enterprise,NA
C00701,2023-11,2024-10,1152.0,Enterprise,NA
C00701,2023-11,2024-11,1152.0,Enterprise,NA
C00701,2023-11,2024-12,1152.0,Enterprise,NA
C00702,2023-11,2023-11,200.0,Pro,EMEA
C00702,2023-11,2023-12,200.0,Pro,EMEA
C00702,2023-11,2024-01,200.0,Pro,EMEA
C00702,2023-11,2024-02,240.0,Pro,EMEA
C00702,2023-11,2024-03,240.0,Pro,EMEA
C00702,2023-11,2024-04,240.0,Pro,EMEA
C00702,2023-11,2024-05,240.0,Pro,EMEA
C00702,2023-11,2024-06,240.0,Pro,EMEA
C00702,2023-11,2024-07,240.0,Pro,EMEA
C00702,2023-11,2024-08,240.0,Pro,EMEA
C00702,2023-11,2024-09,240.0,Pro,EMEA
C00702,2023-11,2024-10,240.0,Pro,EMEA
C00702,2023-11,2024-11,240.0,Pro,EMEA
C00702,2023-11,2024-12,240.0,Pro,EMEA
C00703,2023-11,2023-11,200.0,Pro,NA
C00703,2023-11,2023-12,200.0,Pro,NA
C00703,2023-11,2024-01,200.0,Pro,NA
C00703,2023-11,2024-02,200.0,Pro,NA
C00703,2023-11,2024-03,200.0,Pro,NA
C00703,2023-11,2024-04,200.0,Pro,NA
C00703,2023-11,2024-05,200.0,Pro,NA
C00703,2023-11,2024-06,200.0,Pro,NA
C00703,2023-11,2024-07,200.0,Pro,NA
C00703,2023-11,2024-08,200.0,Pro,NA
C00703,2023-11,2024-09,200.0,Pro,NA
C00703,2023-11,2024-10,240.0,Pro,NA
C00703,2023-11,2024-11,240.0,Pro,NA
C00703,2023-11,2024-12,240.0,Pro,NA
C00704,2023-11,2023-11,200.0,Pro,NA
C00704,2023-11,2023-12,200.0,Pro,NA
C00704,2023-11,2024-01,200.0,Pro,NA
C00704,2023-11,2024-02,170.0,Pro,NA
C00704,2023-11,2024-03,170.0,Pro,NA
C00704,2023-11,2024-04,170.0,Pro,NA
C00704,2023-11,2024-05,170.0,Pro,NA
C00704,2023-11,2024-06,170.0,Pro,NA
C00704,2023-11,2024-07,204.0,Pro,NA
C00704,2023-11,2024-08,204.0,Pro,NA
C00704,2023-11,2024-09,204.0,Pro,NA
C00704,2023-11,2024-10,204.0,Pro,NA
C00705,2023-11,2023-11,50.0,Starter,NA
C00705,2023-11,2023-12,50.0,Starter,NA
C00705,2023-11,2024-01,50.0,Starter,NA
C00705,2023-11,2024-02,60.0,Starter,NA
C00705,2023-11,2024-03,60.0,Starter,NA
C00705,2023-11,2024-04,60.0,Starter,NA
C00705,2023-11,2024-05,60.0,Starter,NA
C00705,2023-11,2024-06,60.0,Starter,NA
C00705,2023-11,2024-07,60.0,Starter,NA
C00705,2023-11,2024-08,60.0,Starter,NA
C00705,2023-11,2024-09,60.0,Starter,NA
C00705,2023-11,2024-10,60.0,Starter,NA
C00705,2023-11,2024-11,60.0,Starter,NA
C00705,2023-11,2024-12,60.0,Starter,NA
C00706,2023-11,2023-11,50.0,Starter,APAC
C00706,2023-11,2023-12,60.0,Starter,APAC
C00706,2023-11,2024-01,51.0,Starter,APAC
C00706,2023-11,2024-02,51.0,Starter,APAC
C00706,2023-11,2024-03,51.0,Starter,APAC
C00706,2023-11,2024-04,51.0,Starter,APAC
C00706,2023-11,2024-05,61.2,Starter,APAC
C00706,2023-11,2024-06,61.2,Starter,APAC
C00706,2023-11,2024-07,61.2,Starter,APAC
C00706,2023-11,2024-08,61.2,Starter,APAC
C00706,2023-11,2024-09,61.2,Starter,APAC
C00706,2023-11,2024-10,73.44,Starter,APAC
C00706,2023-11,2024-11,73.44,Starter,APAC
C00706,2023-11,2024-12,73.44,Starter,APAC
C00707,2023-11,2023-11,50.0,Starter,NA
C00708,2023-11,2023-11,200.0,Pro,NA
C00708,2023-11,2023-12,200.0,Pro,NA
C00708,2023-11,2024-01,200.0,Pro,NA
C00708,2023-11,2024-02,200.0,Pro,NA
C00708,2023-11,2024-03,200.0,Pro,NA
C00708,2023-11,2024-04,200.0,Pro,NA
C00708,2023-11,2024-05,200.0,Pro,NA
C00708,2023-11,2024-06,240.0,Pro,NA
C00708,2023-11,2024-07,240.0,Pro,NA
C00708,2023-11,2024-08,288.0,Pro,NA
C00708,2023-11,2024-09,288.0,Pro,NA
C00708,2023-11,2024-10,288.0,Pro,NA
C00708,2023-11,2024-11,345.6,Pro,NA
C00708,2023-11,2024-12,345.6,Pro,NA
C00709,2023-11,2023-11,50.0,Starter,NA
C00709,2023-11,2023-12,60.0,Starter,NA
C00709,2023-11,2024-01,60.0,Starter,NA
C00709,2023-11,2024-02,60.0,Starter,NA
C00709,2023-11,2024-03,60.0,Starter,NA
C00709,2023-11,2024-04,60.0,Starter,NA
C00709,2023-11,2024-05,60.0,Starter,NA
C00709,2023-11,2024-06,60.0,Starter,NA
C00709,2023-11,2024-07,60.0,Starter,NA
C00710,2023-11,2023-11,200.0,Pro,EMEA
C00711,2023-11,2023-11,200.0,Pro,NA
C00711,2023-11,2023-12,200.0,Pro,NA
C00711,2023-11,2024-01,200.0,Pro,NA
C00711,2023-11,2024-02,200.0,Pro,NA
C00711,2023-11,2024-03,200.0,Pro,NA
C00711,2023-11,2024-04,200.0,Pro,NA
C00711,2023-11,2024-05,200.0,Pro,NA
C00711,2023-11,2024-06,200.0,Pro,NA
C00711,2023-11,2024-07,200.0,Pro,NA
C00711,2023-11,2024-08,240.0,Pro,NA
C00711,2023-11,2024-09,240.0,Pro,NA
C00711,2023-11,2024-10,240.0,Pro,NA
C00711,2023-11,2024-11,240.0,Pro,NA
C00711,2023-11,2024-12,288.0,Pro,NA
C00712,2023-11,2023-11,50.0,Starter,NA
C00712,2023-11,2023-12,50.0,Starter,NA
C00712,2023-11,2024-01,50.0,Starter,NA
C00712,2023-11,2024-02,50.0,Starter,NA
C00712,2023-11,2024-03,50.0,Starter,NA
C00712,2023-11,2024-04,50.0,Starter,NA
C00712,2023-11,2024-05,60.0,Starter,NA
C00712,2023-11,2024-06,60.0,Starter,NA
C00712,2023-11,2024-07,60.0,Starter,NA
C00712,2023-11,2024-08,60.0,Starter,NA
C00712,2023-11,2024-09,60.0,Starter,NA
C00712,2023-11,2024-10,60.0,Starter,NA
C00712,2023-11,2024-11,60.0,Starter,NA
C00712,2023-11,2024-12,60.0,Starter,NA
C00713,2023-11,2023-11,50.0,Starter,NA
C00713,2023-11,2023-12,50.0,Starter,NA
C00713,2023-11,2024-01,50.0,Starter,NA
C00713,2023-11,2024-02,50.0,Starter,NA
C00713,2023-11,2024-03,50.0,Starter,NA
C00713,2023-11,2024-04,50.0,Starter,NA
C00713,2023-11,2024-05,60.0,Starter,NA
C00713,2023-11,2024-06,60.0,Starter,NA
C00713,2023-11,2024-07,60.0,Starter,NA
C00713,2023-11,2024-08,60.0,Starter,NA
C00713,2023-11,2024-09,51.0,Starter,NA
C00713,2023-11,2024-10,51.0,Starter,NA
C00713,2023-11,2024-11,51.0,Starter,NA
C00713,2023-11,2024-12,51.0,Starter,NA
C00714,2023-11,2023-11,200.0,Pro,NA
C00714,2023-11,2023-12,200.0,Pro,NA
C00714,2023-11,2024-01,200.0,Pro,NA
C00714,2023-11,2024-02,200.0,Pro,NA
C00714,2023-11,2024-03,200.0,Pro,NA
C00714,2023-11,2024-04,240.0,Pro,NA
C00714,2023-11,2024-05,288.0,Pro,NA
C00714,2023-11,2024-06,288.0,Pro,NA
C00714,2023-11,2024-07,288.0,Pro,NA
C00714,2023-11,2024-08,288.0,Pro,NA
C00715,2023-11,2023-11,50.0,Starter,EMEA
C00715,2023-11,2023-12,50.0,Starter,EMEA
C00715,2023-11,2024-01,50.0,Starter,EMEA
C00715,2023-11,2024-02,60.0,Starter,EMEA
C00715,2023-11,2024-03,60.0,Starter,EMEA
C00715,2023-11,2024-04,60.0,Starter,EMEA
C00715,2023-11,2024-05,60.0,Starter,EMEA
C00715,2023-11,2024-06,60.0,Starter,EMEA
C00715,2023-11,2024-07,60.0,Starter,EMEA
C00715,2023-11,2024-08,60.0,Starter,EMEA
C00715,2023-11,2024-09,60.0,Starter,EMEA
C00715,2023-11,2024-10,60.0,Starter,EMEA
C00715,2023-11,2024-11,60.0,Starter,EMEA
C00715,2023-11,2024-12,60.0,Starter,EMEA
C00716,2023-11,2023-11,50.0,Starter,NA
C00716,2023-11,2023-12,50.0,Starter,NA
C00716,2023-11,2024-01,50.0,Starter,NA
C00716,2023-11,2024-02,50.0,Starter,NA
C00716,2023-11,2024-03,50.0,Starter,NA
C00716,2023-11,2024-04,50.0,Starter,NA
C00716,2023-11,2024-05,50.0,Starter,NA
C00716,2023-11,2024-06,50.0,Starter,NA
C00716,2023-11,2024-07,50.0,Starter,NA
C00716,2023-11,2024-08,50.0,Starter,NA
C00716,2023-11,2024-09,50.0,Starter,NA
C00716,2023-11,2024-10,50.0,Starter,NA
C00716,2023-11,2024-11,50.0,Starter,NA
C00716,2023-11,2024-12,60.0,Starter,NA
C00717,2023-11,2023-11,200.0,Pro,NA
C00718,2023-11,2023-11,200.0,Pro,EMEA
C00718,2023-11,2023-12,240.0,Pro,EMEA
C00718,2023-11,2024-01,240.0,Pro,EMEA
C00718,2023-11,2024-02,240.0,Pro,EMEA
C00718,2023-11,2024-03,240.0,Pro,EMEA
C00718,2023-11,2024-04,240.0,Pro,EMEA
C00718,2023-11,2024-05,240.0,Pro,EMEA
C00718,2023-11,2024-06,240.0,Pro,EMEA
C00718,2023-11,2024-07,288.0,Pro,EMEA
C00718,2023-11,2024-08,288.0,Pro,EMEA
C00718,2023-11,2024-09,345.6,Pro,EMEA
C00718,2023-11,2024-10,345.6,Pro,EMEA
C00718,2023-11,2024-11,345.6,Pro,EMEA
C00718,2023-11,2024-12,293.76,Pro,EMEA
C00719,2023-11,2023-11,200.0,Pro,EMEA
C00719,2023-11,2023-12,240.0,Pro,EMEA
C00719,2023-11,2024-01,240.0,Pro,EMEA
C00719,2023-11,2024-02,288.0,Pro,EMEA
C00719,2023-11,2024-03,244.8,Pro,EMEA
C00719,2023-11,2024-04,244.8,Pro,EMEA
C00719,2023-11,2024-05,293.76,Pro,EMEA
C00719,2023-11,2024-06,293.76,Pro,EMEA
C00719,2023-11,2024-07,293.76,Pro,EMEA
C00720,2023-11,2023-11,50.0,Starter,EMEA
C00720,2023-11,2023-12,50.0,Starter,EMEA
C00720,2023-11,2024-01,50.0,Starter,EMEA
C00720,2023-11,2024-02,50.0,Starter,EMEA
C00720,2023-11,2024-03,50.0,Starter,EMEA
C00720,2023-11,2024-04,50.0,Starter,EMEA
C00720,2023-11,2024-05,50.0,Starter,EMEA
C00720,2023-11,2024-06,50.0,Starter,EMEA
C00720,2023-11,2024-07,50.0,Starter,EMEA
C00720,2023-11,2024-08,50.0,Starter,EMEA
C00720,2023-11,2024-09,60.0,Starter,EMEA
C00720,2023-11,2024-10,60.0,Starter,EMEA
C00720,2023-11,2024-11,60.0,Starter,EMEA
C00720,2023-11,2024-12,72.0,Starter,EMEA
C00721,2023-11,2023-11,200.0,Pro,EMEA
C00721,2023-11,2023-12,200.0,Pro,EMEA
C00721,2023-11,2024-01,240.0,Pro,EMEA
C00721,2023-11,2024-02,288.0,Pro,EMEA
C00721,2023-11,2024-03,288.0,Pro,EMEA
C00721,2023-11,2024-04,345.6,Pro,EMEA
C00721,2023-11,2024-05,345.6,Pro,EMEA
C00721,2023-11,2024-06,414.72,Pro,EMEA
C00721,2023-11,2024-07,414.72,Pro,EMEA
C00721,2023-11,2024-08,414.72,Pro,EMEA
C00721,2023-11,2024-09,414.72,Pro,EMEA
C00721,2023-11,2024-10,414.72,Pro,EMEA
C00721,2023-11,2024-11,497.66,Pro,EMEA
C00721,2023-11,2024-12,497.66,Pro,EMEA
C00722,2023-11,2023-11,50.0,Starter,APAC
C00722,2023-11,2023-12,50.0,Starter,APAC
C00722,2023-11,2024-01,50.0,Starter,APAC
C00722,2023-11,2024-02,50.0,Starter,APAC
C00722,2023-11,2024-03,50.0,Starter,APAC
C00722,2023-11,2024-04,50.0,Starter,APAC
C00722,2023-11,2024-05,50.0,Starter,APAC
C00722,2023-11,2024-06,50.0,Starter,APAC
C00722,2023-11,2024-07,50.0,Starter,APAC
C00722,2023-11,2024-08,50.0,Starter,APAC
C00722,2023-11,2024-09,50.0,Starter,APAC
C00722,2023-11,2024-10,60.0,Starter,APAC
C00722,2023-11,2024-11,72.0,Starter,APAC
C00722,2023-11,2024-12,72.0,Starter,APAC
C00723,2023-11,2023-11,50.0,Starter,EMEA
C00723,2023-11,2023-12,50.0,Starter,EMEA
C00723,2023-11,2024-01,50.0,Starter,EMEA
C00723,2023-11,2024-02,50.0,Starter,EMEA
C00723,2023-11,2024-03,50.0,Starter,EMEA
C00723,2023-11,2024-04,50.0,Starter,EMEA
C00723,2023-11,2024-05,50.0,Starter,EMEA
C00723,2023-11,2024-06,50.0,Starter,EMEA
C00723,2023-11,2024-07,50.0,Starter,EMEA
C00723,2023-11,2024-08,50.0,Starter,EMEA
C00723,2023-11,2024-09,50.0,Starter,EMEA
C00723,2023-11,2024-10,50.0,Starter,EMEA
C00723,2023-11,2024-11,50.0,Starter,EMEA
C00723,2023-11,2024-12,50.0,Starter,EMEA
C00724,2023-11,2023-11,200.0,Pro,NA
C00724,2023-11,2023-12,200.0,Pro,NA
C00724,2023-11,2024-01,200.0,Pro,NA
C00724,2023-11,2024-02,200.0,Pro,NA
C00724,2023-11,2024-03,200.0,Pro,NA
C00724,2023-11,2024-04,200.0,Pro,NA
C00724,2023-11,2024-05,240.0,Pro,NA
C00724,2023-11,2024-06,240.0,Pro,NA
C00724,2023-11,2024-07,288.0,Pro,NA
C00724,2023-11,2024-08,244.8,Pro,NA
C00724,2023-11,2024-09,244.8,Pro,NA
C00724,2023-11,2024-10,244.8,Pro,NA
C00724,2023-11,2024-11,293.76,Pro,NA
C00724,2023-11,2024-12,293.76,Pro,NA
C00725,2023-11,2023-11,200.0,Pro,NA
C00725,2023-11,2023-12,200.0,Pro,NA
C00725,2023-11,2024-01,170.0,Pro,NA
C00725,2023-11,2024-02,204.0,Pro,NA
C00725,2023-11,2024-03,204.0,Pro,NA
C00725,2023-11,2024-04,204.0,Pro,NA
C00725,2023-11,2024-05,204.0,Pro,NA
C00725,2023-11,2024-06,204.0,Pro,NA
C00725,2023-11,2024-07,204.0,Pro,NA
C00725,2023-11,2024-08,204.0,Pro,NA
C00725,2023-11,2024-09,204.0,Pro,NA
C00725,2023-11,2024-10,204.0,Pro,NA
C00725,2023-11,2024-11,204.0,Pro,NA
C00725,2023-11,2024-12,204.0,Pro,NA
C00726,2023-11,2023-11,50.0,Starter,EMEA
C00726,2023-11,2023-12,50.0,Starter,EMEA
C00726,2023-11,2024-01,50.0,Starter,EMEA
C00726,2023-11,2024-02,60.0,Starter,EMEA
C00726,2023-11,2024-03,60.0,Starter,EMEA
C00726,2023-11,2024-04,60.0,Starter,EMEA
C00726,2023-11,2024-05,60.0,Starter,EMEA
C00726,2023-11,2024-06,60.0,Starter,EMEA
C00726,2023-11,2024-07,60.0,Starter,EMEA
C00726,2023-11,2024-08,60.0,Starter,EMEA
C00726,2023-11,2024-09,60.0,Starter,EMEA
C00726,2023-11,2024-10,60.0,Starter,EMEA
C00726,2023-11,2024-11,72.0,Starter,EMEA
C00726,2023-11,2024-12,72.0,Starter,EMEA
C00727,2023-11,2023-11,50.0,Starter,NA
C00727,2023-11,2023-12,50.0,Starter,NA
C00727,2023-11,2024-01,50.0,Starter,NA
C00727,2023-11,2024-02,60.0,Starter,NA
C00727,2023-11,2024-03,60.0,Starter,NA
C00727,2023-11,2024-04,60.0,Starter,NA
C00727,2023-11,2024-05,60.0,Starter,NA
C00727,2023-11,2024-06,72.0,Starter,NA
C00727,2023-11,2024-07,72.0,Starter,NA
C00727,2023-11,2024-08,72.0,Starter,NA
C00727,2023-11,2024-09,86.4,Starter,NA
C00727,2023-11,2024-10,86.4,Starter,NA
C00727,2023-11,2024-11,86.4,Starter,NA
C00727,2023-11,2024-12,86.4,Starter,NA
C00728,2023-11,2023-11,50.0,Starter,APAC
C00728,2023-11,2023-12,50.0,Starter,APAC
C00728,2023-11,2024-01,50.0,Starter,APAC
C00728,2023-11,2024-02,60.0,Starter,APAC
C00728,2023-11,2024-03,72.0,Starter,APAC
C00728,2023-11,2024-04,86.4,Starter,APAC
C00728,2023-11,2024-05,86.4,Starter,APAC
C00728,2023-11,2024-06,86.4,Starter,APAC
C00728,2023-11,2024-07,86.4,Starter,APAC
C00728,2023-11,2024-08,103.68,Starter,APAC
C00728,2023-11,2024-09,103.68,Starter,APAC
C00728,2023-11,2024-10,88.13,Starter,APAC
C00728,2023-11,2024-11,88.13,Starter,APAC
C00728,2023-11,2024-12,88.13,Starter,APAC
C00729,2023-11,2023-11,200.0,Pro,APAC
C00729,2023-11,2023-12,240.0,Pro,APAC
C00729,2023-11,2024-01,240.0,Pro,APAC
C00729,2023-11,2024-02,240.0,Pro,APAC
C00729,2023-11,2024-03,288.0,Pro,APAC
C00729,2023-11,2024-04,288.0,Pro,APAC
C00729,2023-11,2024-05,288.0,Pro,APAC
C00729,2023-11,2024-06,345.6,Pro,APAC
C00729,2023-11,2024-07,345.6,Pro,APAC
C00729,2023-11,2024-08,345.6,Pro,APAC
C00729,2023-11,2024-09,345.6,Pro,APAC
C00729,2023-11,2024-10,345.6,Pro,APAC
C00729,2023-11,2024-11,414.72,Pro,APAC
C00729,2023-11,2024-12,414.72,Pro,APAC
C00730,2023-11,2023-11,50.0,Starter,EMEA
C00730,2023-11,2023-12,60.0,Starter,EMEA
C00730,2023-11,2024-01,60.0,Starter,EMEA
C00730,2023-11,2024-02,60.0,Starter,EMEA
C00730,2023-11,2024-03,60.0,Starter,EMEA
C00730,2023-11,2024-04,60.0,Starter,EMEA
C00730,2023-11,2024-05,60.0,Starter,EMEA
C00730,2023-11,2024-06,60.0,Starter,EMEA
C00730,2023-11,2024-07,60.0,Starter,EMEA
C00730,2023-11,2024-08,60.0,Starter,EMEA
C00731,2023-11,2023-11,200.0,Pro,LATAM
C00731,2023-11,2023-12,200.0,Pro,LATAM
C00731,2023-11,2024-01,200.0,Pro,LATAM
C00731,2023-11,2024-02,240.0,Pro,LATAM
C00731,2023-11,2024-03,240.0,Pro,LATAM
C00731,2023-11,2024-04,288.0,Pro,LATAM
C00731,2023-11,2024-05,288.0,Pro,LATAM
C00731,2023-11,2024-06,288.0,Pro,LATAM
C00732,2023-11,2023-11,200.0,Pro,EMEA
C00732,2023-11,2023-12,200.0,Pro,EMEA
C00732,2023-11,2024-01,200.0,Pro,EMEA
C00732,2023-11,2024-02,200.0,Pro,EMEA
C00732,2023-11,2024-03,200.0,Pro,EMEA
C00732,2023-11,2024-04,200.0,Pro,EMEA
C00732,2023-11,2024-05,200.0,Pro,EMEA
C00732,2023-11,2024-06,200.0,Pro,EMEA
C00732,2023-11,2024-07,200.0,Pro,EMEA
C00732,2023-11,2024-08,200.0,Pro,EMEA
C00732,2023-11,2024-09,200.0,Pro,EMEA
C00732,2023-11,2024-10,200.0,Pro,EMEA
C00732,2023-11,2024-11,200.0,Pro,EMEA
C00732,2023-11,2024-12,200.0,Pro,EMEA
C00733,2023-11,2023-11,50.0,Starter,NA
C00733,2023-11,2023-12,60.0,Starter,NA
C00733,2023-11,2024-01,60.0,Starter,NA
C00733,2023-11,2024-02,60.0,Starter,NA
C00733,2023-11,2024-03,60.0,Starter,NA
C00733,2023-11,2024-04,60.0,Starter,NA
C00733,2023-11,2024-05,51.0,Starter,NA
C00733,2023-11,2024-06,51.0,Starter,NA
C00733,2023-11,2024-07,51.0,Starter,NA
C00733,2023-11,2024-08,51.0,Starter,NA
C00733,2023-11,2024-09,51.0,Starter,NA
C00733,2023-11,2024-10,51.0,Starter,NA
C00733,2023-11,2024-11,61.2,Starter,NA
C00733,2023-11,2024-12,61.2,Starter,NA
C00734,2023-11,2023-11,50.0,Starter,NA
C00734,2023-11,2023-12,60.0,Starter,NA
C00734,2023-11,2024-01,60.0,Starter,NA
C00734,2023-11,2024-02,60.0,Starter,NA
C00734,2023-11,2024-03,60.0,Starter,NA
C00734,2023-11,2024-04,60.0,Starter,NA
C00734,2023-11,2024-05,51.0,Starter,NA
C00734,2023-11,2024-06,43.35,Starter,NA
C00734,2023-11,2024-07,52.02,Starter,NA
C00734,2023-11,2024-08,62.42,Starter,NA
C00734,2023-11,2024-09,74.91,Starter,NA
C00734,2023-11,2024-10,89.89,Starter,NA
C00735,2023-11,2023-11,200.0,Pro,EMEA
C00736,2023-11,2023-11,800.0,Enterprise,EMEA
C00736,2023-11,2023-12,800.0,Enterprise,EMEA
C00736,2023-11,2024-01,800.0,Enterprise,EMEA
C00736,2023-11,2024-02,800.0,Enterprise,EMEA
C00736,2023-11,2024-03,800.0,Enterprise,EMEA
C00736,2023-11,2024-04,800.0,Enterprise,EMEA
C00736,2023-11,2024-05,800.0,Enterprise,EMEA
C00736,2023-11,2024-06,960.0,Enterprise,EMEA
C00736,2023-11,2024-07,960.0,Enterprise,EMEA
C00736,2023-11,2024-08,960.0,Enterprise,EMEA
C00736,2023-11,2024-09,1152.0,Enterprise,EMEA
C00736,2023-11,2024-10,1152.0,Enterprise,EMEA
C00736,2023-11,2024-11,1152.0,Enterprise,EMEA
C00736,2023-11,2024-12,1152.0,Enterprise,EMEA
C00737,2023-11,2023-11,200.0,Pro,NA
C00737,2023-11,2023-12,200.0,Pro,NA
C00737,2023-11,2024-01,200.0,Pro,NA
C00737,2023-11,2024-02,200.0,Pro,NA
C00737,2023-11,2024-03,200.0,Pro,NA
C00737,2023-11,2024-04,200.0,Pro,NA
C00737,2023-11,2024-05,170.0,Pro,NA
C00737,2023-11,2024-06,170.0,Pro,NA
C00737,2023-11,2024-07,170.0,Pro,NA
C00737,2023-11,2024-08,170.0,Pro,NA
C00737,2023-11,2024-09,170.0,Pro,NA
C00737,2023-11,2024-10,170.0,Pro,NA
C00737,2023-11,2024-11,170.0,Pro,NA
C00737,2023-11,2024-12,170.0,Pro,NA
C00738,2023-11,2023-11,200.0,Pro,EMEA
C00739,2023-11,2023-11,800.0,Enterprise,APAC
C00739,2023-11,2023-12,800.0,Enterprise,APAC
C00739,2023-11,2024-01,800.0,Enterprise,APAC
C00739,2023-11,2024-02,680.0,Enterprise,APAC
C00739,2023-11,2024-03,680.0,Enterprise,APAC
C00739,2023-11,2024-04,680.0,Enterprise,APAC
C00739,2023-11,2024-05,680.0,Enterprise,APAC
C00739,2023-11,2024-06,816.0,Enterprise,APAC
C00739,2023-11,2024-07,816.0,Enterprise,APAC
C00739,2023-11,2024-08,816.0,Enterprise,APAC
C00739,2023-11,2024-09,979.2,Enterprise,APAC
C00739,2023-11,2024-10,979.2,Enterprise,APAC
C00739,2023-11,2024-11,979.2,Enterprise,APAC
C00739,2023-11,2024-12,979.2,Enterprise,APAC
C00740,2023-11,2023-11,50.0,Starter,NA
C00740,2023-11,2023-12,50.0,Starter,NA
C00740,2023-11,2024-01,50.0,Starter,NA
C00740,2023-11,2024-02,50.0,Starter,NA
C00740,2023-11,2024-03,50.0,Starter,NA
C00740,2023-11,2024-04,50.0,Starter,NA
C00740,2023-11,2024-05,60.0,Starter,NA
C00741,2023-11,2023-11,200.0,Pro,EMEA
C00741,2023-11,2023-12,200.0,Pro,EMEA
C00741,2023-11,2024-01,170.0,Pro,EMEA
C00741,2023-11,2024-02,170.0,Pro,EMEA
C00741,2023-11,2024-03,170.0,Pro,EMEA
C00741,2023-11,2024-04,144.5,Pro,EMEA
C00741,2023-11,2024-05,144.5,Pro,EMEA
C00741,2023-11,2024-06,173.4,Pro,EMEA
C00741,2023-11,2024-07,173.4,Pro,EMEA
C00741,2023-11,2024-08,208.08,Pro,EMEA
C00741,2023-11,2024-09,208.08,Pro,EMEA
C00741,2023-11,2024-10,208.08,Pro,EMEA
C00742,2023-11,2023-11,200.0,Pro,NA
C00742,2023-11,2023-12,200.0,Pro,NA
C00742,2023-11,2024-01,240.0,Pro,NA
C00742,2023-11,2024-02,288.0,Pro,NA
C00742,2023-11,2024-03,244.8,Pro,NA
C00742,2023-11,2024-04,244.8,Pro,NA
C00742,2023-11,2024-05,293.76,Pro,NA
C00742,2023-11,2024-06,293.76,Pro,NA
C00742,2023-11,2024-07,293.76,Pro,NA
C00742,2023-11,2024-08,293.76,Pro,NA
C00742,2023-11,2024-09,352.51,Pro,NA
C00742,2023-11,2024-10,423.01,Pro,NA
C00742,2023-11,2024-11,507.62,Pro,NA
C00742,2023-11,2024-12,609.14,Pro,NA
C00743,2023-12,2023-12,800.0,Enterprise,NA
C00743,2023-12,2024-01,800.0,Enterprise,NA
C00743,2023-12,2024-02,800.0,Enterprise,NA
C00743,2023-12,2024-03,800.0,Enterprise,NA
C00743,2023-12,2024-04,960.0,Enterprise,NA
C00743,2023-12,2024-05,960.0,Enterprise,NA
C00743,2023-12,2024-06,960.0,Enterprise,NA
C00743,2023-12,2024-07,960.0,Enterprise,NA
C00743,2023-12,2024-08,960.0,Enterprise,NA
C00743,2023-12,2024-09,816.0,Enterprise,NA
C00743,2023-12,2024-10,816.0,Enterprise,NA
C00743,2023-12,2024-11,816.0,Enterprise,NA
C00743,2023-12,2024-12,816.0,Enterprise,NA
C00744,2023-12,2023-12,800.0,Enterprise,LATAM
C00744,2023-12,2024-01,680.0,Enterprise,LATAM
C00744,2023-12,2024-02,680.0,Enterprise,LATAM
C00744,2023-12,2024-03,680.0,Enterprise,LATAM
C00744,2023-12,2024-04,680.0,Enterprise,LATAM
C00744,2023-12,2024-05,680.0,Enterprise,LATAM
C00744,2023-12,2024-06,680.0,Enterprise,LATAM
C00744,2023-12,2024-07,680.0,Enterprise,LATAM
C00744,2023-12,2024-08,680.0,Enterprise,LATAM
C00744,2023-12,2024-09,680.0,Enterprise,LATAM
C00744,2023-12,2024-10,816.0,Enterprise,LATAM
C00744,2023-12,2024-11,979.2,Enterprise,LATAM
C00744,2023-12,2024-12,979.2,Enterprise,LATAM
C00745,2023-12,2023-12,200.0,Pro,NA
C00745,2023-12,2024-01,200.0,Pro,NA
C00745,2023-12,2024-02,240.0,Pro,NA
C00745,2023-12,2024-03,240.0,Pro,NA
C00745,2023-12,2024-04,240.0,Pro,NA
C00745,2023-12,2024-05,240.0,Pro,NA
C00745,2023-12,2024-06,204.0,Pro,NA
C00745,2023-12,2024-07,204.0,Pro,NA
C00745,2023-12,2024-08,204.0,Pro,NA
C00745,2023-12,2024-09,173.4,Pro,NA
C00745,2023-12,2024-10,208.08,Pro,NA
C00745,2023-12,2024-11,208.08,Pro,NA
C00745,2023-12,2024-12,208.08,Pro,NA
C00746,2023-12,2023-12,800.0,Enterprise,APAC
C00746,2023-12,2024-01,960.0,Enterprise,APAC
C00746,2023-12,2024-02,960.0,Enterprise,APAC
C00746,2023-12,2024-03,960.0,Enterprise,APAC
C00746,2023-12,2024-04,1152.0,Enterprise,APAC
C00746,2023-12,2024-05,1152.0,Enterprise,APAC
C00746,2023-12,2024-06,1152.0,Enterprise,APAC
C00746,2023-12,2024-07,1152.0,Enterprise,APAC
C00746,2023-12,2024-08,1152.0,Enterprise,APAC
C00746,2023-12,2024-09,1152.0,Enterprise,APAC
C00746,2023-12,2024-10,1382.4,Enterprise,APAC
C00746,2023-12,2024-11,1658.88,Enterprise,APAC
C00746,2023-12,2024-12,1658.88,Enterprise,APAC
C00747,2023-12,2023-12,50.0,Starter,NA
C00747,2023-12,2024-01,50.0,Starter,NA
C00747,2023-12,2024-02,50.0,Starter,NA
C00747,2023-12,2024-03,50.0,Starter,NA
C00747,2023-12,2024-04,50.0,Starter,NA
C00747,2023-12,2024-05,50.0,Starter,NA
C00747,2023-12,2024-06,50.0,Starter,NA
C00747,2023-12,2024-07,50.0,Starter,NA
C00747,2023-12,2024-08,60.0,Starter,NA
C00747,2023-12,2024-09,51.0,Starter,NA
C00747,2023-12,2024-10,51.0,Starter,NA
C00747,2023-12,2024-11,51.0,Starter,NA
C00747,2023-12,2024-12,51.0,Starter,NA
C00748,2023-12,2023-12,50.0,Starter,NA
C00748,2023-12,2024-01,60.0,Starter,NA
C00748,2023-12,2024-02,60.0,Starter,NA
C00748,2023-12,2024-03,60.0,Starter,NA
C00748,2023-12,2024-04,60.0,Starter,NA
C00748,2023-12,2024-05,60.0,Starter,NA
C00748,2023-12,2024-06,72.0,Starter,NA
C00748,2023-12,2024-07,72.0,Starter,NA
C00748,2023-12,2024-08,72.0,Starter,NA
C00748,2023-12,2024-09,72.0,Starter,NA
C00748,2023-12,2024-10,72.0,Starter,NA
C00749,2023-12,2023-12,50.0,Starter,NA
C00749,2023-12,2024-01,60.0,Starter,NA
C00749,2023-12,2024-02,72.0,Starter,NA
C00749,2023-12,2024-03,72.0,Starter,NA
C00749,2023-12,2024-04,72.0,Starter,NA
C00749,2023-12,2024-05,72.0,Starter,NA
C00749,2023-12,2024-06,72.0,Starter,NA
C00749,2023-12,2024-07,72.0,Starter,NA
C00749,2023-12,2024-08,86.4,Starter,NA
C00749,2023-12,2024-09,86.4,Starter,NA
C00749,2023-12,2024-10,103.68,Starter,NA
C00749,2023-12,2024-11,103.68,Starter,NA
C00749,2023-12,2024-12,103.68,Starter,NA
C00750,2023-12,2023-12,50.0,Starter,NA
C00750,2023-12,2024-01,50.0,Starter,NA
C00750,2023-12,2024-02,50.0,Starter,NA
C00750,2023-12,2024-03,60.0,Starter,NA
C00750,2023-12,2024-04,72.0,Starter,NA
C00750,2023-12,2024-05,72.0,Starter,NA
C00750,2023-12,2024-06,86.4,Starter,NA
C00750,2023-12,2024-07,86.4,Starter,NA
C00750,2023-12,2024-08,103.68,Starter,NA
C00750,2023-12,2024-09,124.42,Starter,NA
C00750,2023-12,2024-10,124.42,Starter,NA
C00750,2023-12,2024-11,149.3,Starter,NA
C00750,2023-12,2024-12,149.3,Starter,NA
C00751,2023-12,2023-12,200.0,Pro,NA
C00751,2023-12,2024-01,200.0,Pro,NA
C00751,2023-12,2024-02,200.0,Pro,NA
C00751,2023-12,2024-03,200.0,Pro,NA
C00751,2023-12,2024-04,240.0,Pro,NA
C00751,2023-12,2024-05,240.0,Pro,NA
C00751,2023-12,2024-06,288.0,Pro,NA
C00751,2023-12,2024-07,345.6,Pro,NA
C00751,2023-12,2024-08,345.6,Pro,NA
C00751,2023-12,2024-09,345.6,Pro,NA
C00751,2023-12,2024-10,345.6,Pro,NA
C00751,2023-12,2024-11,345.6,Pro,NA
C00751,2023-12,2024-12,345.6,Pro,NA
C00752,2023-12,2023-12,200.0,Pro,NA
C00752,2023-12,2024-01,200.0,Pro,NA
C00752,2023-12,2024-02,240.0,Pro,NA
C00752,2023-12,2024-03,240.0,Pro,NA
C00752,2023-12,2024-04,240.0,Pro,NA
C00752,2023-12,2024-05,240.0,Pro,NA
C00752,2023-12,2024-06,240.0,Pro,NA
C00752,2023-12,2024-07,240.0,Pro,NA
C00752,2023-12,2024-08,288.0,Pro,NA
C00752,2023-12,2024-09,288.0,Pro,NA
C00752,2023-12,2024-10,288.0,Pro,NA
C00752,2023-12,2024-11,288.0,Pro,NA
C00752,2023-12,2024-12,288.0,Pro,NA
C00753,2023-12,2023-12,50.0,Starter,NA
C00753,2023-12,2024-01,50.0,Starter,NA
C00753,2023-12,2024-02,42.5,Starter,NA
C00753,2023-12,2024-03,42.5,Starter,NA
C00753,2023-12,2024-04,51.0,Starter,NA
C00753,2023-12,2024-05,51.0,Starter,NA
C00753,2023-12,2024-06,51.0,Starter,NA
C00753,2023-12,2024-07,51.0,Starter,NA
C00753,2023-12,2024-08,51.0,Starter,NA
C00753,2023-12,2024-09,61.2,Starter,NA
C00753,2023-12,2024-10,73.44,Starter,NA
C00753,2023-12,2024-11,62.42,Starter,NA
C00753,2023-12,2024-12,62.42,Starter,NA
C00754,2023-12,2023-12,200.0,Pro,NA
C00754,2023-12,2024-01,200.0,Pro,NA
C00754,2023-12,2024-02,240.0,Pro,NA
C00754,2023-12,2024-03,240.0,Pro,NA
C00754,2023-12,2024-04,288.0,Pro,NA
C00754,2023-12,2024-05,288.0,Pro,NA
C00754,2023-12,2024-06,288.0,Pro,NA
C00754,2023-12,2024-07,288.0,Pro,NA
C00754,2023-12,2024-08,288.0,Pro,NA
C00754,2023-12,2024-09,288.0,Pro,NA
C00754,2023-12,2024-10,288.0,Pro,NA
C00754,2023-12,2024-11,288.0,Pro,NA
C00754,2023-12,2024-12,288.0,Pro,NA
C00755,2023-12,2023-12,800.0,Enterprise,APAC
C00755,2023-12,2024-01,800.0,Enterprise,APAC
C00755,2023-12,2024-02,800.0,Enterprise,APAC
C00755,2023-12,2024-03,800.0,Enterprise,APAC
C00755,2023-12,2024-04,800.0,Enterprise,APAC
C00755,2023-12,2024-05,800.0,Enterprise,APAC
C00755,2023-12,2024-06,800.0,Enterprise,APAC
C00755,2023-12,2024-07,960.0,Enterprise,APAC
C00755,2023-12,2024-08,1152.0,Enterprise,APAC
C00755,2023-12,2024-09,1152.0,Enterprise,APAC
C00755,2023-12,2024-10,1152.0,Enterprise,APAC
C00755,2023-12,2024-11,1152.0,Enterprise,APAC
C00755,2023-12,2024-12,1382.4,Enterprise,APAC
C00756,2023-12,2023-12,200.0,Pro,APAC
C00756,2023-12,2024-01,200.0,Pro,APAC
C00756,2023-12,2024-02,200.0,Pro,APAC
C00756,2023-12,2024-03,200.0,Pro,APAC
C00756,2023-12,2024-04,200.0,Pro,APAC
C00756,2023-12,2024-05,200.0,Pro,APAC
C00756,2023-12,2024-06,200.0,Pro,APAC
C00756,2023-12,2024-07,200.0,Pro,APAC
C00756,2023-12,2024-08,240.0,Pro,APAC
C00756,2023-12,2024-09,240.0,Pro,APAC
C00756,2023-12,2024-10,240.0,Pro,APAC
C00756,2023-12,2024-11,240.0,Pro,APAC
C00756,2023-12,2024-12,240.0,Pro,APAC
C00757,2023-12,2023-12,50.0,Starter,EMEA
C00757,2023-12,2024-01,50.0,Starter,EMEA
C00758,2023-12,2023-12,50.0,Starter,EMEA
C00758,2023-12,2024-01,50.0,Starter,EMEA
C00758,2023-12,2024-02,50.0,Starter,EMEA
C00758,2023-12,2024-03,60.0,Starter,EMEA
C00758,2023-12,2024-04,72.0,Starter,EMEA
C00758,2023-12,2024-05,72.0,Starter,EMEA
C00758,2023-12,2024-06,72.0,Starter,EMEA
C00758,2023-12,2024-07,72.0,Starter,EMEA
C00758,2023-12,2024-08,72.0,Starter,EMEA
C00758,2023-12,2024-09,72.0,Starter,EMEA
C00758,2023-12,2024-10,72.0,Starter,EMEA
C00758,2023-12,2024-11,72.0,Starter,EMEA
C00758,2023-12,2024-12,72.0,Starter,EMEA
C00759,2023-12,2023-12,50.0,Starter,EMEA
C00759,2023-12,2024-01,60.0,Starter,EMEA
C00760,2023-12,2023-12,50.0,Starter,EMEA
C00760,2023-12,2024-01,42.5,Starter,EMEA
C00760,2023-12,2024-02,42.5,Starter,EMEA
C00760,2023-12,2024-03,42.5,Starter,EMEA
C00760,2023-12,2024-04,42.5,Starter,EMEA
C00760,2023-12,2024-05,42.5,Starter,EMEA
C00760,2023-12,2024-06,42.5,Starter,EMEA
C00760,2023-12,2024-07,42.5,Starter,EMEA
C00760,2023-12,2024-08,42.5,Starter,EMEA
C00760,2023-12,2024-09,51.0,Starter,EMEA
C00760,2023-12,2024-10,61.2,Starter,EMEA
C00760,2023-12,2024-11,61.2,Starter,EMEA
C00760,2023-12,2024-12,61.2,Starter,EMEA
C00761,2023-12,2023-12,200.0,Pro,NA
C00761,2023-12,2024-01,200.0,Pro,NA
C00761,2023-12,2024-02,240.0,Pro,NA
C00761,2023-12,2024-03,288.0,Pro,NA
C00761,2023-12,2024-04,345.6,Pro,NA
C00761,2023-12,2024-05,414.72,Pro,NA
C00761,2023-12,2024-06,414.72,Pro,NA
C00761,2023-12,2024-07,414.72,Pro,NA
C00761,2023-12,2024-08,497.66,Pro,NA
C00761,2023-12,2024-09,497.66,Pro,NA
C00761,2023-12,2024-10,597.2,Pro,NA
C00761,2023-12,2024-11,716.64,Pro,NA
C00761,2023-12,2024-12,716.64,Pro,NA
C00762,2023-12,2023-12,50.0,Starter,EMEA
C00762,2023-12,2024-01,50.0,Starter,EMEA
C00762,2023-12,2024-02,50.0,Starter,EMEA
C00762,2023-12,2024-03,50.0,Starter,EMEA
C00762,2023-12,2024-04,50.0,Starter,EMEA
C00762,2023-12,2024-05,60.0,Starter,EMEA
C00762,2023-12,2024-06,60.0,Starter,EMEA
C00762,2023-12,2024-07,60.0,Starter,EMEA
C00763,2023-12,2023-12,200.0,Pro,EMEA
C00763,2023-12,2024-01,200.0,Pro,EMEA
C00763,2023-12,2024-02,200.0,Pro,EMEA
C00763,2023-12,2024-03,200.0,Pro,EMEA
C00763,2023-12,2024-04,170.0,Pro,EMEA
C00763,2023-12,2024-05,170.0,Pro,EMEA
C00763,2023-12,2024-06,170.0,Pro,EMEA
C00763,2023-12,2024-07,170.0,Pro,EMEA
C00763,2023-12,2024-08,170.0,Pro,EMEA
C00763,2023-12,2024-09,170.0,Pro,EMEA
C00763,2023-12,2024-10,170.0,Pro,EMEA
C00763,2023-12,2024-11,170.0,Pro,EMEA
C00763,2023-12,2024-12,170.0,Pro,EMEA
C00764,2023-12,2023-12,50.0,Starter,LATAM
C00764,2023-12,2024-01,60.0,Starter,LATAM
C00764,2023-12,2024-02,60.0,Starter,LATAM
C00764,2023-12,2024-03,60.0,Starter,LATAM
C00764,2023-12,2024-04,51.0,Starter,LATAM
C00764,2023-12,2024-05,51.0,Starter,LATAM
C00764,2023-12,2024-06,61.2,Starter,LATAM
C00764,2023-12,2024-07,61.2,Starter,LATAM
C00764,2023-12,2024-08,61.2,Starter,LATAM
C00764,2023-12,2024-09,61.2,Starter,LATAM
C00764,2023-12,2024-10,61.2,Starter,LATAM
C00764,2023-12,2024-11,61.2,Starter,LATAM
C00764,2023-12,2024-12,61.2,Starter,LATAM
C00765,2023-12,2023-12,200.0,Pro,EMEA
C00765,2023-12,2024-01,200.0,Pro,EMEA
C00765,2023-12,2024-02,200.0,Pro,EMEA
C00765,2023-12,2024-03,200.0,Pro,EMEA
C00765,2023-12,2024-04,200.0,Pro,EMEA
C00765,2023-12,2024-05,200.0,Pro,EMEA
C00765,2023-12,2024-06,200.0,Pro,EMEA
C00765,2023-12,2024-07,240.0,Pro,EMEA
C00765,2023-12,2024-08,288.0,Pro,EMEA
C00765,2023-12,2024-09,288.0,Pro,EMEA
C00765,2023-12,2024-10,288.0,Pro,EMEA
C00765,2023-12,2024-11,288.0,Pro,EMEA
C00765,2023-12,2024-12,288.0,Pro,EMEA
C00766,2023-12,2023-12,50.0,Starter,APAC
C00767,2023-12,2023-12,200.0,Pro,NA
C00767,2023-12,2024-01,200.0,Pro,NA
C00767,2023-12,2024-02,240.0,Pro,NA
C00767,2023-12,2024-03,240.0,Pro,NA
C00767,2023-12,2024-04,240.0,Pro,NA
C00767,2023-12,2024-05,288.0,Pro,NA
C00767,2023-12,2024-06,345.6,Pro,NA
C00767,2023-12,2024-07,345.6,Pro,NA
C00767,2023-12,2024-08,414.72,Pro,NA
C00767,2023-12,2024-09,414.72,Pro,NA
C00767,2023-12,2024-10,414.72,Pro,NA
C00767,2023-12,2024-11,414.72,Pro,NA
C00767,2023-12,2024-12,414.72,Pro,NA
C00768,2023-12,2023-12,800.0,Enterprise,EMEA
C00768,2023-12,2024-01,800.0,Enterprise,EMEA
C00768,2023-12,2024-02,800.0,Enterprise,EMEA
C00768,2023-12,2024-03,800.0,Enterprise,EMEA
C00768,2023-12,2024-04,800.0,Enterprise,EMEA
C00768,2023-12,2024-05,960.0,Enterprise,EMEA
C00768,2023-12,2024-06,960.0,Enterprise,EMEA
C00769,2023-12,2023-12,50.0,Starter,NA
C00769,2023-12,2024-01,60.0,Starter,NA
C00769,2023-12,2024-02,60.0,Starter,NA
C00769,2023-12,2024-03,51.0,Starter,NA
C00769,2023-12,2024-04,51.0,Starter,NA
C00769,2023-12,2024-05,51.0,Starter,NA
C00769,2023-12,2024-06,51.0,Starter,NA
C00769,2023-12,2024-07,51.0,Starter,NA
C00769,2023-12,2024-08,51.0,Starter,NA
C00769,2023-12,2024-09,51.0,Starter,NA
C00769,2023-12,2024-10,51.0,Starter,NA
C00769,2023-12,2024-11,51.0,Starter,NA
C00769,2023-12,2024-12,51.0,Starter,NA
C00770,2023-12,2023-12,200.0,Pro,NA
C00770,2023-12,2024-01,200.0,Pro,NA
C00770,2023-12,2024-02,200.0,Pro,NA
C00770,2023-12,2024-03,200.0,Pro,NA
C00770,2023-12,2024-04,200.0,Pro,NA
C00770,2023-12,2024-05,200.0,Pro,NA
C00770,2023-12,2024-06,200.0,Pro,NA
C00770,2023-12,2024-07,200.0,Pro,NA
C00770,2023-12,2024-08,200.0,Pro,NA
C00770,2023-12,2024-09,200.0,Pro,NA
C00770,2023-12,2024-10,200.0,Pro,NA
C00770,2023-12,2024-11,200.0,Pro,NA
C00770,2023-12,2024-12,200.0,Pro,NA
C00771,2023-12,2023-12,200.0,Pro,EMEA
C00771,2023-12,2024-01,200.0,Pro,EMEA
C00771,2023-12,2024-02,240.0,Pro,EMEA
C00771,2023-12,2024-03,240.0,Pro,EMEA
C00771,2023-12,2024-04,240.0,Pro,EMEA
C00771,2023-12,2024-05,240.0,Pro,EMEA
C00771,2023-12,2024-06,240.0,Pro,EMEA
C00771,2023-12,2024-07,288.0,Pro,EMEA
C00771,2023-12,2024-08,288.0,Pro,EMEA
C00771,2023-12,2024-09,345.6,Pro,EMEA
C00771,2023-12,2024-10,345.6,Pro,EMEA
C00771,2023-12,2024-11,345.6,Pro,EMEA
C00771,2023-12,2024-12,345.6,Pro,EMEA
C00772,2023-12,2023-12,200.0,Pro,NA
C00772,2023-12,2024-01,200.0,Pro,NA
C00772,2023-12,2024-02,200.0,Pro,NA
C00772,2023-12,2024-03,200.0,Pro,NA
C00772,2023-12,2024-04,200.0,Pro,NA
C00772,2023-12,2024-05,200.0,Pro,NA
C00772,2023-12,2024-06,200.0,Pro,NA
C00772,2023-12,2024-07,200.0,Pro,NA
C00772,2023-12,2024-08,200.0,Pro,NA
C00772,2023-12,2024-09,200.0,Pro,NA
C00772,2023-12,2024-10,200.0,Pro,NA
C00772,2023-12,2024-11,200.0,Pro,NA
C00772,2023-12,2024-12,200.0,Pro,NA
C00773,2023-12,2023-12,800.0,Enterprise,EMEA
C00773,2023-12,2024-01,960.0,Enterprise,EMEA
C00774,2023-12,2023-12,50.0,Starter,EMEA
C00774,2023-12,2024-01,50.0,Starter,EMEA
C00774,2023-12,2024-02,50.0,Starter,EMEA
C00774,2023-12,2024-03,50.0,Starter,EMEA
C00774,2023-12,2024-04,50.0,Starter,EMEA
C00774,2023-12,2024-05,50.0,Starter,EMEA
C00774,2023-12,2024-06,50.0,Starter,EMEA
C00774,2023-12,2024-07,50.0,Starter,EMEA
C00774,2023-12,2024-08,50.0,Starter,EMEA
C00774,2023-12,2024-09,50.0,Starter,EMEA
C00774,2023-12,2024-10,50.0,Starter,EMEA
C00774,2023-12,2024-11,50.0,Starter,EMEA
C00774,2023-12,2024-12,50.0,Starter,EMEA
C00775,2023-12,2023-12,800.0,Enterprise,EMEA
C00775,2023-12,2024-01,800.0,Enterprise,EMEA
C00775,2023-12,2024-02,800.0,Enterprise,EMEA
C00776,2023-12,2023-12,50.0,Starter,NA
C00776,2023-12,2024-01,50.0,Starter,NA
C00776,2023-12,2024-02,50.0,Starter,NA
C00776,2023-12,2024-03,60.0,Starter,NA
C00776,2023-12,2024-04,72.0,Starter,NA
C00776,2023-12,2024-05,72.0,Starter,NA
C00776,2023-12,2024-06,72.0,Starter,NA
C00776,2023-12,2024-07,72.0,Starter,NA
C00776,2023-12,2024-08,72.0,Starter,NA
C00776,2023-12,2024-09,72.0,Starter,NA
C00776,2023-12,2024-10,86.4,Starter,NA
C00776,2023-12,2024-11,86.4,Starter,NA
C00776,2023-12,2024-12,86.4,Starter,NA
C00777,2023-12,2023-12,50.0,Starter,LATAM
C00777,2023-12,2024-01,50.0,Starter,LATAM
C00777,2023-12,2024-02,50.0,Starter,LATAM
C00777,2023-12,2024-03,50.0,Starter,LATAM
C00777,2023-12,2024-04,50.0,Starter,LATAM
C00777,2023-12,2024-05,50.0,Starter,LATAM
C00777,2023-12,2024-06,50.0,Starter,LATAM
C00777,2023-12,2024-07,50.0,Starter,LATAM
C00777,2023-12,2024-08,50.0,Starter,LATAM
C00777,2023-12,2024-09,50.0,Starter,LATAM
C00777,2023-12,2024-10,50.0,Starter,LATAM
C00777,2023-12,2024-11,50.0,Starter,LATAM
C00777,2023-12,2024-12,60.0,Starter,LATAM
C00778,2023-12,2023-12,200.0,Pro,EMEA
C00778,2023-12,2024-01,200.0,Pro,EMEA
C00778,2023-12,2024-02,200.0,Pro,EMEA
C00778,2023-12,2024-03,240.0,Pro,EMEA
C00779,2023-12,2023-12,50.0,Starter,NA
C00779,2023-12,2024-01,50.0,Starter,NA
C00779,2023-12,2024-02,50.0,Starter,NA
C00779,2023-12,2024-03,50.0,Starter,NA
C00779,2023-12,2024-04,50.0,Starter,NA
C00779,2023-12,2024-05,50.0,Starter,NA
C00779,2023-12,2024-06,50.0,Starter,NA
C00779,2023-12,2024-07,50.0,Starter,NA
C00779,2023-12,2024-08,60.0,Starter,NA
C00779,2023-12,2024-09,60.0,Starter,NA
C00779,2023-12,2024-10,60.0,Starter,NA
C00779,2023-12,2024-11,60.0,Starter,NA
C00779,2023-12,2024-12,60.0,Starter,NA
C00780,2023-12,2023-12,200.0,Pro,EMEA
C00780,2023-12,2024-01,200.0,Pro,EMEA
C00780,2023-12,2024-02,200.0,Pro,EMEA
C00780,2023-12,2024-03,200.0,Pro,EMEA
C00780,2023-12,2024-04,240.0,Pro,EMEA
C00780,2023-12,2024-05,240.0,Pro,EMEA
C00780,2023-12,2024-06,240.0,Pro,EMEA
C00780,2023-12,2024-07,240.0,Pro,EMEA
C00780,2023-12,2024-08,288.0,Pro,EMEA
C00780,2023-12,2024-09,244.8,Pro,EMEA
C00780,2023-12,2024-10,244.8,Pro,EMEA
C00780,2023-12,2024-11,244.8,Pro,EMEA
C00780,2023-12,2024-12,244.8,Pro,EMEA
C00781,2023-12,2023-12,50.0,Starter,NA
C00781,2023-12,2024-01,60.0,Starter,NA
C00781,2023-12,2024-02,72.0,Starter,NA
C00781,2023-12,2024-03,86.4,Starter,NA
C00781,2023-12,2024-04,86.4,Starter,NA
C00781,2023-12,2024-05,86.4,Starter,NA
C00781,2023-12,2024-06,86.4,Starter,NA
C00781,2023-12,2024-07,86.4,Starter,NA
C00781,2023-12,2024-08,103.68,Starter,NA
C00781,2023-12,2024-09,103.68,Starter,NA
C00781,2023-12,2024-10,103.68,Starter,NA
C00781,2023-12,2024-11,124.42,Starter,NA
C00781,2023-12,2024-12,124.42,Starter,NA
C00782,2023-12,2023-12,200.0,Pro,EMEA
C00782,2023-12,2024-01,240.0,Pro,EMEA
C00782,2023-12,2024-02,240.0,Pro,EMEA
C00782,2023-12,2024-03,288.0,Pro,EMEA
C00782,2023-12,2024-04,288.0,Pro,EMEA
C00782,2023-12,2024-05,288.0,Pro,EMEA
C00782,2023-12,2024-06,288.0,Pro,EMEA
C00782,2023-12,2024-07,288.0,Pro,EMEA
C00782,2023-12,2024-08,345.6,Pro,EMEA
C00782,2023-12,2024-09,293.76,Pro,EMEA
C00782,2023-12,2024-10,293.76,Pro,EMEA
C00782,2023-12,2024-11,293.76,Pro,EMEA
C00782,2023-12,2024-12,293.76,Pro,EMEA
C00783,2023-12,2023-12,200.0,Pro,APAC
C00783,2023-12,2024-01,200.0,Pro,APAC
C00783,2023-12,2024-02,200.0,Pro,APAC
C00783,2023-12,2024-03,200.0,Pro,APAC
C00783,2023-12,2024-04,200.0,Pro,APAC
C00783,2023-12,2024-05,200.0,Pro,APAC
C00783,2023-12,2024-06,200.0,Pro,APAC
C00783,2023-12,2024-07,200.0,Pro,APAC
C00783,2023-12,2024-08,240.0,Pro,APAC
C00783,2023-12,2024-09,288.0,Pro,APAC
C00783,2023-12,2024-10,288.0,Pro,APAC
C00783,2023-12,2024-11,288.0,Pro,APAC
C00783,2023-12,2024-12,244.8,Pro,APAC
C00784,2023-12,2023-12,50.0,Starter,LATAM
C00784,2023-12,2024-01,50.0,Starter,LATAM
C00784,2023-12,2024-02,50.0,Starter,LATAM
C00784,2023-12,2024-03,60.0,Starter,LATAM
C00784,2023-12,2024-04,60.0,Starter,LATAM
C00784,2023-12,2024-05,60.0,Starter,LATAM
C00784,2023-12,2024-06,60.0,Starter,LATAM
C00785,2023-12,2023-12,200.0,Pro,NA
C00786,2023-12,2023-12,200.0,Pro,NA
C00786,2023-12,2024-01,200.0,Pro,NA
C00787,2023-12,2023-12,50.0,Starter,NA
C00787,2023-12,2024-01,50.0,Starter,NA
C00787,2023-12,2024-02,50.0,Starter,NA
C00787,2023-12,2024-03,50.0,Starter,NA
C00787,2023-12,2024-04,60.0,Starter,NA
C00787,2023-12,2024-05,60.0,Starter,NA
C00787,2023-12,2024-06,60.0,Starter,NA
C00787,2023-12,2024-07,60.0,Starter,NA
C00787,2023-12,2024-08,60.0,Starter,NA
C00787,2023-12,2024-09,60.0,Starter,NA
C00787,2023-12,2024-10,60.0,Starter,NA
C00787,2023-12,2024-11,60.0,Starter,NA
C00787,2023-12,2024-12,60.0,Starter,NA
C00788,2023-12,2023-12,800.0,Enterprise,APAC
C00788,2023-12,2024-01,960.0,Enterprise,APAC
C00788,2023-12,2024-02,1152.0,Enterprise,APAC
C00788,2023-12,2024-03,1152.0,Enterprise,APAC
C00788,2023-12,2024-04,1152.0,Enterprise,APAC
C00788,2023-12,2024-05,1152.0,Enterprise,APAC
C00788,2023-12,2024-06,1152.0,Enterprise,APAC
C00788,2023-12,2024-07,1152.0,Enterprise,APAC
C00788,2023-12,2024-08,1152.0,Enterprise,APAC
C00788,2023-12,2024-09,1152.0,Enterprise,APAC
C00788,2023-12,2024-10,1152.0,Enterprise,APAC
C00788,2023-12,2024-11,1152.0,Enterprise,APAC
C00788,2023-12,2024-12,1152.0,Enterprise,APAC
C00789,2023-12,2023-12,50.0,Starter,APAC
C00789,2023-12,2024-01,50.0,Starter,APAC
C00789,2023-12,2024-02,50.0,Starter,APAC
C00789,2023-12,2024-03,50.0,Starter,APAC
C00789,2023-12,2024-04,50.0,Starter,APAC
C00789,2023-12,2024-05,50.0,Starter,APAC
C00789,2023-12,2024-06,50.0,Starter,APAC
C00789,2023-12,2024-07,50.0,Starter,APAC
C00789,2023-12,2024-08,50.0,Starter,APAC
C00789,2023-12,2024-09,50.0,Starter,APAC
C00789,2023-12,2024-10,42.5,Starter,APAC
C00789,2023-12,2024-11,42.5,Starter,APAC
C00789,2023-12,2024-12,51.0,Starter,APAC
C00790,2023-12,2023-12,800.0,Enterprise,EMEA
C00790,2023-12,2024-01,800.0,Enterprise,EMEA
C00790,2023-12,2024-02,800.0,Enterprise,EMEA
C00790,2023-12,2024-03,800.0,Enterprise,EMEA
C00790,2023-12,2024-04,800.0,Enterprise,EMEA
C00790,2023-12,2024-05,800.0,Enterprise,EMEA
C00790,2023-12,2024-06,800.0,Enterprise,EMEA
C00790,2023-12,2024-07,800.0,Enterprise,EMEA
C00790,2023-12,2024-08,800.0,Enterprise,EMEA
C00790,2023-12,2024-09,800.0,Enterprise,EMEA
C00791,2023-12,2023-12,50.0,Starter,NA
C00791,2023-12,2024-01,50.0,Starter,NA
C00791,2023-12,2024-02,50.0,Starter,NA
C00791,2023-12,2024-03,60.0,Starter,NA
C00791,2023-12,2024-04,60.0,Starter,NA
C00791,2023-12,2024-05,60.0,Starter,NA
C00791,2023-12,2024-06,60.0,Starter,NA
C00791,2023-12,2024-07,72.0,Starter,NA
C00791,2023-12,2024-08,72.0,Starter,NA
C00791,2023-12,2024-09,72.0,Starter,NA
C00791,2023-12,2024-10,72.0,Starter,NA
C00791,2023-12,2024-11,72.0,Starter,NA
C00791,2023-12,2024-12,72.0,Starter,NA
C00792,2023-12,2023-12,50.0,Starter,EMEA
C00792,2023-12,2024-01,60.0,Starter,EMEA
C00792,2023-12,2024-02,60.0,Starter,EMEA
C00792,2023-12,2024-03,60.0,Starter,EMEA
C00792,2023-12,2024-04,60.0,Starter,EMEA
C00792,2023-12,2024-05,60.0,Starter,EMEA
C00792,2023-12,2024-06,60.0,Starter,EMEA
C00792,2023-12,2024-07,60.0,Starter,EMEA
C00792,2023-12,2024-08,60.0,Starter,EMEA
C00792,2023-12,2024-09,60.0,Starter,EMEA
C00792,2023-12,2024-10,72.0,Starter,EMEA
C00792,2023-12,2024-11,72.0,Starter,EMEA
C00792,2023-12,2024-12,72.0,Starter,EMEA
C00793,2023-12,2023-12,200.0,Pro,NA
C00793,2023-12,2024-01,200.0,Pro,NA
C00793,2023-12,2024-02,240.0,Pro,NA
C00793,2023-12,2024-03,240.0,Pro,NA
C00793,2023-12,2024-04,240.0,Pro,NA
C00793,2023-12,2024-05,240.0,Pro,NA
C00793,2023-12,2024-06,288.0,Pro,NA
C00793,2023-12,2024-07,288.0,Pro,NA
C00793,2023-12,2024-08,288.0,Pro,NA
C00793,2023-12,2024-09,288.0,Pro,NA
C00793,2023-12,2024-10,288.0,Pro,NA
C00793,2023-12,2024-11,345.6,Pro,NA
C00793,2023-12,2024-12,345.6,Pro,NA
C00794,2023-12,2023-12,50.0,Starter,NA
C00794,2023-12,2024-01,50.0,Starter,NA
C00794,2023-12,2024-02,50.0,Starter,NA
C00794,2023-12,2024-03,50.0,Starter,NA
C00794,2023-12,2024-04,50.0,Starter,NA
C00794,2023-12,2024-05,60.0,Starter,NA
C00794,2023-12,2024-06,60.0,Starter,NA
C00794,2023-12,2024-07,60.0,Starter,NA
C00794,2023-12,2024-08,60.0,Starter,NA
C00794,2023-12,2024-09,60.0,Starter,NA
C00794,2023-12,2024-10,60.0,Starter,NA
C00794,2023-12,2024-11,60.0,Starter,NA
C00794,2023-12,2024-12,60.0,Starter,NA
C00795,2023-12,2023-12,50.0,Starter,NA
C00795,2023-12,2024-01,60.0,Starter,NA
C00795,2023-12,2024-02,72.0,Starter,NA
C00795,2023-12,2024-03,72.0,Starter,NA
C00795,2023-12,2024-04,72.0,Starter,NA
C00795,2023-12,2024-05,86.4,Starter,NA
C00795,2023-12,2024-06,86.4,Starter,NA
C00795,2023-12,2024-07,86.4,Starter,NA
C00795,2023-12,2024-08,86.4,Starter,NA
C00795,2023-12,2024-09,86.4,Starter,NA
C00795,2023-12,2024-10,86.4,Starter,NA
C00795,2023-12,2024-11,86.4,Starter,NA
C00795,2023-12,2024-12,86.4,Starter,NA
C00796,2023-12,2023-12,200.0,Pro,NA
C00796,2023-12,2024-01,200.0,Pro,NA
C00796,2023-12,2024-02,240.0,Pro,NA
C00796,2023-12,2024-03,288.0,Pro,NA
C00796,2023-12,2024-04,288.0,Pro,NA
C00796,2023-12,2024-05,288.0,Pro,NA
C00796,2023-12,2024-06,288.0,Pro,NA
C00796,2023-12,2024-07,288.0,Pro,NA
C00796,2023-12,2024-08,244.8,Pro,NA
C00796,2023-12,2024-09,244.8,Pro,NA
C00796,2023-12,2024-10,244.8,Pro,NA
C00796,2023-12,2024-11,293.76,Pro,NA
C00796,2023-12,2024-12,293.76,Pro,NA
C00797,2023-12,2023-12,50.0,Starter,APAC
C00797,2023-12,2024-01,50.0,Starter,APAC
C00797,2023-12,2024-02,50.0,Starter,APAC
C00797,2023-12,2024-03,50.0,Starter,APAC
C00797,2023-12,2024-04,60.0,Starter,APAC
C00797,2023-12,2024-05,72.0,Starter,APAC
C00797,2023-12,2024-06,72.0,Starter,APAC
C00797,2023-12,2024-07,72.0,Starter,APAC
C00797,2023-12,2024-08,72.0,Starter,APAC
C00797,2023-12,2024-09,86.4,Starter,APAC
C00797,2023-12,2024-10,86.4,Starter,APAC
C00797,2023-12,2024-11,86.4,Starter,APAC
C00797,2023-12,2024-12,86.4,Starter,APAC
C00798,2023-12,2023-12,50.0,Starter,NA
C00798,2023-12,2024-01,50.0,Starter,NA
C00798,2023-12,2024-02,50.0,Starter,NA
C00798,2023-12,2024-03,60.0,Starter,NA
C00798,2023-12,2024-04,51.0,Starter,NA
C00798,2023-12,2024-05,51.0,Starter,NA
C00798,2023-12,2024-06,51.0,Starter,NA
C00798,2023-12,2024-07,61.2,Starter,NA
C00798,2023-12,2024-08,61.2,Starter,NA
C00798,2023-12,2024-09,73.44,Starter,NA
C00798,2023-12,2024-10,73.44,Starter,NA
C00798,2023-12,2024-11,73.44,Starter,NA
C00798,2023-12,2024-12,88.13,Starter,NA
C00799,2023-12,2023-12,800.0,Enterprise,EMEA
C00799,2023-12,2024-01,800.0,Enterprise,EMEA
C00799,2023-12,2024-02,800.0,Enterprise,EMEA
C00799,2023-12,2024-03,800.0,Enterprise,EMEA
C00799,2023-12,2024-04,800.0,Enterprise,EMEA
C00799,2023-12,2024-05,800.0,Enterprise,EMEA
C00799,2023-12,2024-06,960.0,Enterprise,EMEA
C00799,2023-12,2024-07,1152.0,Enterprise,EMEA
C00799,2023-12,2024-08,1382.4,Enterprise,EMEA
C00799,2023-12,2024-09,1382.4,Enterprise,EMEA
C00799,2023-12,2024-10,1175.04,Enterprise,EMEA
C00800,2023-12,2023-12,200.0,Pro,NA
C00800,2023-12,2024-01,200.0,Pro,NA
C00800,2023-12,2024-02,200.0,Pro,NA
C00800,2023-12,2024-03,200.0,Pro,NA
C00800,2023-12,2024-04,200.0,Pro,NA
C00800,2023-12,2024-05,200.0,Pro,NA
C00800,2023-12,2024-06,200.0,Pro,NA
C00800,2023-12,2024-07,240.0,Pro,NA
C00800,2023-12,2024-08,240.0,Pro,NA
C00800,2023-12,2024-09,240.0,Pro,NA
C00800,2023-12,2024-10,240.0,Pro,NA
C00800,2023-12,2024-11,240.0,Pro,NA
C00800,2023-12,2024-12,240.0,Pro,NA
C00801,2023-12,2023-12,50.0,Starter,NA
C00801,2023-12,2024-01,60.0,Starter,NA
C00801,2023-12,2024-02,60.0,Starter,NA
C00801,2023-12,2024-03,60.0,Starter,NA
C00801,2023-12,2024-04,72.0,Starter,NA
C00801,2023-12,2024-05,86.4,Starter,NA
C00801,2023-12,2024-06,86.4,Starter,NA
C00801,2023-12,2024-07,86.4,Starter,NA
C00801,2023-12,2024-08,86.4,Starter,NA
C00801,2023-12,2024-09,86.4,Starter,NA
C00802,2023-12,2023-12,800.0,Enterprise,NA
C00802,2023-12,2024-01,800.0,Enterprise,NA
C00802,2023-12,2024-02,800.0,Enterprise,NA
C00802,2023-12,2024-03,800.0,Enterprise,NA
C00802,2023-12,2024-04,800.0,Enterprise,NA
C00802,2023-12,2024-05,800.0,Enterprise,NA
C00802,2023-12,2024-06,960.0,Enterprise,NA
C00802,2023-12,2024-07,816.0,Enterprise,NA
C00802,2023-12,2024-08,979.2,Enterprise,NA
C00803,2023-12,2023-12,200.0,Pro,EMEA
C00803,2023-12,2024-01,200.0,Pro,EMEA
C00803,2023-12,2024-02,240.0,Pro,EMEA
C00803,2023-12,2024-03,288.0,Pro,EMEA
C00803,2023-12,2024-04,345.6,Pro,EMEA
C00803,2023-12,2024-05,345.6,Pro,EMEA
C00803,2023-12,2024-06,414.72,Pro,EMEA
C00803,2023-12,2024-07,414.72,Pro,EMEA
C00803,2023-12,2024-08,414.72,Pro,EMEA
C00803,2023-12,2024-09,414.72,Pro,EMEA
C00803,2023-12,2024-10,414.72,Pro,EMEA
C00803,2023-12,2024-11,414.72,Pro,EMEA
C00803,2023-12,2024-12,414.72,Pro,EMEA
C00804,2023-12,2023-12,200.0,Pro,NA
C00805,2023-12,2023-12,200.0,Pro,NA
C00805,2023-12,2024-01,200.0,Pro,NA
C00805,2023-12,2024-02,240.0,Pro,NA
C00805,2023-12,2024-03,240.0,Pro,NA
C00805,2023-12,2024-04,240.0,Pro,NA
C00805,2023-12,2024-05,240.0,Pro,NA
C00805,2023-12,2024-06,240.0,Pro,NA
C00805,2023-12,2024-07,240.0,Pro,NA
C00805,2023-12,2024-08,240.0,Pro,NA
C00805,2023-12,2024-09,240.0,Pro,NA
C00805,2023-12,2024-10,288.0,Pro,NA
C00805,2023-12,2024-11,345.6,Pro,NA
C00805,2023-12,2024-12,345.6,Pro,NA
C00806,2023-12,2023-12,200.0,Pro,LATAM
C00806,2023-12,2024-01,200.0,Pro,LATAM
C00806,2023-12,2024-02,170.0,Pro,LATAM
C00806,2023-12,2024-03,170.0,Pro,LATAM
C00806,2023-12,2024-04,170.0,Pro,LATAM
C00806,2023-12,2024-05,204.0,Pro,LATAM
C00806,2023-12,2024-06,244.8,Pro,LATAM
C00806,2023-12,2024-07,244.8,Pro,LATAM
C00806,2023-12,2024-08,244.8,Pro,LATAM
C00806,2023-12,2024-09,244.8,Pro,LATAM
C00806,2023-12,2024-10,293.76,Pro,LATAM
C00806,2023-12,2024-11,293.76,Pro,LATAM
C00806,2023-12,2024-12,293.76,Pro,LATAM
C00807,2023-12,2023-12,200.0,Pro,APAC
C00807,2023-12,2024-01,200.0,Pro,APAC
C00807,2023-12,2024-02,240.0,Pro,APAC
C00808,2023-12,2023-12,50.0,Starter,NA
C00808,2023-12,2024-01,50.0,Starter,NA
C00808,2023-12,2024-02,50.0,Starter,NA
C00808,2023-12,2024-03,50.0,Starter,NA
C00808,2023-12,2024-04,50.0,Starter,NA
C00808,2023-12,2024-05,50.0,Starter,NA
C00808,2023-12,2024-06,50.0,Starter,NA
C00808,2023-12,2024-07,50.0,Starter,NA
C00808,2023-12,2024-08,50.0,Starter,NA
C00808,2023-12,2024-09,50.0,Starter,NA
C00809,2023-12,2023-12,50.0,Starter,APAC
C00809,2023-12,2024-01,50.0,Starter,APAC
C00809,2023-12,2024-02,50.0,Starter,APAC
C00809,2023-12,2024-03,50.0,Starter,APAC
C00809,2023-12,2024-04,60.0,Starter,APAC
C00809,2023-12,2024-05,60.0,Starter,APAC
C00809,2023-12,2024-06,51.0,Starter,APAC
C00809,2023-12,2024-07,61.2,Starter,APAC
C00809,2023-12,2024-08,61.2,Starter,APAC
C00809,2023-12,2024-09,61.2,Starter,APAC
C00809,2023-12,2024-10,73.44,Starter,APAC
C00809,2023-12,2024-11,73.44,Starter,APAC
C00809,2023-12,2024-12,73.44,Starter,APAC
C00810,2023-12,2023-12,50.0,Starter,NA
C00810,2023-12,2024-01,60.0,Starter,NA
C00810,2023-12,2024-02,60.0,Starter,NA
C00810,2023-12,2024-03,60.0,Starter,NA
C00810,2023-12,2024-04,72.0,Starter,NA
C00810,2023-12,2024-05,72.0,Starter,NA
C00810,2023-12,2024-06,72.0,Starter,NA
C00810,2023-12,2024-07,86.4,Starter,NA
C00810,2023-12,2024-08,86.4,Starter,NA
C00810,2023-12,2024-09,103.68,Starter,NA
C00810,2023-12,2024-10,88.13,Starter,NA
C00810,2023-12,2024-11,88.13,Starter,NA
C00810,2023-12,2024-12,88.13,Starter,NA
C00811,2023-12,2023-12,50.0,Starter,APAC
C00811,2023-12,2024-01,50.0,Starter,APAC
C00811,2023-12,2024-02,50.0,Starter,APAC
C00811,2023-12,2024-03,50.0,Starter,APAC
C00811,2023-12,2024-04,50.0,Starter,APAC
C00811,2023-12,2024-05,50.0,Starter,APAC
C00811,2023-12,2024-06,50.0,Starter,APAC
C00811,2023-12,2024-07,50.0,Starter,APAC
C00811,2023-12,2024-08,50.0,Starter,APAC
C00811,2023-12,2024-09,50.0,Starter,APAC
C00811,2023-12,2024-10,50.0,Starter,APAC
C00811,2023-12,2024-11,50.0,Starter,APAC
C00811,2023-12,2024-12,50.0,Starter,APAC
C00812,2023-12,2023-12,50.0,Starter,NA
C00812,2023-12,2024-01,50.0,Starter,NA
C00812,2023-12,2024-02,60.0,Starter,NA
C00812,2023-12,2024-03,60.0,Starter,NA
C00812,2023-12,2024-04,60.0,Starter,NA
C00812,2023-12,2024-05,60.0,Starter,NA
C00812,2023-12,2024-06,60.0,Starter,NA
C00812,2023-12,2024-07,60.0,Starter,NA
C00812,2023-12,2024-08,60.0,Starter,NA
C00812,2023-12,2024-09,72.0,Starter,NA
C00812,2023-12,2024-10,72.0,Starter,NA
C00813,2023-12,2023-12,50.0,Starter,NA
C00813,2023-12,2024-01,50.0,Starter,NA
C00813,2023-12,2024-02,50.0,Starter,NA
C00814,2023-12,2023-12,200.0,Pro,APAC
C00814,2023-12,2024-01,200.0,Pro,APAC
C00814,2023-12,2024-02,200.0,Pro,APAC
C00814,2023-12,2024-03,200.0,Pro,APAC
C00814,2023-12,2024-04,200.0,Pro,APAC
C00814,2023-12,2024-05,200.0,Pro,APAC
C00814,2023-12,2024-06,240.0,Pro,APAC
C00814,2023-12,2024-07,240.0,Pro,APAC
C00814,2023-12,2024-08,240.0,Pro,APAC
C00814,2023-12,2024-09,240.0,Pro,APAC
C00814,2023-12,2024-10,240.0,Pro,APAC
C00814,2023-12,2024-11,240.0,Pro,APAC
C00814,2023-12,2024-12,240.0,Pro,APAC
C00815,2023-12,2023-12,50.0,Starter,LATAM
C00816,2023-12,2023-12,50.0,Starter,NA
C00816,2023-12,2024-01,50.0,Starter,NA
C00816,2023-12,2024-02,50.0,Starter,NA
C00816,2023-12,2024-03,50.0,Starter,NA
C00816,2023-12,2024-04,50.0,Starter,NA
C00816,2023-12,2024-05,60.0,Starter,NA
C00816,2023-12,2024-06,60.0,Starter,NA
C00816,2023-12,2024-07,60.0,Starter,NA
C00816,2023-12,2024-08,60.0,Starter,NA
C00816,2023-12,2024-09,60.0,Starter,NA
C00816,2023-12,2024-10,60.0,Starter,NA
C00816,2023-12,2024-11,60.0,Starter,NA
C00816,2023-12,2024-12,72.0,Starter,NA
C00817,2024-01,2024-01,200.0,Pro,NA
C00817,2024-01,2024-02,200.0,Pro,NA
C00817,2024-01,2024-03,240.0,Pro,NA
C00817,2024-01,2024-04,240.0,Pro,NA
C00817,2024-01,2024-05,240.0,Pro,NA
C00817,2024-01,2024-06,240.0,Pro,NA
C00817,2024-01,2024-07,240.0,Pro,NA
C00817,2024-01,2024-08,204.0,Pro,NA
C00817,2024-01,2024-09,244.8,Pro,NA
C00817,2024-01,2024-10,293.76,Pro,NA
C00817,2024-01,2024-11,249.7,Pro,NA
C00817,2024-01,2024-12,249.7,Pro,NA
C00818,2024-01,2024-01,800.0,Enterprise,NA
C00818,2024-01,2024-02,960.0,Enterprise,NA
C00818,2024-01,2024-03,960.0,Enterprise,NA
C00818,2024-01,2024-04,1152.0,Enterprise,NA
C00818,2024-01,2024-05,1152.0,Enterprise,NA
C00818,2024-01,2024-06,1382.4,Enterprise,NA
C00818,2024-01,2024-07,1382.4,Enterprise,NA
C00818,2024-01,2024-08,1175.04,Enterprise,NA
C00818,2024-01,2024-09,1175.04,Enterprise,NA
C00818,2024-01,2024-10,1175.04,Enterprise,NA
C00818,2024-01,2024-11,1410.05,Enterprise,NA
C00818,2024-01,2024-12,1410.05,Enterprise,NA
C00819,2024-01,2024-01,200.0,Pro,NA
C00819,2024-01,2024-02,200.0,Pro,NA
C00819,2024-01,2024-03,200.0,Pro,NA
C00819,2024-01,2024-04,200.0,Pro,NA
C00819,2024-01,2024-05,170.0,Pro,NA
C00819,2024-01,2024-06,204.0,Pro,NA
C00819,2024-01,2024-07,244.8,Pro,NA
C00819,2024-01,2024-08,244.8,Pro,NA
C00819,2024-01,2024-09,244.8,Pro,NA
C00819,2024-01,2024-10,293.76,Pro,NA
C00819,2024-01,2024-11,293.76,Pro,NA
C00819,2024-01,2024-12,293.76,Pro,NA
C00820,2024-01,2024-01,50.0,Starter,NA
C00820,2024-01,2024-02,60.0,Starter,NA
C00820,2024-01,2024-03,72.0,Starter,NA
C00820,2024-01,2024-04,72.0,Starter,NA
C00820,2024-01,2024-05,72.0,Starter,NA
C00820,2024-01,2024-06,72.0,Starter,NA
C00820,2024-01,2024-07,86.4,Starter,NA
C00820,2024-01,2024-08,86.4,Starter,NA
C00820,2024-01,2024-09,86.4,Starter,NA
C00820,2024-01,2024-10,86.4,Starter,NA
C00820,2024-01,2024-11,86.4,Starter,NA
C00820,2024-01,2024-12,86.4,Starter,NA
C00821,2024-01,2024-01,50.0,Starter,EMEA
C00822,2024-01,2024-01,200.0,Pro,NA
C00822,2024-01,2024-02,200.0,Pro,NA
C00822,2024-01,2024-03,200.0,Pro,NA
C00822,2024-01,2024-04,240.0,Pro,NA
C00822,2024-01,2024-05,240.0,Pro,NA
C00822,2024-01,2024-06,240.0,Pro,NA
C00822,2024-01,2024-07,288.0,Pro,NA
C00822,2024-01,2024-08,288.0,Pro,NA
C00822,2024-01,2024-09,345.6,Pro,NA
C00822,2024-01,2024-10,345.6,Pro,NA
C00822,2024-01,2024-11,345.6,Pro,NA
C00822,2024-01,2024-12,414.72,Pro,NA
C00823,2024-01,2024-01,50.0,Starter,APAC
C00823,2024-01,2024-02,50.0,Starter,APAC
C00823,2024-01,2024-03,60.0,Starter,APAC
C00823,2024-01,2024-04,60.0,Starter,APAC
C00824,2024-01,2024-01,50.0,Starter,NA
C00824,2024-01,2024-02,60.0,Starter,NA
C00824,2024-01,2024-03,60.0,Starter,NA
C00824,2024-01,2024-04,60.0,Starter,NA
C00824,2024-01,2024-05,72.0,Starter,NA
C00824,2024-01,2024-06,72.0,Starter,NA
C00824,2024-01,2024-07,72.0,Starter,NA
C00824,2024-01,2024-08,72.0,Starter,NA
C00824,2024-01,2024-09,72.0,Starter,NA
C00824,2024-01,2024-10,72.0,Starter,NA
C00824,2024-01,2024-11,72.0,Starter,NA
C00824,2024-01,2024-12,72.0,Starter,NA
C00825,2024-01,2024-01,200.0,Pro,EMEA
C00825,2024-01,2024-02,200.0,Pro,EMEA
C00825,2024-01,2024-03,240.0,Pro,EMEA
C00825,2024-01,2024-04,240.0,Pro,EMEA
C00825,2024-01,2024-05,240.0,Pro,EMEA
C00825,2024-01,2024-06,240.0,Pro,EMEA
C00825,2024-01,2024-07,240.0,Pro,EMEA
C00825,2024-01,2024-08,240.0,Pro,EMEA
C00825,2024-01,2024-09,240.0,Pro,EMEA
C00825,2024-01,2024-10,240.0,Pro,EMEA
C00825,2024-01,2024-11,240.0,Pro,EMEA
C00825,2024-01,2024-12,288.0,Pro,EMEA
C00826,2024-01,2024-01,200.0,Pro,LATAM
C00826,2024-01,2024-02,200.0,Pro,LATAM
C00826,2024-01,2024-03,200.0,Pro,LATAM
C00826,2024-01,2024-04,200.0,Pro,LATAM
C00826,2024-01,2024-05,200.0,Pro,LATAM
C00826,2024-01,2024-06,200.0,Pro,LATAM
C00826,2024-01,2024-07,200.0,Pro,LATAM
C00826,2024-01,2024-08,200.0,Pro,LATAM
C00826,2024-01,2024-09,240.0,Pro,LATAM
C00826,2024-01,2024-10,240.0,Pro,LATAM
C00826,2024-01,2024-11,240.0,Pro,LATAM
C00826,2024-01,2024-12,240.0,Pro,LATAM
C00827,2024-01,2024-01,50.0,Starter,APAC
C00827,2024-01,2024-02,50.0,Starter,APAC
C00827,2024-01,2024-03,50.0,Starter,APAC
C00827,2024-01,2024-04,50.0,Starter,APAC
C00827,2024-01,2024-05,50.0,Starter,APAC
C00827,2024-01,2024-06,50.0,Starter,APAC
C00827,2024-01,2024-07,60.0,Starter,APAC
C00827,2024-01,2024-08,60.0,Starter,APAC
C00827,2024-01,2024-09,51.0,Starter,APAC
C00827,2024-01,2024-10,61.2,Starter,APAC
C00827,2024-01,2024-11,73.44,Starter,APAC
C00827,2024-01,2024-12,73.44,Starter,APAC
C00828,2024-01,2024-01,50.0,Starter,NA
C00828,2024-01,2024-02,50.0,Starter,NA
C00828,2024-01,2024-03,42.5,Starter,NA
C00828,2024-01,2024-04,42.5,Starter,NA
C00828,2024-01,2024-05,42.5,Starter,NA
C00828,2024-01,2024-06,42.5,Starter,NA
C00828,2024-01,2024-07,42.5,Starter,NA
C00828,2024-01,2024-08,42.5,Starter,NA
C00828,2024-01,2024-09,42.5,Starter,NA
C00828,2024-01,2024-10,42.5,Starter,NA
C00828,2024-01,2024-11,42.5,Starter,NA
C00828,2024-01,2024-12,51.0,Starter,NA
C00829,2024-01,2024-01,200.0,Pro,EMEA
C00829,2024-01,2024-02,200.0,Pro,EMEA
C00829,2024-01,2024-03,200.0,Pro,EMEA
C00829,2024-01,2024-04,200.0,Pro,EMEA
C00829,2024-01,2024-05,200.0,Pro,EMEA
C00829,2024-01,2024-06,200.0,Pro,EMEA
C00829,2024-01,2024-07,200.0,Pro,EMEA
C00829,2024-01,2024-08,200.0,Pro,EMEA
C00829,2024-01,2024-09,200.0,Pro,EMEA
C00829,2024-01,2024-10,200.0,Pro,EMEA
C00829,2024-01,2024-11,170.0,Pro,EMEA
C00829,2024-01,2024-12,170.0,Pro,EMEA
C00830,2024-01,2024-01,200.0,Pro,NA
C00830,2024-01,2024-02,200.0,Pro,NA
C00830,2024-01,2024-03,200.0,Pro,NA
C00830,2024-01,2024-04,200.0,Pro,NA
C00830,2024-01,2024-05,200.0,Pro,NA
C00830,2024-01,2024-06,200.0,Pro,NA
C00830,2024-01,2024-07,200.0,Pro,NA
C00830,2024-01,2024-08,200.0,Pro,NA
C00830,2024-01,2024-09,200.0,Pro,NA
C00830,2024-01,2024-10,200.0,Pro,NA
C00830,2024-01,2024-11,200.0,Pro,NA
C00830,2024-01,2024-12,200.0,Pro,NA
C00831,2024-01,2024-01,50.0,Starter,EMEA
C00831,2024-01,2024-02,60.0,Starter,EMEA
C00831,2024-01,2024-03,60.0,Starter,EMEA
C00831,2024-01,2024-04,60.0,Starter,EMEA
C00831,2024-01,2024-05,60.0,Starter,EMEA
C00831,2024-01,2024-06,60.0,Starter,EMEA
C00831,2024-01,2024-07,60.0,Starter,EMEA
C00831,2024-01,2024-08,60.0,Starter,EMEA
C00831,2024-01,2024-09,60.0,Starter,EMEA
C00831,2024-01,2024-10,60.0,Starter,EMEA
C00831,2024-01,2024-11,60.0,Starter,EMEA
C00831,2024-01,2024-12,72.0,Starter,EMEA
C00832,2024-01,2024-01,50.0,Starter,LATAM
C00833,2024-01,2024-01,200.0,Pro,NA
C00833,2024-01,2024-02,200.0,Pro,NA
C00833,2024-01,2024-03,200.0,Pro,NA
C00833,2024-01,2024-04,240.0,Pro,NA
C00833,2024-01,2024-05,240.0,Pro,NA
C00833,2024-01,2024-06,204.0,Pro,NA
C00833,2024-01,2024-07,244.8,Pro,NA
C00833,2024-01,2024-08,244.8,Pro,NA
C00833,2024-01,2024-09,244.8,Pro,NA
C00833,2024-01,2024-10,244.8,Pro,NA
C00833,2024-01,2024-11,244.8,Pro,NA
C00833,2024-01,2024-12,244.8,Pro,NA
C00834,2024-01,2024-01,200.0,Pro,NA
C00834,2024-01,2024-02,200.0,Pro,NA
C00834,2024-01,2024-03,200.0,Pro,NA
C00834,2024-01,2024-04,200.0,Pro,NA
C00834,2024-01,2024-05,200.0,Pro,NA
C00834,2024-01,2024-06,200.0,Pro,NA
C00834,2024-01,2024-07,200.0,Pro,NA
C00834,2024-01,2024-08,200.0,Pro,NA
C00834,2024-01,2024-09,200.0,Pro,NA
C00834,2024-01,2024-10,170.0,Pro,NA
C00834,2024-01,2024-11,170.0,Pro,NA
C00834,2024-01,2024-12,170.0,Pro,NA
C00835,2024-01,2024-01,200.0,Pro,NA
C00835,2024-01,2024-02,200.0,Pro,NA
C00835,2024-01,2024-03,200.0,Pro,NA
C00835,2024-01,2024-04,200.0,Pro,NA
C00835,2024-01,2024-05,240.0,Pro,NA
C00835,2024-01,2024-06,240.0,Pro,NA
C00835,2024-01,2024-07,240.0,Pro,NA
C00835,2024-01,2024-08,288.0,Pro,NA
C00835,2024-01,2024-09,244.8,Pro,NA
C00835,2024-01,2024-10,293.76,Pro,NA
C00835,2024-01,2024-11,352.51,Pro,NA
C00835,2024-01,2024-12,352.51,Pro,NA
C00836,2024-01,2024-01,50.0,Starter,APAC
C00836,2024-01,2024-02,50.0,Starter,APAC
C00836,2024-01,2024-03,50.0,Starter,APAC
C00836,2024-01,2024-04,50.0,Starter,APAC
C00836,2024-01,2024-05,50.0,Starter,APAC
C00836,2024-01,2024-06,50.0,Starter,APAC
C00836,2024-01,2024-07,60.0,Starter,APAC
C00836,2024-01,2024-08,60.0,Starter,APAC
C00836,2024-01,2024-09,72.0,Starter,APAC
C00836,2024-01,2024-10,72.0,Starter,APAC
C00836,2024-01,2024-11,72.0,Starter,APAC
C00836,2024-01,2024-12,72.0,Starter,APAC
C00837,2024-01,2024-01,200.0,Pro,NA
C00837,2024-01,2024-02,200.0,Pro,NA
C00837,2024-01,2024-03,200.0,Pro,NA
C00837,2024-01,2024-04,200.0,Pro,NA
C00837,2024-01,2024-05,240.0,Pro,NA
C00837,2024-01,2024-06,288.0,Pro,NA
C00837,2024-01,2024-07,288.0,Pro,NA
C00837,2024-01,2024-08,288.0,Pro,NA
C00837,2024-01,2024-09,288.0,Pro,NA
C00837,2024-01,2024-10,288.0,Pro,NA
C00837,2024-01,2024-11,345.6,Pro,NA
C00837,2024-01,2024-12,345.6,Pro,NA
C00838,2024-01,2024-01,200.0,Pro,NA
C00838,2024-01,2024-02,200.0,Pro,NA
C00838,2024-01,2024-03,200.0,Pro,NA
C00838,2024-01,2024-04,200.0,Pro,NA
C00839,2024-01,2024-01,50.0,Starter,LATAM
C00839,2024-01,2024-02,50.0,Starter,LATAM
C00839,2024-01,2024-03,60.0,Starter,LATAM
C00839,2024-01,2024-04,60.0,Starter,LATAM
C00839,2024-01,2024-05,60.0,Starter,LATAM
C00839,2024-01,2024-06,60.0,Starter,LATAM
C00839,2024-01,2024-07,60.0,Starter,LATAM
C00839,2024-01,2024-08,60.0,Starter,LATAM
C00839,2024-01,2024-09,60.0,Starter,LATAM
C00839,2024-01,2024-10,72.0,Starter,LATAM
C00839,2024-01,2024-11,86.4,Starter,LATAM
C00839,2024-01,2024-12,86.4,Starter,LATAM
C00840,2024-01,2024-01,200.0,Pro,NA
C00840,2024-01,2024-02,240.0,Pro,NA
C00840,2024-01,2024-03,288.0,Pro,NA
C00840,2024-01,2024-04,288.0,Pro,NA
C00840,2024-01,2024-05,288.0,Pro,NA
C00840,2024-01,2024-06,288.0,Pro,NA
C00840,2024-01,2024-07,288.0,Pro,NA
C00840,2024-01,2024-08,288.0,Pro,NA
C00840,2024-01,2024-09,288.0,Pro,NA
C00840,2024-01,2024-10,288.0,Pro,NA
C00840,2024-01,2024-11,288.0,Pro,NA
C00840,2024-01,2024-12,288.0,Pro,NA
C00841,2024-01,2024-01,200.0,Pro,EMEA
C00841,2024-01,2024-02,200.0,Pro,EMEA
C00841,2024-01,2024-03,200.0,Pro,EMEA
C00841,2024-01,2024-04,170.0,Pro,EMEA
C00841,2024-01,2024-05,170.0,Pro,EMEA
C00841,2024-01,2024-06,170.0,Pro,EMEA
C00841,2024-01,2024-07,170.0,Pro,EMEA
C00841,2024-01,2024-08,170.0,Pro,EMEA
C00841,2024-01,2024-09,170.0,Pro,EMEA
C00841,2024-01,2024-10,170.0,Pro,EMEA
C00841,2024-01,2024-11,204.0,Pro,EMEA
C00841,2024-01,2024-12,204.0,Pro,EMEA
C00842,2024-01,2024-01,200.0,Pro,LATAM
C00842,2024-01,2024-02,170.0,Pro,LATAM
C00842,2024-01,2024-03,170.0,Pro,LATAM
C00842,2024-01,2024-04,144.5,Pro,LATAM
C00842,2024-01,2024-05,144.5,Pro,LATAM
C00842,2024-01,2024-06,144.5,Pro,LATAM
C00842,2024-01,2024-07,144.5,Pro,LATAM
C00842,2024-01,2024-08,144.5,Pro,LATAM
C00842,2024-01,2024-09,144.5,Pro,LATAM
C00842,2024-01,2024-10,144.5,Pro,LATAM
C00842,2024-01,2024-11,122.83,Pro,LATAM
C00842,2024-01,2024-12,122.83,Pro,LATAM
C00843,2024-01,2024-01,50.0,Starter,NA
C00843,2024-01,2024-02,50.0,Starter,NA
C00843,2024-01,2024-03,50.0,Starter,NA
C00843,2024-01,2024-04,50.0,Starter,NA
C00843,2024-01,2024-05,50.0,Starter,NA
C00843,2024-01,2024-06,50.0,Starter,NA
C00843,2024-01,2024-07,50.0,Starter,NA
C00843,2024-01,2024-08,50.0,Starter,NA
C00843,2024-01,2024-09,50.0,Starter,NA
C00843,2024-01,2024-10,50.0,Starter,NA
C00843,2024-01,2024-11,50.0,Starter,NA
C00843,2024-01,2024-12,60.0,Starter,NA
C00844,2024-01,2024-01,200.0,Pro,NA
C00844,2024-01,2024-02,200.0,Pro,NA
C00844,2024-01,2024-03,200.0,Pro,NA
C00844,2024-01,2024-04,240.0,Pro,NA
C00844,2024-01,2024-05,240.0,Pro,NA
C00844,2024-01,2024-06,240.0,Pro,NA
C00844,2024-01,2024-07,240.0,Pro,NA
C00844,2024-01,2024-08,288.0,Pro,NA
C00844,2024-01,2024-09,288.0,Pro,NA
C00844,2024-01,2024-10,345.6,Pro,NA
C00844,2024-01,2024-11,345.6,Pro,NA
C00844,2024-01,2024-12,345.6,Pro,NA
C00845,2024-01,2024-01,50.0,Starter,LATAM
C00845,2024-01,2024-02,50.0,Starter,LATAM
C00845,2024-01,2024-03,50.0,Starter,LATAM
C00845,2024-01,2024-04,50.0,Starter,LATAM
C00846,2024-01,2024-01,50.0,Starter,NA
C00846,2024-01,2024-02,50.0,Starter,NA
C00846,2024-01,2024-03,50.0,Starter,NA
C00846,2024-01,2024-04,50.0,Starter,NA
C00846,2024-01,2024-05,60.0,Starter,NA
C00846,2024-01,2024-06,51.0,Starter,NA
C00846,2024-01,2024-07,51.0,Starter,NA
C00846,2024-01,2024-08,51.0,Starter,NA
C00846,2024-01,2024-09,61.2,Starter,NA
C00846,2024-01,2024-10,61.2,Starter,NA
C00846,2024-01,2024-11,52.02,Starter,NA
C00846,2024-01,2024-12,52.02,Starter,NA
C00847,2024-01,2024-01,50.0,Starter,NA
C00848,2024-01,2024-01,800.0,Enterprise,EMEA
C00848,2024-01,2024-02,800.0,Enterprise,EMEA
C00849,2024-01,2024-01,200.0,Pro,EMEA
C00849,2024-01,2024-02,240.0,Pro,EMEA
C00849,2024-01,2024-03,240.0,Pro,EMEA
C00849,2024-01,2024-04,288.0,Pro,EMEA
C00849,2024-01,2024-05,345.6,Pro,EMEA
C00849,2024-01,2024-06,345.6,Pro,EMEA
C00849,2024-01,2024-07,345.6,Pro,EMEA
C00849,2024-01,2024-08,345.6,Pro,EMEA
C00849,2024-01,2024-09,345.6,Pro,EMEA
C00849,2024-01,2024-10,345.6,Pro,EMEA
C00849,2024-01,2024-11,345.6,Pro,EMEA
C00849,2024-01,2024-12,345.6,Pro,EMEA
C00850,2024-01,2024-01,50.0,Starter,EMEA
C00850,2024-01,2024-02,50.0,Starter,EMEA
C00850,2024-01,2024-03,50.0,Starter,EMEA
C00850,2024-01,2024-04,60.0,Starter,EMEA
C00850,2024-01,2024-05,72.0,Starter,EMEA
C00850,2024-01,2024-06,72.0,Starter,EMEA
C00850,2024-01,2024-07,86.4,Starter,EMEA
C00850,2024-01,2024-08,103.68,Starter,EMEA
C00850,2024-01,2024-09,103.68,Starter,EMEA
C00850,2024-01,2024-10,103.68,Starter,EMEA
C00850,2024-01,2024-11,103.68,Starter,EMEA
C00850,2024-01,2024-12,103.68,Starter,EMEA
C00851,2024-01,2024-01,800.0,Enterprise,APAC
C00851,2024-01,2024-02,960.0,Enterprise,APAC
C00851,2024-01,2024-03,960.0,Enterprise,APAC
C00851,2024-01,2024-04,960.0,Enterprise,APAC
C00851,2024-01,2024-05,960.0,Enterprise,APAC
C00851,2024-01,2024-06,1152.0,Enterprise,APAC
C00851,2024-01,2024-07,1382.4,Enterprise,APAC
C00851,2024-01,2024-08,1382.4,Enterprise,APAC
C00851,2024-01,2024-09,1382.4,Enterprise,APAC
C00851,2024-01,2024-10,1382.4,Enterprise,APAC
C00851,2024-01,2024-11,1382.4,Enterprise,APAC
C00851,2024-01,2024-12,1382.4,Enterprise,APAC
C00852,2024-01,2024-01,200.0,Pro,EMEA
C00852,2024-01,2024-02,200.0,Pro,EMEA
C00852,2024-01,2024-03,200.0,Pro,EMEA
C00852,2024-01,2024-04,200.0,Pro,EMEA
C00852,2024-01,2024-05,200.0,Pro,EMEA
C00852,2024-01,2024-06,200.0,Pro,EMEA
C00852,2024-01,2024-07,240.0,Pro,EMEA
C00852,2024-01,2024-08,288.0,Pro,EMEA
C00852,2024-01,2024-09,288.0,Pro,EMEA
C00852,2024-01,2024-10,288.0,Pro,EMEA
C00852,2024-01,2024-11,244.8,Pro,EMEA
C00852,2024-01,2024-12,244.8,Pro,EMEA
C00853,2024-01,2024-01,200.0,Pro,LATAM
C00853,2024-01,2024-02,200.0,Pro,LATAM
C00853,2024-01,2024-03,240.0,Pro,LATAM
C00853,2024-01,2024-04,240.0,Pro,LATAM
C00853,2024-01,2024-05,240.0,Pro,LATAM
C00853,2024-01,2024-06,240.0,Pro,LATAM
C00853,2024-01,2024-07,240.0,Pro,LATAM
C00853,2024-01,2024-08,240.0,Pro,LATAM
C00853,2024-01,2024-09,240.0,Pro,LATAM
C00853,2024-01,2024-10,240.0,Pro,LATAM
C00853,2024-01,2024-11,240.0,Pro,LATAM
C00853,2024-01,2024-12,240.0,Pro,LATAM
C00854,2024-01,2024-01,50.0,Starter,APAC
C00854,2024-01,2024-02,50.0,Starter,APAC
C00854,2024-01,2024-03,50.0,Starter,APAC
C00854,2024-01,2024-04,50.0,Starter,APAC
C00854,2024-01,2024-05,50.0,Starter,APAC
C00854,2024-01,2024-06,50.0,Starter,APAC
C00854,2024-01,2024-07,50.0,Starter,APAC
C00854,2024-01,2024-08,50.0,Starter,APAC
C00854,2024-01,2024-09,50.0,Starter,APAC
C00854,2024-01,2024-10,50.0,Starter,APAC
C00854,2024-01,2024-11,50.0,Starter,APAC
C00854,2024-01,2024-12,60.0,Starter,APAC
C00855,2024-01,2024-01,800.0,Enterprise,APAC
C00855,2024-01,2024-02,960.0,Enterprise,APAC
C00855,2024-01,2024-03,960.0,Enterprise,APAC
C00855,2024-01,2024-04,960.0,Enterprise,APAC
C00855,2024-01,2024-05,960.0,Enterprise,APAC
C00855,2024-01,2024-06,1152.0,Enterprise,APAC
C00855,2024-01,2024-07,1152.0,Enterprise,APAC
C00855,2024-01,2024-08,1152.0,Enterprise,APAC
C00855,2024-01,2024-09,1382.4,Enterprise,APAC
C00855,2024-01,2024-10,1382.4,Enterprise,APAC
C00855,2024-01,2024-11,1658.88,Enterprise,APAC
C00855,2024-01,2024-12,1658.88,Enterprise,APAC
C00856,2024-01,2024-01,200.0,Pro,NA
C00856,2024-01,2024-02,200.0,Pro,NA
C00856,2024-01,2024-03,200.0,Pro,NA
C00856,2024-01,2024-04,240.0,Pro,NA
C00856,2024-01,2024-05,240.0,Pro,NA
C00856,2024-01,2024-06,288.0,Pro,NA
C00856,2024-01,2024-07,288.0,Pro,NA
C00856,2024-01,2024-08,288.0,Pro,NA
C00856,2024-01,2024-09,288.0,Pro,NA
C00856,2024-01,2024-10,288.0,Pro,NA
C00856,2024-01,2024-11,345.6,Pro,NA
C00856,2024-01,2024-12,345.6,Pro,NA
C00857,2024-01,2024-01,200.0,Pro,NA
C00857,2024-01,2024-02,240.0,Pro,NA
C00857,2024-01,2024-03,240.0,Pro,NA
C00857,2024-01,2024-04,240.0,Pro,NA
C00857,2024-01,2024-05,240.0,Pro,NA
C00857,2024-01,2024-06,240.0,Pro,NA
C00857,2024-01,2024-07,240.0,Pro,NA
C00857,2024-01,2024-08,240.0,Pro,NA
C00857,2024-01,2024-09,240.0,Pro,NA
C00857,2024-01,2024-10,288.0,Pro,NA
C00857,2024-01,2024-11,288.0,Pro,NA
C00857,2024-01,2024-12,345.6,Pro,NA
C00858,2024-01,2024-01,50.0,Starter,APAC
C00858,2024-01,2024-02,60.0,Starter,APAC
C00858,2024-01,2024-03,60.0,Starter,APAC
C00858,2024-01,2024-04,60.0,Starter,APAC
C00858,2024-01,2024-05,60.0,Starter,APAC
C00858,2024-01,2024-06,60.0,Starter,APAC
C00858,2024-01,2024-07,60.0,Starter,APAC
C00858,2024-01,2024-08,60.0,Starter,APAC
C00858,2024-01,2024-09,60.0,Starter,APAC
C00858,2024-01,2024-10,60.0,Starter,APAC
C00858,2024-01,2024-11,60.0,Starter,APAC
C00858,2024-01,2024-12,60.0,Starter,APAC
C00859,2024-01,2024-01,50.0,Starter,NA
C00859,2024-01,2024-02,50.0,Starter,NA
C00859,2024-01,2024-03,60.0,Starter,NA
C00859,2024-01,2024-04,72.0,Starter,NA
C00859,2024-01,2024-05,72.0,Starter,NA
C00859,2024-01,2024-06,86.4,Starter,NA
C00859,2024-01,2024-07,86.4,Starter,NA
C00859,2024-01,2024-08,86.4,Starter,NA
C00859,2024-01,2024-09,103.68,Starter,NA
C00859,2024-01,2024-10,103.68,Starter,NA
C00859,2024-01,2024-11,103.68,Starter,NA
C00859,2024-01,2024-12,103.68,Starter,NA
C00860,2024-01,2024-01,50.0,Starter,EMEA
C00860,2024-01,2024-02,50.0,Starter,EMEA
C00860,2024-01,2024-03,50.0,Starter,EMEA
C00860,2024-01,2024-04,50.0,Starter,EMEA
C00860,2024-01,2024-05,60.0,Starter,EMEA
C00860,2024-01,2024-06,72.0,Starter,EMEA
C00860,2024-01,2024-07,72.0,Starter,EMEA
C00860,2024-01,2024-08,72.0,Starter,EMEA
C00860,2024-01,2024-09,72.0,Starter,EMEA
C00860,2024-01,2024-10,72.0,Starter,EMEA
C00860,2024-01,2024-11,86.4,Starter,EMEA
C00860,2024-01,2024-12,86.4,Starter,EMEA
C00861,2024-01,2024-01,200.0,Pro,LATAM
C00861,2024-01,2024-02,200.0,Pro,LATAM
C00861,2024-01,2024-03,200.0,Pro,LATAM
C00861,2024-01,2024-04,200.0,Pro,LATAM
C00861,2024-01,2024-05,200.0,Pro,LATAM
C00861,2024-01,2024-06,240.0,Pro,LATAM
C00861,2024-01,2024-07,240.0,Pro,LATAM
C00861,2024-01,2024-08,240.0,Pro,LATAM
C00861,2024-01,2024-09,240.0,Pro,LATAM
C00861,2024-01,2024-10,240.0,Pro,LATAM
C00861,2024-01,2024-11,240.0,Pro,LATAM
C00861,2024-01,2024-12,240.0,Pro,LATAM
C00862,2024-01,2024-01,200.0,Pro,NA
C00862,2024-01,2024-02,200.0,Pro,NA
C00862,2024-01,2024-03,240.0,Pro,NA
C00862,2024-01,2024-04,240.0,Pro,NA
C00862,2024-01,2024-05,240.0,Pro,NA
C00862,2024-01,2024-06,240.0,Pro,NA
C00862,2024-01,2024-07,288.0,Pro,NA
C00862,2024-01,2024-08,345.6,Pro,NA
C00862,2024-01,2024-09,345.6,Pro,NA
C00862,2024-01,2024-10,414.72,Pro,NA
C00862,2024-01,2024-11,352.51,Pro,NA
C00862,2024-01,2024-12,352.51,Pro,NA
C00863,2024-01,2024-01,50.0,Starter,APAC
C00863,2024-01,2024-02,60.0,Starter,APAC
C00863,2024-01,2024-03,60.0,Starter,APAC
C00863,2024-01,2024-04,72.0,Starter,APAC
C00863,2024-01,2024-05,86.4,Starter,APAC
C00863,2024-01,2024-06,103.68,Starter,APAC
C00863,2024-01,2024-07,124.42,Starter,APAC
C00863,2024-01,2024-08,124.42,Starter,APAC
C00863,2024-01,2024-09,124.42,Starter,APAC
C00863,2024-01,2024-10,124.42,Starter,APAC
C00863,2024-01,2024-11,124.42,Starter,APAC
C00863,2024-01,2024-12,124.42,Starter,APAC
C00864,2024-01,2024-01,50.0,Starter,APAC
C00864,2024-01,2024-02,50.0,Starter,APAC
C00864,2024-01,2024-03,50.0,Starter,APAC
C00864,2024-01,2024-04,50.0,Starter,APAC
C00864,2024-01,2024-05,50.0,Starter,APAC
C00864,2024-01,2024-06,60.0,Starter,APAC
C00864,2024-01,2024-07,60.0,Starter,APAC
C00864,2024-01,2024-08,60.0,Starter,APAC
C00865,2024-01,2024-01,800.0,Enterprise,EMEA
C00865,2024-01,2024-02,800.0,Enterprise,EMEA
C00865,2024-01,2024-03,800.0,Enterprise,EMEA
C00865,2024-01,2024-04,800.0,Enterprise,EMEA
C00865,2024-01,2024-05,800.0,Enterprise,EMEA
C00866,2024-01,2024-01,50.0,Starter,NA
C00866,2024-01,2024-02,50.0,Starter,NA
C00866,2024-01,2024-03,50.0,Starter,NA
C00866,2024-01,2024-04,60.0,Starter,NA
C00866,2024-01,2024-05,60.0,Starter,NA
C00866,2024-01,2024-06,60.0,Starter,NA
C00866,2024-01,2024-07,60.0,Starter,NA
C00866,2024-01,2024-08,72.0,Starter,NA
C00866,2024-01,2024-09,61.2,Starter,NA
C00866,2024-01,2024-10,61.2,Starter,NA
C00867,2024-01,2024-01,200.0,Pro,EMEA
C00867,2024-01,2024-02,200.0,Pro,EMEA
C00867,2024-01,2024-03,200.0,Pro,EMEA
C00867,2024-01,2024-04,200.0,Pro,EMEA
C00867,2024-01,2024-05,200.0,Pro,EMEA
C00867,2024-01,2024-06,200.0,Pro,EMEA
C00867,2024-01,2024-07,200.0,Pro,EMEA
C00867,2024-01,2024-08,240.0,Pro,EMEA
C00867,2024-01,2024-09,240.0,Pro,EMEA
C00867,2024-01,2024-10,240.0,Pro,EMEA
C00867,2024-01,2024-11,240.0,Pro,EMEA
C00867,2024-01,2024-12,240.0,Pro,EMEA
C00868,2024-01,2024-01,200.0,Pro,NA
C00868,2024-01,2024-02,200.0,Pro,NA
C00868,2024-01,2024-03,200.0,Pro,NA
C00868,2024-01,2024-04,200.0,Pro,NA
C00868,2024-01,2024-05,200.0,Pro,NA
C00868,2024-01,2024-06,200.0,Pro,NA
C00868,2024-01,2024-07,240.0,Pro,NA
C00868,2024-01,2024-08,240.0,Pro,NA
C00868,2024-01,2024-09,240.0,Pro,NA
C00868,2024-01,2024-10,240.0,Pro,NA
C00868,2024-01,2024-11,240.0,Pro,NA
C00868,2024-01,2024-12,240.0,Pro,NA
C00869,2024-01,2024-01,50.0,Starter,NA
C00869,2024-01,2024-02,50.0,Starter,NA
C00869,2024-01,2024-03,50.0,Starter,NA
C00869,2024-01,2024-04,60.0,Starter,NA
C00869,2024-01,2024-05,60.0,Starter,NA
C00869,2024-01,2024-06,60.0,Starter,NA
C00869,2024-01,2024-07,72.0,Starter,NA
C00869,2024-01,2024-08,86.4,Starter,NA
C00869,2024-01,2024-09,86.4,Starter,NA
C00869,2024-01,2024-10,86.4,Starter,NA
C00869,2024-01,2024-11,86.4,Starter,NA
C00869,2024-01,2024-12,86.4,Starter,NA
C00870,2024-01,2024-01,200.0,Pro,EMEA
C00870,2024-01,2024-02,200.0,Pro,EMEA
C00870,2024-01,2024-03,240.0,Pro,EMEA
C00870,2024-01,2024-04,240.0,Pro,EMEA
C00870,2024-01,2024-05,240.0,Pro,EMEA
C00870,2024-01,2024-06,288.0,Pro,EMEA
C00870,2024-01,2024-07,345.6,Pro,EMEA
C00870,2024-01,2024-08,345.6,Pro,EMEA
C00870,2024-01,2024-09,414.72,Pro,EMEA
C00870,2024-01,2024-10,414.72,Pro,EMEA
C00870,2024-01,2024-11,414.72,Pro,EMEA
C00870,2024-01,2024-12,414.72,Pro,EMEA
C00871,2024-01,2024-01,50.0,Starter,NA
C00872,2024-01,2024-01,50.0,Starter,NA
C00872,2024-01,2024-02,50.0,Starter,NA
C00872,2024-01,2024-03,60.0,Starter,NA
C00872,2024-01,2024-04,60.0,Starter,NA
C00872,2024-01,2024-05,60.0,Starter,NA
C00872,2024-01,2024-06,60.0,Starter,NA
C00872,2024-01,2024-07,60.0,Starter,NA
C00872,2024-01,2024-08,72.0,Starter,NA
C00872,2024-01,2024-09,72.0,Starter,NA
C00872,2024-01,2024-10,72.0,Starter,NA
C00872,2024-01,2024-11,72.0,Starter,NA
C00872,2024-01,2024-12,72.0,Starter,NA
C00873,2024-01,2024-01,50.0,Starter,NA
C00873,2024-01,2024-02,50.0,Starter,NA
C00873,2024-01,2024-03,50.0,Starter,NA
C00873,2024-01,2024-04,60.0,Starter,NA
C00873,2024-01,2024-05,60.0,Starter,NA
C00873,2024-01,2024-06,60.0,Starter,NA
C00873,2024-01,2024-07,60.0,Starter,NA
C00873,2024-01,2024-08,60.0,Starter,NA
C00873,2024-01,2024-09,60.0,Starter,NA
C00873,2024-01,2024-10,72.0,Starter,NA
C00873,2024-01,2024-11,72.0,Starter,NA
C00873,2024-01,2024-12,86.4,Starter,NA
C00874,2024-01,2024-01,50.0,Starter,EMEA
C00874,2024-01,2024-02,50.0,Starter,EMEA
C00874,2024-01,2024-03,50.0,Starter,EMEA
C00874,2024-01,2024-04,50.0,Starter,EMEA
C00874,2024-01,2024-05,50.0,Starter,EMEA
C00874,2024-01,2024-06,50.0,Starter,EMEA
C00874,2024-01,2024-07,50.0,Starter,EMEA
C00874,2024-01,2024-08,60.0,Starter,EMEA
C00874,2024-01,2024-09,72.0,Starter,EMEA
C00874,2024-01,2024-10,72.0,Starter,EMEA
C00874,2024-01,2024-11,86.4,Starter,EMEA
C00874,2024-01,2024-12,86.4,Starter,EMEA
C00875,2024-01,2024-01,200.0,Pro,NA
C00875,2024-01,2024-02,200.0,Pro,NA
C00875,2024-01,2024-03,200.0,Pro,NA
C00875,2024-01,2024-04,240.0,Pro,NA
C00875,2024-01,2024-05,288.0,Pro,NA
C00875,2024-01,2024-06,288.0,Pro,NA
C00875,2024-01,2024-07,288.0,Pro,NA
C00875,2024-01,2024-08,288.0,Pro,NA
C00875,2024-01,2024-09,345.6,Pro,NA
C00875,2024-01,2024-10,345.6,Pro,NA
C00875,2024-01,2024-11,345.6,Pro,NA
C00875,2024-01,2024-12,345.6,Pro,NA
C00876,2024-01,2024-01,200.0,Pro,EMEA
C00876,2024-01,2024-02,200.0,Pro,EMEA
C00876,2024-01,2024-03,240.0,Pro,EMEA
C00877,2024-01,2024-01,800.0,Enterprise,NA
C00877,2024-01,2024-02,960.0,Enterprise,NA
C00877,2024-01,2024-03,960.0,Enterprise,NA
C00877,2024-01,2024-04,1152.0,Enterprise,NA
C00877,2024-01,2024-05,1152.0,Enterprise,NA
C00877,2024-01,2024-06,1152.0,Enterprise,NA
C00877,2024-01,2024-07,1152.0,Enterprise,NA
C00877,2024-01,2024-08,1152.0,Enterprise,NA
C00877,2024-01,2024-09,1382.4,Enterprise,NA
C00877,2024-01,2024-10,1382.4,Enterprise,NA
C00877,2024-01,2024-11,1382.4,Enterprise,NA
C00877,2024-01,2024-12,1382.4,Enterprise,NA
C00878,2024-01,2024-01,50.0,Starter,EMEA
C00878,2024-01,2024-02,50.0,Starter,EMEA
C00878,2024-01,2024-03,60.0,Starter,EMEA
C00878,2024-01,2024-04,51.0,Starter,EMEA
C00878,2024-01,2024-05,51.0,Starter,EMEA
C00879,2024-01,2024-01,50.0,Starter,NA
C00879,2024-01,2024-02,50.0,Starter,NA
C00879,2024-01,2024-03,50.0,Starter,NA
C00879,2024-01,2024-04,50.0,Starter,NA
C00879,2024-01,2024-05,50.0,Starter,NA
C00879,2024-01,2024-06,42.5,Starter,NA
C00879,2024-01,2024-07,42.5,Starter,NA
C00879,2024-01,2024-08,42.5,Starter,NA
C00879,2024-01,2024-09,42.5,Starter,NA
C00879,2024-01,2024-10,42.5,Starter,NA
C00879,2024-01,2024-11,42.5,Starter,NA
C00879,2024-01,2024-12,42.5,Starter,NA
C00880,2024-01,2024-01,50.0,Starter,NA
C00880,2024-01,2024-02,50.0,Starter,NA
C00880,2024-01,2024-03,50.0,Starter,NA
C00880,2024-01,2024-04,60.0,Starter,NA
C00880,2024-01,2024-05,60.0,Starter,NA
C00880,2024-01,2024-06,60.0,Starter,NA
C00880,2024-01,2024-07,60.0,Starter,NA
C00880,2024-01,2024-08,60.0,Starter,NA
C00880,2024-01,2024-09,60.0,Starter,NA
C00880,2024-01,2024-10,60.0,Starter,NA
C00880,2024-01,2024-11,60.0,Starter,NA
C00880,2024-01,2024-12,60.0,Starter,NA
C00881,2024-01,2024-01,200.0,Pro,NA
C00881,2024-01,2024-02,200.0,Pro,NA
C00881,2024-01,2024-03,200.0,Pro,NA
C00881,2024-01,2024-04,240.0,Pro,NA
C00881,2024-01,2024-05,240.0,Pro,NA
C00881,2024-01,2024-06,288.0,Pro,NA
C00881,2024-01,2024-07,345.6,Pro,NA
C00881,2024-01,2024-08,345.6,Pro,NA
C00881,2024-01,2024-09,345.6,Pro,NA
C00881,2024-01,2024-10,414.72,Pro,NA
C00881,2024-01,2024-11,414.72,Pro,NA
C00881,2024-01,2024-12,414.72,Pro,NA
C00882,2024-01,2024-01,50.0,Starter,NA
C00882,2024-01,2024-02,50.0,Starter,NA
C00883,2024-01,2024-01,200.0,Pro,EMEA
C00884,2024-01,2024-01,50.0,Starter,NA
C00884,2024-01,2024-02,50.0,Starter,NA
C00885,2024-01,2024-01,50.0,Starter,APAC
C00885,2024-01,2024-02,42.5,Starter,APAC
C00885,2024-01,2024-03,42.5,Starter,APAC
C00885,2024-01,2024-04,51.0,Starter,APAC
C00886,2024-01,2024-01,50.0,Starter,APAC
C00886,2024-01,2024-02,50.0,Starter,APAC
C00886,2024-01,2024-03,50.0,Starter,APAC
C00886,2024-01,2024-04,60.0,Starter,APAC
C00886,2024-01,2024-05,60.0,Starter,APAC
C00886,2024-01,2024-06,60.0,Starter,APAC
C00886,2024-01,2024-07,72.0,Starter,APAC
C00886,2024-01,2024-08,72.0,Starter,APAC
C00886,2024-01,2024-09,72.0,Starter,APAC
C00886,2024-01,2024-10,72.0,Starter,APAC
C00886,2024-01,2024-11,72.0,Starter,APAC
C00886,2024-01,2024-12,86.4,Starter,APAC
C00887,2024-01,2024-01,50.0,Starter,NA
C00887,2024-01,2024-02,50.0,Starter,NA
C00887,2024-01,2024-03,42.5,Starter,NA
C00887,2024-01,2024-04,42.5,Starter,NA
C00887,2024-01,2024-05,42.5,Starter,NA
C00887,2024-01,2024-06,51.0,Starter,NA
C00887,2024-01,2024-07,51.0,Starter,NA
C00887,2024-01,2024-08,51.0,Starter,NA
C00887,2024-01,2024-09,51.0,Starter,NA
C00887,2024-01,2024-10,61.2,Starter,NA
C00887,2024-01,2024-11,61.2,Starter,NA
C00887,2024-01,2024-12,61.2,Starter,NA
C00888,2024-01,2024-01,50.0,Starter,APAC
C00888,2024-01,2024-02,50.0,Starter,APAC
C00888,2024-01,2024-03,50.0,Starter,APAC
C00888,2024-01,2024-04,50.0,Starter,APAC
C00888,2024-01,2024-05,50.0,Starter,APAC
C00888,2024-01,2024-06,60.0,Starter,APAC
C00888,2024-01,2024-07,72.0,Starter,APAC
C00888,2024-01,2024-08,72.0,Starter,APAC
C00888,2024-01,2024-09,86.4,Starter,APAC
C00888,2024-01,2024-10,86.4,Starter,APAC
C00888,2024-01,2024-11,86.4,Starter,APAC
C00888,2024-01,2024-12,86.4,Starter,APAC
C00889,2024-01,2024-01,800.0,Enterprise,NA
C00889,2024-01,2024-02,800.0,Enterprise,NA
C00889,2024-01,2024-03,800.0,Enterprise,NA
C00889,2024-01,2024-04,800.0,Enterprise,NA
C00889,2024-01,2024-05,800.0,Enterprise,NA
C00889,2024-01,2024-06,800.0,Enterprise,NA
C00889,2024-01,2024-07,960.0,Enterprise,NA
C00889,2024-01,2024-08,960.0,Enterprise,NA
C00889,2024-01,2024-09,960.0,Enterprise,NA
C00889,2024-01,2024-10,960.0,Enterprise,NA
C00889,2024-01,2024-11,960.0,Enterprise,NA
C00889,2024-01,2024-12,960.0,Enterprise,NA
C00890,2024-01,2024-01,50.0,Starter,NA
C00890,2024-01,2024-02,50.0,Starter,NA
C00890,2024-01,2024-03,50.0,Starter,NA
C00890,2024-01,2024-04,60.0,Starter,NA
C00890,2024-01,2024-05,60.0,Starter,NA
C00890,2024-01,2024-06,60.0,Starter,NA
C00890,2024-01,2024-07,60.0,Starter,NA
C00890,2024-01,2024-08,60.0,Starter,NA
C00890,2024-01,2024-09,72.0,Starter,NA
C00890,2024-01,2024-10,72.0,Starter,NA
C00890,2024-01,2024-11,61.2,Starter,NA
C00890,2024-01,2024-12,73.44,Starter,NA
C00891,2024-01,2024-01,200.0,Pro,NA
C00891,2024-01,2024-02,200.0,Pro,NA
C00891,2024-01,2024-03,200.0,Pro,NA
C00891,2024-01,2024-04,200.0,Pro,NA
C00891,2024-01,2024-05,200.0,Pro,NA
C00891,2024-01,2024-06,200.0,Pro,NA
C00891,2024-01,2024-07,200.0,Pro,NA
C00891,2024-01,2024-08,200.0,Pro,NA
C00891,2024-01,2024-09,200.0,Pro,NA
C00891,2024-01,2024-10,200.0,Pro,NA
C00891,2024-01,2024-11,170.0,Pro,NA
C00891,2024-01,2024-12,204.0,Pro,NA
C00892,2024-01,2024-01,50.0,Starter,APAC
C00892,2024-01,2024-02,60.0,Starter,APAC
C00892,2024-01,2024-03,60.0,Starter,APAC
C00892,2024-01,2024-04,60.0,Starter,APAC
C00892,2024-01,2024-05,60.0,Starter,APAC
C00892,2024-01,2024-06,72.0,Starter,APAC
C00892,2024-01,2024-07,72.0,Starter,APAC
C00892,2024-01,2024-08,72.0,Starter,APAC
C00892,2024-01,2024-09,72.0,Starter,APAC
C00892,2024-01,2024-10,72.0,Starter,APAC
C00892,2024-01,2024-11,72.0,Starter,APAC
C00892,2024-01,2024-12,86.4,Starter,APAC
C00893,2024-01,2024-01,50.0,Starter,EMEA
C00893,2024-01,2024-02,50.0,Starter,EMEA
C00893,2024-01,2024-03,42.5,Starter,EMEA
C00893,2024-01,2024-04,42.5,Starter,EMEA
C00893,2024-01,2024-05,51.0,Starter,EMEA
C00893,2024-01,2024-06,51.0,Starter,EMEA
C00893,2024-01,2024-07,51.0,Starter,EMEA
C00893,2024-01,2024-08,51.0,Starter,EMEA
C00893,2024-01,2024-09,51.0,Starter,EMEA
C00893,2024-01,2024-10,51.0,Starter,EMEA
C00893,2024-01,2024-11,51.0,Starter,EMEA
C00893,2024-01,2024-12,51.0,Starter,EMEA
C00894,2024-01,2024-01,50.0,Starter,LATAM
C00894,2024-01,2024-02,50.0,Starter,LATAM
C00894,2024-01,2024-03,50.0,Starter,LATAM
C00894,2024-01,2024-04,50.0,Starter,LATAM
C00894,2024-01,2024-05,50.0,Starter,LATAM
C00894,2024-01,2024-06,50.0,Starter,LATAM
C00894,2024-01,2024-07,50.0,Starter,LATAM
C00894,2024-01,2024-08,50.0,Starter,LATAM
C00894,2024-01,2024-09,50.0,Starter,LATAM
C00894,2024-01,2024-10,50.0,Starter,LATAM
C00894,2024-01,2024-11,50.0,Starter,LATAM
C00894,2024-01,2024-12,50.0,Starter,LATAM
C00895,2024-01,2024-01,200.0,Pro,NA
C00896,2024-01,2024-01,50.0,Starter,NA
C00896,2024-01,2024-02,50.0,Starter,NA
C00896,2024-01,2024-03,50.0,Starter,NA
C00896,2024-01,2024-04,60.0,Starter,NA
C00896,2024-01,2024-05,72.0,Starter,NA
C00896,2024-01,2024-06,86.4,Starter,NA
C00896,2024-01,2024-07,86.4,Starter,NA
C00896,2024-01,2024-08,86.4,Starter,NA
C00896,2024-01,2024-09,86.4,Starter,NA
C00896,2024-01,2024-10,86.4,Starter,NA
C00896,2024-01,2024-11,103.68,Starter,NA
C00896,2024-01,2024-12,103.68,Starter,NA
C00897,2024-01,2024-01,200.0,Pro,APAC
C00897,2024-01,2024-02,200.0,Pro,APAC
C00897,2024-01,2024-03,200.0,Pro,APAC
C00897,2024-01,2024-04,240.0,Pro,APAC
C00897,2024-01,2024-05,288.0,Pro,APAC
C00897,2024-01,2024-06,288.0,Pro,APAC
C00897,2024-01,2024-07,244.8,Pro,APAC
C00897,2024-01,2024-08,244.8,Pro,APAC
C00897,2024-01,2024-09,293.76,Pro,APAC
C00897,2024-01,2024-10,293.76,Pro,APAC
C00897,2024-01,2024-11,293.76,Pro,APAC
C00897,2024-01,2024-12,352.51,Pro,APAC
C00898,2024-01,2024-01,50.0,Starter,NA
C00899,2024-01,2024-01,50.0,Starter,NA
C00899,2024-01,2024-02,60.0,Starter,NA
C00899,2024-01,2024-03,60.0,Starter,NA
C00899,2024-01,2024-04,60.0,Starter,NA
C00899,2024-01,2024-05,60.0,Starter,NA
C00900,2024-01,2024-01,50.0,Starter,NA
C00900,2024-01,2024-02,50.0,Starter,NA
C00900,2024-01,2024-03,50.0,Starter,NA
C00900,2024-01,2024-04,50.0,Starter,NA
C00900,2024-01,2024-05,50.0,Starter,NA
C00900,2024-01,2024-06,50.0,Starter,NA
C00900,2024-01,2024-07,50.0,Starter,NA
C00900,2024-01,2024-08,50.0,Starter,NA
C00900,2024-01,2024-09,50.0,Starter,NA
C00900,2024-01,2024-10,42.5,Starter,NA
C00900,2024-01,2024-11,42.5,Starter,NA
C00900,2024-01,2024-12,42.5,Starter,NA
C00901,2024-01,2024-01,200.0,Pro,EMEA
C00901,2024-01,2024-02,240.0,Pro,EMEA
C00901,2024-01,2024-03,240.0,Pro,EMEA
C00901,2024-01,2024-04,204.0,Pro,EMEA
C00901,2024-01,2024-05,204.0,Pro,EMEA
C00901,2024-01,2024-06,244.8,Pro,EMEA
C00901,2024-01,2024-07,244.8,Pro,EMEA
C00901,2024-01,2024-08,244.8,Pro,EMEA
C00901,2024-01,2024-09,244.8,Pro,EMEA
C00901,2024-01,2024-10,244.8,Pro,EMEA
C00901,2024-01,2024-11,244.8,Pro,EMEA
C00901,2024-01,2024-12,293.76,Pro,EMEA
C00902,2024-01,2024-01,200.0,Pro,NA
C00902,2024-01,2024-02,240.0,Pro,NA
C00902,2024-01,2024-03,240.0,Pro,NA
C00902,2024-01,2024-04,240.0,Pro,NA
C00902,2024-01,2024-05,240.0,Pro,NA
C00902,2024-01,2024-06,288.0,Pro,NA
C00902,2024-01,2024-07,288.0,Pro,NA
C00902,2024-01,2024-08,288.0,Pro,NA
C00902,2024-01,2024-09,288.0,Pro,NA
C00902,2024-01,2024-10,345.6,Pro,NA
C00902,2024-01,2024-11,345.6,Pro,NA
C00902,2024-01,2024-12,345.6,Pro,NA
C00903,2024-01,2024-01,200.0,Pro,NA
C00903,2024-01,2024-02,200.0,Pro,NA
C00903,2024-01,2024-03,200.0,Pro,NA
C00903,2024-01,2024-04,200.0,Pro,NA
C00903,2024-01,2024-05,200.0,Pro,NA
C00903,2024-01,2024-06,200.0,Pro,NA
C00903,2024-01,2024-07,240.0,Pro,NA
C00903,2024-01,2024-08,240.0,Pro,NA
C00903,2024-01,2024-09,240.0,Pro,NA
C00903,2024-01,2024-10,240.0,Pro,NA
C00903,2024-01,2024-11,288.0,Pro,NA
C00903,2024-01,2024-12,288.0,Pro,NA
C00904,2024-02,2024-02,200.0,Pro,APAC
C00905,2024-02,2024-02,200.0,Pro,APAC
C00905,2024-02,2024-03,200.0,Pro,APAC
C00905,2024-02,2024-04,200.0,Pro,APAC
C00905,2024-02,2024-05,200.0,Pro,APAC
C00905,2024-02,2024-06,200.0,Pro,APAC
C00905,2024-02,2024-07,200.0,Pro,APAC
C00905,2024-02,2024-08,200.0,Pro,APAC
C00905,2024-02,2024-09,200.0,Pro,APAC
C00905,2024-02,2024-10,200.0,Pro,APAC
C00906,2024-02,2024-02,200.0,Pro,NA
C00906,2024-02,2024-03,200.0,Pro,NA
C00907,2024-02,2024-02,50.0,Starter,APAC
C00908,2024-02,2024-02,200.0,Pro,NA
C00908,2024-02,2024-03,200.0,Pro,NA
C00908,2024-02,2024-04,200.0,Pro,NA
C00908,2024-02,2024-05,200.0,Pro,NA
C00908,2024-02,2024-06,240.0,Pro,NA
C00908,2024-02,2024-07,240.0,Pro,NA
C00908,2024-02,2024-08,288.0,Pro,NA
C00908,2024-02,2024-09,288.0,Pro,NA
C00908,2024-02,2024-10,288.0,Pro,NA
C00908,2024-02,2024-11,288.0,Pro,NA
C00908,2024-02,2024-12,288.0,Pro,NA
C00909,2024-02,2024-02,50.0,Starter,EMEA
C00909,2024-02,2024-03,60.0,Starter,EMEA
C00909,2024-02,2024-04,60.0,Starter,EMEA
C00909,2024-02,2024-05,72.0,Starter,EMEA
C00909,2024-02,2024-06,72.0,Starter,EMEA
C00909,2024-02,2024-07,72.0,Starter,EMEA
C00909,2024-02,2024-08,72.0,Starter,EMEA
C00909,2024-02,2024-09,72.0,Starter,EMEA
C00909,2024-02,2024-10,86.4,Starter,EMEA
C00909,2024-02,2024-11,103.68,Starter,EMEA
C00909,2024-02,2024-12,103.68,Starter,EMEA
C00910,2024-02,2024-02,200.0,Pro,EMEA
C00910,2024-02,2024-03,200.0,Pro,EMEA
C00911,2024-02,2024-02,200.0,Pro,NA
C00911,2024-02,2024-03,200.0,Pro,NA
C00911,2024-02,2024-04,200.0,Pro,NA
C00911,2024-02,2024-05,200.0,Pro,NA
C00911,2024-02,2024-06,200.0,Pro,NA
C00911,2024-02,2024-07,200.0,Pro,NA
C00911,2024-02,2024-08,200.0,Pro,NA
C00911,2024-02,2024-09,200.0,Pro,NA
C00911,2024-02,2024-10,200.0,Pro,NA
C00911,2024-02,2024-11,240.0,Pro,NA
C00911,2024-02,2024-12,240.0,Pro,NA
C00912,2024-02,2024-02,50.0,Starter,NA
C00912,2024-02,2024-03,50.0,Starter,NA
C00912,2024-02,2024-04,60.0,Starter,NA
C00912,2024-02,2024-05,60.0,Starter,NA
C00912,2024-02,2024-06,60.0,Starter,NA
C00912,2024-02,2024-07,60.0,Starter,NA
C00912,2024-02,2024-08,60.0,Starter,NA
C00912,2024-02,2024-09,60.0,Starter,NA
C00912,2024-02,2024-10,60.0,Starter,NA
C00912,2024-02,2024-11,72.0,Starter,NA
C00912,2024-02,2024-12,72.0,Starter,NA
C00913,2024-02,2024-02,50.0,Starter,APAC
C00913,2024-02,2024-03,60.0,Starter,APAC
C00913,2024-02,2024-04,60.0,Starter,APAC
C00913,2024-02,2024-05,60.0,Starter,APAC
C00913,2024-02,2024-06,72.0,Starter,APAC
C00913,2024-02,2024-07,86.4,Starter,APAC
C00913,2024-02,2024-08,86.4,Starter,APAC
C00913,2024-02,2024-09,86.4,Starter,APAC
C00913,2024-02,2024-10,86.4,Starter,APAC
C00913,2024-02,2024-11,86.4,Starter,APAC
C00913,2024-02,2024-12,86.4,Starter,APAC
C00914,2024-02,2024-02,200.0,Pro,APAC
C00914,2024-02,2024-03,200.0,Pro,APAC
C00915,2024-02,2024-02,800.0,Enterprise,EMEA
C00916,2024-02,2024-02,50.0,Starter,NA
C00916,2024-02,2024-03,50.0,Starter,NA
C00916,2024-02,2024-04,50.0,Starter,NA
C00916,2024-02,2024-05,50.0,Starter,NA
C00916,2024-02,2024-06,50.0,Starter,NA
C00916,2024-02,2024-07,60.0,Starter,NA
C00916,2024-02,2024-08,60.0,Starter,NA
C00916,2024-02,2024-09,60.0,Starter,NA
C00916,2024-02,2024-10,60.0,Starter,NA
C00916,2024-02,2024-11,72.0,Starter,NA
C00916,2024-02,2024-12,72.0,Starter,NA
C00917,2024-02,2024-02,800.0,Enterprise,NA
C00917,2024-02,2024-03,800.0,Enterprise,NA
C00917,2024-02,2024-04,800.0,Enterprise,NA
C00917,2024-02,2024-05,960.0,Enterprise,NA
C00917,2024-02,2024-06,960.0,Enterprise,NA
C00917,2024-02,2024-07,960.0,Enterprise,NA
C00917,2024-02,2024-08,960.0,Enterprise,NA
C00917,2024-02,2024-09,960.0,Enterprise,NA
C00917,2024-02,2024-10,960.0,Enterprise,NA
C00917,2024-02,2024-11,960.0,Enterprise,NA
C00917,2024-02,2024-12,960.0,Enterprise,NA
C00918,2024-02,2024-02,50.0,Starter,NA
C00918,2024-02,2024-03,50.0,Starter,NA
C00918,2024-02,2024-04,42.5,Starter,NA
C00918,2024-02,2024-05,42.5,Starter,NA
C00918,2024-02,2024-06,42.5,Starter,NA
C00918,2024-02,2024-07,42.5,Starter,NA
C00918,2024-02,2024-08,42.5,Starter,NA
C00918,2024-02,2024-09,51.0,Starter,NA
C00918,2024-02,2024-10,51.0,Starter,NA
C00918,2024-02,2024-11,51.0,Starter,NA
C00918,2024-02,2024-12,51.0,Starter,NA
C00919,2024-02,2024-02,200.0,Pro,EMEA
C00919,2024-02,2024-03,200.0,Pro,EMEA
C00919,2024-02,2024-04,200.0,Pro,EMEA
C00919,2024-02,2024-05,200.0,Pro,EMEA
C00919,2024-02,2024-06,200.0,Pro,EMEA
C00919,2024-02,2024-07,200.0,Pro,EMEA
C00919,2024-02,2024-08,200.0,Pro,EMEA
C00919,2024-02,2024-09,200.0,Pro,EMEA
C00919,2024-02,2024-10,200.0,Pro,EMEA
C00919,2024-02,2024-11,200.0,Pro,EMEA
C00919,2024-02,2024-12,240.0,Pro,EMEA
C00920,2024-02,2024-02,50.0,Starter,EMEA
C00920,2024-02,2024-03,50.0,Starter,EMEA
C00920,2024-02,2024-04,50.0,Starter,EMEA
C00920,2024-02,2024-05,50.0,Starter,EMEA
C00920,2024-02,2024-06,50.0,Starter,EMEA
C00920,2024-02,2024-07,50.0,Starter,EMEA
C00920,2024-02,2024-08,60.0,Starter,EMEA
C00920,2024-02,2024-09,60.0,Starter,EMEA
C00920,2024-02,2024-10,60.0,Starter,EMEA
C00920,2024-02,2024-11,72.0,Starter,EMEA
C00920,2024-02,2024-12,72.0,Starter,EMEA
C00921,2024-02,2024-02,50.0,Starter,APAC
C00921,2024-02,2024-03,50.0,Starter,APAC
C00921,2024-02,2024-04,50.0,Starter,APAC
C00921,2024-02,2024-05,50.0,Starter,APAC
C00921,2024-02,2024-06,50.0,Starter,APAC
C00921,2024-02,2024-07,50.0,Starter,APAC
C00921,2024-02,2024-08,50.0,Starter,APAC
C00921,2024-02,2024-09,50.0,Starter,APAC
C00921,2024-02,2024-10,50.0,Starter,APAC
C00921,2024-02,2024-11,60.0,Starter,APAC
C00921,2024-02,2024-12,60.0,Starter,APAC
C00922,2024-02,2024-02,50.0,Starter,NA
C00922,2024-02,2024-03,50.0,Starter,NA
C00922,2024-02,2024-04,50.0,Starter,NA
C00922,2024-02,2024-05,50.0,Starter,NA
C00922,2024-02,2024-06,60.0,Starter,NA
C00922,2024-02,2024-07,60.0,Starter,NA
C00922,2024-02,2024-08,60.0,Starter,NA
C00922,2024-02,2024-09,60.0,Starter,NA
C00922,2024-02,2024-10,60.0,Starter,NA
C00922,2024-02,2024-11,72.0,Starter,NA
C00922,2024-02,2024-12,86.4,Starter,NA
C00923,2024-02,2024-02,50.0,Starter,NA
C00923,2024-02,2024-03,50.0,Starter,NA
C00923,2024-02,2024-04,50.0,Starter,NA
C00923,2024-02,2024-05,50.0,Starter,NA
C00923,2024-02,2024-06,50.0,Starter,NA
C00923,2024-02,2024-07,50.0,Starter,NA
C00923,2024-02,2024-08,60.0,Starter,NA
C00923,2024-02,2024-09,60.0,Starter,NA
C00923,2024-02,2024-10,60.0,Starter,NA
C00923,2024-02,2024-11,60.0,Starter,NA
C00923,2024-02,2024-12,60.0,Starter,NA
C00924,2024-02,2024-02,50.0,Starter,LATAM
C00924,2024-02,2024-03,50.0,Starter,LATAM
C00924,2024-02,2024-04,60.0,Starter,LATAM
C00924,2024-02,2024-05,60.0,Starter,LATAM
C00924,2024-02,2024-06,51.0,Starter,LATAM
C00924,2024-02,2024-07,51.0,Starter,LATAM
C00924,2024-02,2024-08,51.0,Starter,LATAM
C00924,2024-02,2024-09,51.0,Starter,LATAM
C00924,2024-02,2024-10,51.0,Starter,LATAM
C00924,2024-02,2024-11,51.0,Starter,LATAM
C00924,2024-02,2024-12,51.0,Starter,LATAM
C00925,2024-02,2024-02,800.0,Enterprise,LATAM
C00925,2024-02,2024-03,800.0,Enterprise,LATAM
C00925,2024-02,2024-04,800.0,Enterprise,LATAM
C00925,2024-02,2024-05,800.0,Enterprise,LATAM
C00925,2024-02,2024-06,800.0,Enterprise,LATAM
C00925,2024-02,2024-07,800.0,Enterprise,LATAM
C00925,2024-02,2024-08,800.0,Enterprise,LATAM
C00925,2024-02,2024-09,800.0,Enterprise,LATAM
C00925,2024-02,2024-10,960.0,Enterprise,LATAM
C00925,2024-02,2024-11,1152.0,Enterprise,LATAM
C00925,2024-02,2024-12,979.2,Enterprise,LATAM
C00926,2024-02,2024-02,50.0,Starter,APAC
C00926,2024-02,2024-03,42.5,Starter,APAC
C00926,2024-02,2024-04,36.12,Starter,APAC
C00926,2024-02,2024-05,36.12,Starter,APAC
C00926,2024-02,2024-06,36.12,Starter,APAC
C00926,2024-02,2024-07,36.12,Starter,APAC
C00926,2024-02,2024-08,36.12,Starter,APAC
C00926,2024-02,2024-09,36.12,Starter,APAC
C00926,2024-02,2024-10,30.71,Starter,APAC
C00926,2024-02,2024-11,36.85,Starter,APAC
C00927,2024-02,2024-02,50.0,Starter,NA
C00927,2024-02,2024-03,50.0,Starter,NA
C00927,2024-02,2024-04,50.0,Starter,NA
C00928,2024-02,2024-02,200.0,Pro,NA
C00928,2024-02,2024-03,200.0,Pro,NA
C00928,2024-02,2024-04,240.0,Pro,NA
C00928,2024-02,2024-05,240.0,Pro,NA
C00928,2024-02,2024-06,240.0,Pro,NA
C00928,2024-02,2024-07,240.0,Pro,NA
C00928,2024-02,2024-08,240.0,Pro,NA
C00928,2024-02,2024-09,240.0,Pro,NA
C00928,2024-02,2024-10,240.0,Pro,NA
C00928,2024-02,2024-11,240.0,Pro,NA
C00928,2024-02,2024-12,240.0,Pro,NA
C00929,2024-02,2024-02,50.0,Starter,NA
C00929,2024-02,2024-03,42.5,Starter,NA
C00929,2024-02,2024-04,42.5,Starter,NA
C00929,2024-02,2024-05,42.5,Starter,NA
C00929,2024-02,2024-06,42.5,Starter,NA
C00929,2024-02,2024-07,36.12,Starter,NA
C00929,2024-02,2024-08,36.12,Starter,NA
C00929,2024-02,2024-09,36.12,Starter,NA
C00929,2024-02,2024-10,36.12,Starter,NA
C00929,2024-02,2024-11,36.12,Starter,NA
C00929,2024-02,2024-12,36.12,Starter,NA
C00930,2024-02,2024-02,50.0,Starter,NA
C00930,2024-02,2024-03,50.0,Starter,NA
C00930,2024-02,2024-04,50.0,Starter,NA
C00930,2024-02,2024-05,50.0,Starter,NA
C00930,2024-02,2024-06,42.5,Starter,NA
C00930,2024-02,2024-07,42.5,Starter,NA
C00930,2024-02,2024-08,42.5,Starter,NA
C00930,2024-02,2024-09,42.5,Starter,NA
C00930,2024-02,2024-10,42.5,Starter,NA
C00930,2024-02,2024-11,42.5,Starter,NA
C00930,2024-02,2024-12,51.0,Starter,NA
C00931,2024-02,2024-02,200.0,Pro,NA
C00931,2024-02,2024-03,200.0,Pro,NA
C00931,2024-02,2024-04,200.0,Pro,NA
C00931,2024-02,2024-05,200.0,Pro,NA
C00931,2024-02,2024-06,200.0,Pro,NA
C00931,2024-02,2024-07,200.0,Pro,NA
C00931,2024-02,2024-08,240.0,Pro,NA
C00931,2024-02,2024-09,240.0,Pro,NA
C00931,2024-02,2024-10,240.0,Pro,NA
C00931,2024-02,2024-11,240.0,Pro,NA
C00931,2024-02,2024-12,240.0,Pro,NA
C00932,2024-02,2024-02,50.0,Starter,EMEA
C00932,2024-02,2024-03,60.0,Starter,EMEA
C00932,2024-02,2024-04,72.0,Starter,EMEA
C00932,2024-02,2024-05,72.0,Starter,EMEA
C00932,2024-02,2024-06,72.0,Starter,EMEA
C00932,2024-02,2024-07,72.0,Starter,EMEA
C00932,2024-02,2024-08,72.0,Starter,EMEA
C00932,2024-02,2024-09,61.2,Starter,EMEA
C00933,2024-02,2024-02,50.0,Starter,EMEA
C00934,2024-02,2024-02,50.0,Starter,NA
C00934,2024-02,2024-03,50.0,Starter,NA
C00934,2024-02,2024-04,42.5,Starter,NA
C00934,2024-02,2024-05,42.5,Starter,NA
C00934,2024-02,2024-06,42.5,Starter,NA
C00934,2024-02,2024-07,42.5,Starter,NA
C00934,2024-02,2024-08,51.0,Starter,NA
C00934,2024-02,2024-09,51.0,Starter,NA
C00934,2024-02,2024-10,61.2,Starter,NA
C00934,2024-02,2024-11,61.2,Starter,NA
C00934,2024-02,2024-12,61.2,Starter,NA
C00935,2024-02,2024-02,200.0,Pro,NA
C00935,2024-02,2024-03,200.0,Pro,NA
C00935,2024-02,2024-04,200.0,Pro,NA
C00935,2024-02,2024-05,200.0,Pro,NA
C00935,2024-02,2024-06,200.0,Pro,NA
C00935,2024-02,2024-07,200.0,Pro,NA
C00935,2024-02,2024-08,200.0,Pro,NA
C00935,2024-02,2024-09,200.0,Pro,NA
C00935,2024-02,2024-10,200.0,Pro,NA
C00935,2024-02,2024-11,200.0,Pro,NA
C00935,2024-02,2024-12,200.0,Pro,NA
C00936,2024-02,2024-02,50.0,Starter,APAC
C00936,2024-02,2024-03,50.0,Starter,APAC
C00936,2024-02,2024-04,50.0,Starter,APAC
C00936,2024-02,2024-05,50.0,Starter,APAC
C00936,2024-02,2024-06,50.0,Starter,APAC
C00936,2024-02,2024-07,50.0,Starter,APAC
C00936,2024-02,2024-08,50.0,Starter,APAC
C00936,2024-02,2024-09,50.0,Starter,APAC
C00936,2024-02,2024-10,50.0,Starter,APAC
C00936,2024-02,2024-11,50.0,Starter,APAC
C00936,2024-02,2024-12,50.0,Starter,APAC
C00937,2024-02,2024-02,200.0,Pro,LATAM
C00937,2024-02,2024-03,200.0,Pro,LATAM
C00937,2024-02,2024-04,200.0,Pro,LATAM
C00937,2024-02,2024-05,200.0,Pro,LATAM
C00937,2024-02,2024-06,200.0,Pro,LATAM
C00937,2024-02,2024-07,240.0,Pro,LATAM
C00937,2024-02,2024-08,204.0,Pro,LATAM
C00938,2024-02,2024-02,50.0,Starter,LATAM
C00938,2024-02,2024-03,50.0,Starter,LATAM
C00938,2024-02,2024-04,50.0,Starter,LATAM
C00938,2024-02,2024-05,50.0,Starter,LATAM
C00938,2024-02,2024-06,50.0,Starter,LATAM
C00938,2024-02,2024-07,50.0,Starter,LATAM
C00938,2024-02,2024-08,50.0,Starter,LATAM
C00938,2024-02,2024-09,50.0,Starter,LATAM
C00938,2024-02,2024-10,60.0,Starter,LATAM
C00938,2024-02,2024-11,72.0,Starter,LATAM
C00938,2024-02,2024-12,72.0,Starter,LATAM
C00939,2024-02,2024-02,200.0,Pro,NA
C00939,2024-02,2024-03,200.0,Pro,NA
C00939,2024-02,2024-04,200.0,Pro,NA
C00939,2024-02,2024-05,200.0,Pro,NA
C00939,2024-02,2024-06,200.0,Pro,NA
C00939,2024-02,2024-07,200.0,Pro,NA
C00939,2024-02,2024-08,240.0,Pro,NA
C00939,2024-02,2024-09,240.0,Pro,NA
C00939,2024-02,2024-10,240.0,Pro,NA
C00939,2024-02,2024-11,240.0,Pro,NA
C00939,2024-02,2024-12,240.0,Pro,NA
C00940,2024-02,2024-02,200.0,Pro,NA
C00940,2024-02,2024-03,200.0,Pro,NA
C00940,2024-02,2024-04,240.0,Pro,NA
C00940,2024-02,2024-05,240.0,Pro,NA
C00940,2024-02,2024-06,204.0,Pro,NA
C00940,2024-02,2024-07,204.0,Pro,NA
C00940,2024-02,2024-08,204.0,Pro,NA
C00940,2024-02,2024-09,204.0,Pro,NA
C00940,2024-02,2024-10,204.0,Pro,NA
C00940,2024-02,2024-11,244.8,Pro,NA
C00940,2024-02,2024-12,293.76,Pro,NA
C00941,2024-02,2024-02,200.0,Pro,NA
C00941,2024-02,2024-03,200.0,Pro,NA
C00941,2024-02,2024-04,200.0,Pro,NA
C00941,2024-02,2024-05,200.0,Pro,NA
C00941,2024-02,2024-06,200.0,Pro,NA
C00942,2024-02,2024-02,50.0,Starter,EMEA
C00942,2024-02,2024-03,50.0,Starter,EMEA
C00942,2024-02,2024-04,42.5,Starter,EMEA
C00942,2024-02,2024-05,42.5,Starter,EMEA
C00942,2024-02,2024-06,51.0,Starter,EMEA
C00942,2024-02,2024-07,51.0,Starter,EMEA
C00942,2024-02,2024-08,51.0,Starter,EMEA
C00942,2024-02,2024-09,51.0,Starter,EMEA
C00942,2024-02,2024-10,51.0,Starter,EMEA
C00942,2024-02,2024-11,51.0,Starter,EMEA
C00942,2024-02,2024-12,51.0,Starter,EMEA
C00943,2024-02,2024-02,50.0,Starter,EMEA
C00943,2024-02,2024-03,50.0,Starter,EMEA
C00943,2024-02,2024-04,50.0,Starter,EMEA
C00943,2024-02,2024-05,50.0,Starter,EMEA
C00943,2024-02,2024-06,42.5,Starter,EMEA
C00943,2024-02,2024-07,51.0,Starter,EMEA
C00943,2024-02,2024-08,51.0,Starter,EMEA
C00943,2024-02,2024-09,51.0,Starter,EMEA
C00943,2024-02,2024-10,51.0,Starter,EMEA
C00943,2024-02,2024-11,51.0,Starter,EMEA
C00943,2024-02,2024-12,51.0,Starter,EMEA
C00944,2024-02,2024-02,50.0,Starter,NA
C00944,2024-02,2024-03,50.0,Starter,NA
C00944,2024-02,2024-04,50.0,Starter,NA
C00945,2024-02,2024-02,50.0,Starter,EMEA
C00946,2024-02,2024-02,200.0,Pro,LATAM
C00946,2024-02,2024-03,200.0,Pro,LATAM
C00946,2024-02,2024-04,200.0,Pro,LATAM
C00946,2024-02,2024-05,200.0,Pro,LATAM
C00946,2024-02,2024-06,200.0,Pro,LATAM
C00946,2024-02,2024-07,200.0,Pro,LATAM
C00946,2024-02,2024-08,200.0,Pro,LATAM
C00946,2024-02,2024-09,200.0,Pro,LATAM
C00946,2024-02,2024-10,200.0,Pro,LATAM
C00946,2024-02,2024-11,200.0,Pro,LATAM
C00946,2024-02,2024-12,200.0,Pro,LATAM
C00947,2024-02,2024-02,200.0,Pro,APAC
C00947,2024-02,2024-03,200.0,Pro,APAC
C00947,2024-02,2024-04,200.0,Pro,APAC
C00947,2024-02,2024-05,200.0,Pro,APAC
C00947,2024-02,2024-06,200.0,Pro,APAC
C00947,2024-02,2024-07,200.0,Pro,APAC
C00947,2024-02,2024-08,200.0,Pro,APAC
C00947,2024-02,2024-09,200.0,Pro,APAC
C00947,2024-02,2024-10,200.0,Pro,APAC
C00947,2024-02,2024-11,200.0,Pro,APAC
C00947,2024-02,2024-12,240.0,Pro,APAC
C00948,2024-02,2024-02,50.0,Starter,LATAM
C00948,2024-02,2024-03,50.0,Starter,LATAM
C00948,2024-02,2024-04,50.0,Starter,LATAM
C00948,2024-02,2024-05,50.0,Starter,LATAM
C00948,2024-02,2024-06,50.0,Starter,LATAM
C00948,2024-02,2024-07,50.0,Starter,LATAM
C00948,2024-02,2024-08,50.0,Starter,LATAM
C00948,2024-02,2024-09,50.0,Starter,LATAM
C00948,2024-02,2024-10,50.0,Starter,LATAM
C00948,2024-02,2024-11,60.0,Starter,LATAM
C00948,2024-02,2024-12,60.0,Starter,LATAM
C00949,2024-02,2024-02,50.0,Starter,NA
C00949,2024-02,2024-03,50.0,Starter,NA
C00949,2024-02,2024-04,50.0,Starter,NA
C00949,2024-02,2024-05,50.0,Starter,NA
C00949,2024-02,2024-06,60.0,Starter,NA
C00949,2024-02,2024-07,51.0,Starter,NA
C00949,2024-02,2024-08,51.0,Starter,NA
C00949,2024-02,2024-09,51.0,Starter,NA
C00949,2024-02,2024-10,51.0,Starter,NA
C00949,2024-02,2024-11,51.0,Starter,NA
C00949,2024-02,2024-12,51.0,Starter,NA
C00950,2024-02,2024-02,50.0,Starter,EMEA
C00950,2024-02,2024-03,50.0,Starter,EMEA
C00950,2024-02,2024-04,50.0,Starter,EMEA
C00950,2024-02,2024-05,50.0,Starter,EMEA
C00950,2024-02,2024-06,50.0,Starter,EMEA
C00950,2024-02,2024-07,50.0,Starter,EMEA
C00950,2024-02,2024-08,50.0,Starter,EMEA
C00950,2024-02,2024-09,50.0,Starter,EMEA
C00950,2024-02,2024-10,60.0,Starter,EMEA
C00950,2024-02,2024-11,60.0,Starter,EMEA
C00950,2024-02,2024-12,72.0,Starter,EMEA
C00951,2024-02,2024-02,50.0,Starter,APAC
C00951,2024-02,2024-03,50.0,Starter,APAC
C00951,2024-02,2024-04,50.0,Starter,APAC
C00951,2024-02,2024-05,50.0,Starter,APAC
C00951,2024-02,2024-06,50.0,Starter,APAC
C00951,2024-02,2024-07,60.0,Starter,APAC
C00951,2024-02,2024-08,60.0,Starter,APAC
C00951,2024-02,2024-09,60.0,Starter,APAC
C00951,2024-02,2024-10,60.0,Starter,APAC
C00951,2024-02,2024-11,60.0,Starter,APAC
C00951,2024-02,2024-12,60.0,Starter,APAC
C00952,2024-02,2024-02,200.0,Pro,NA
C00952,2024-02,2024-03,200.0,Pro,NA
C00952,2024-02,2024-04,200.0,Pro,NA
C00952,2024-02,2024-05,200.0,Pro,NA
C00952,2024-02,2024-06,200.0,Pro,NA
C00952,2024-02,2024-07,200.0,Pro,NA
C00952,2024-02,2024-08,200.0,Pro,NA
C00952,2024-02,2024-09,200.0,Pro,NA
C00952,2024-02,2024-10,200.0,Pro,NA
C00952,2024-02,2024-11,240.0,Pro,NA
C00952,2024-02,2024-12,240.0,Pro,NA
C00953,2024-02,2024-02,200.0,Pro,APAC
C00953,2024-02,2024-03,200.0,Pro,APAC
C00953,2024-02,2024-04,200.0,Pro,APAC
C00953,2024-02,2024-05,200.0,Pro,APAC
C00953,2024-02,2024-06,200.0,Pro,APAC
C00953,2024-02,2024-07,200.0,Pro,APAC
C00953,2024-02,2024-08,200.0,Pro,APAC
C00953,2024-02,2024-09,200.0,Pro,APAC
C00953,2024-02,2024-10,200.0,Pro,APAC
C00953,2024-02,2024-11,200.0,Pro,APAC
C00953,2024-02,2024-12,200.0,Pro,APAC
C00954,2024-02,2024-02,200.0,Pro,NA
C00954,2024-02,2024-03,200.0,Pro,NA
C00954,2024-02,2024-04,200.0,Pro,NA
C00954,2024-02,2024-05,240.0,Pro,NA
C00954,2024-02,2024-06,240.0,Pro,NA
C00954,2024-02,2024-07,240.0,Pro,NA
C00954,2024-02,2024-08,240.0,Pro,NA
C00954,2024-02,2024-09,240.0,Pro,NA
C00954,2024-02,2024-10,240.0,Pro,NA
C00954,2024-02,2024-11,288.0,Pro,NA
C00954,2024-02,2024-12,288.0,Pro,NA
C00955,2024-02,2024-02,50.0,Starter,APAC
C00955,2024-02,2024-03,60.0,Starter,APAC
C00955,2024-02,2024-04,60.0,Starter,APAC
C00955,2024-02,2024-05,60.0,Starter,APAC
C00955,2024-02,2024-06,60.0,Starter,APAC
C00955,2024-02,2024-07,60.0,Starter,APAC
C00955,2024-02,2024-08,60.0,Starter,APAC
C00955,2024-02,2024-09,72.0,Starter,APAC
C00956,2024-02,2024-02,200.0,Pro,NA
C00956,2024-02,2024-03,200.0,Pro,NA
C00956,2024-02,2024-04,200.0,Pro,NA
C00956,2024-02,2024-05,240.0,Pro,NA
C00956,2024-02,2024-06,240.0,Pro,NA
C00956,2024-02,2024-07,240.0,Pro,NA
C00956,2024-02,2024-08,240.0,Pro,NA
C00956,2024-02,2024-09,240.0,Pro,NA
C00956,2024-02,2024-10,240.0,Pro,NA
C00956,2024-02,2024-11,240.0,Pro,NA
C00956,2024-02,2024-12,288.0,Pro,NA
C00957,2024-02,2024-02,200.0,Pro,NA
C00957,2024-02,2024-03,200.0,Pro,NA
C00957,2024-02,2024-04,200.0,Pro,NA
C00957,2024-02,2024-05,200.0,Pro,NA
C00957,2024-02,2024-06,200.0,Pro,NA
C00957,2024-02,2024-07,200.0,Pro,NA
C00957,2024-02,2024-08,240.0,Pro,NA
C00957,2024-02,2024-09,240.0,Pro,NA
C00957,2024-02,2024-10,288.0,Pro,NA
C00957,2024-02,2024-11,288.0,Pro,NA
C00957,2024-02,2024-12,288.0,Pro,NA
C00958,2024-02,2024-02,50.0,Starter,APAC
C00958,2024-02,2024-03,50.0,Starter,APAC
C00958,2024-02,2024-04,50.0,Starter,APAC
C00958,2024-02,2024-05,50.0,Starter,APAC
C00958,2024-02,2024-06,50.0,Starter,APAC
C00958,2024-02,2024-07,50.0,Starter,APAC
C00958,2024-02,2024-08,60.0,Starter,APAC
C00958,2024-02,2024-09,72.0,Starter,APAC
C00958,2024-02,2024-10,72.0,Starter,APAC
C00958,2024-02,2024-11,72.0,Starter,APAC
C00958,2024-02,2024-12,72.0,Starter,APAC
C00959,2024-02,2024-02,200.0,Pro,NA
C00959,2024-02,2024-03,200.0,Pro,NA
C00959,2024-02,2024-04,200.0,Pro,NA
C00959,2024-02,2024-05,200.0,Pro,NA
C00959,2024-02,2024-06,200.0,Pro,NA
C00959,2024-02,2024-07,200.0,Pro,NA
C00959,2024-02,2024-08,200.0,Pro,NA
C00959,2024-02,2024-09,200.0,Pro,NA
C00959,2024-02,2024-10,200.0,Pro,NA
C00959,2024-02,2024-11,240.0,Pro,NA
C00959,2024-02,2024-12,240.0,Pro,NA
C00960,2024-02,2024-02,50.0,Starter,APAC
C00960,2024-02,2024-03,50.0,Starter,APAC
C00960,2024-02,2024-04,50.0,Starter,APAC
C00960,2024-02,2024-05,50.0,Starter,APAC
C00960,2024-02,2024-06,42.5,Starter,APAC
C00960,2024-02,2024-07,42.5,Starter,APAC
C00960,2024-02,2024-08,42.5,Starter,APAC
C00960,2024-02,2024-09,42.5,Starter,APAC
C00961,2024-02,2024-02,200.0,Pro,APAC
C00961,2024-02,2024-03,240.0,Pro,APAC
C00961,2024-02,2024-04,288.0,Pro,APAC
C00961,2024-02,2024-05,288.0,Pro,APAC
C00961,2024-02,2024-06,288.0,Pro,APAC
C00961,2024-02,2024-07,288.0,Pro,APAC
C00961,2024-02,2024-08,288.0,Pro,APAC
C00961,2024-02,2024-09,288.0,Pro,APAC
C00961,2024-02,2024-10,288.0,Pro,APAC
C00961,2024-02,2024-11,288.0,Pro,APAC
C00961,2024-02,2024-12,345.6,Pro,APAC
C00962,2024-02,2024-02,50.0,Starter,EMEA
C00962,2024-02,2024-03,42.5,Starter,EMEA
C00962,2024-02,2024-04,42.5,Starter,EMEA
C00962,2024-02,2024-05,51.0,Starter,EMEA
C00962,2024-02,2024-06,51.0,Starter,EMEA
C00962,2024-02,2024-07,51.0,Starter,EMEA
C00962,2024-02,2024-08,51.0,Starter,EMEA
C00962,2024-02,2024-09,51.0,Starter,EMEA
C00962,2024-02,2024-10,61.2,Starter,EMEA
C00962,2024-02,2024-11,61.2,Starter,EMEA
C00962,2024-02,2024-12,61.2,Starter,EMEA
C00963,2024-02,2024-02,200.0,Pro,EMEA
C00963,2024-02,2024-03,200.0,Pro,EMEA
C00963,2024-02,2024-04,200.0,Pro,EMEA
C00963,2024-02,2024-05,200.0,Pro,EMEA
C00963,2024-02,2024-06,200.0,Pro,EMEA
C00963,2024-02,2024-07,170.0,Pro,EMEA
C00963,2024-02,2024-08,204.0,Pro,EMEA
C00963,2024-02,2024-09,204.0,Pro,EMEA
C00963,2024-02,2024-10,204.0,Pro,EMEA
C00963,2024-02,2024-11,204.0,Pro,EMEA
C00963,2024-02,2024-12,204.0,Pro,EMEA
C00964,2024-02,2024-02,200.0,Pro,APAC
C00964,2024-02,2024-03,200.0,Pro,APAC
C00964,2024-02,2024-04,200.0,Pro,APAC
C00964,2024-02,2024-05,240.0,Pro,APAC
C00964,2024-02,2024-06,240.0,Pro,APAC
C00964,2024-02,2024-07,240.0,Pro,APAC
C00965,2024-02,2024-02,200.0,Pro,NA
C00966,2024-02,2024-02,50.0,Starter,NA
C00966,2024-02,2024-03,50.0,Starter,NA
C00966,2024-02,2024-04,50.0,Starter,NA
C00967,2024-02,2024-02,50.0,Starter,APAC
C00967,2024-02,2024-03,50.0,Starter,APAC
C00967,2024-02,2024-04,50.0,Starter,APAC
C00967,2024-02,2024-05,50.0,Starter,APAC
C00967,2024-02,2024-06,50.0,Starter,APAC
C00967,2024-02,2024-07,50.0,Starter,APAC
C00967,2024-02,2024-08,50.0,Starter,APAC
C00967,2024-02,2024-09,60.0,Starter,APAC
C00967,2024-02,2024-10,60.0,Starter,APAC
C00967,2024-02,2024-11,72.0,Starter,APAC
C00967,2024-02,2024-12,72.0,Starter,APAC
C00968,2024-02,2024-02,200.0,Pro,NA
C00968,2024-02,2024-03,200.0,Pro,NA
C00968,2024-02,2024-04,200.0,Pro,NA
C00968,2024-02,2024-05,200.0,Pro,NA
C00968,2024-02,2024-06,170.0,Pro,NA
C00968,2024-02,2024-07,170.0,Pro,NA
C00968,2024-02,2024-08,170.0,Pro,NA
C00968,2024-02,2024-09,170.0,Pro,NA
C00968,2024-02,2024-10,204.0,Pro,NA
C00968,2024-02,2024-11,173.4,Pro,NA
C00968,2024-02,2024-12,173.4,Pro,NA
C00969,2024-02,2024-02,200.0,Pro,EMEA
C00969,2024-02,2024-03,200.0,Pro,EMEA
C00969,2024-02,2024-04,200.0,Pro,EMEA
C00969,2024-02,2024-05,200.0,Pro,EMEA
C00969,2024-02,2024-06,240.0,Pro,EMEA
C00969,2024-02,2024-07,240.0,Pro,EMEA
C00969,2024-02,2024-08,240.0,Pro,EMEA
C00969,2024-02,2024-09,240.0,Pro,EMEA
C00969,2024-02,2024-10,240.0,Pro,EMEA
C00970,2024-02,2024-02,50.0,Starter,NA
C00970,2024-02,2024-03,50.0,Starter,NA
C00970,2024-02,2024-04,50.0,Starter,NA
C00970,2024-02,2024-05,50.0,Starter,NA
C00970,2024-02,2024-06,50.0,Starter,NA
C00970,2024-02,2024-07,60.0,Starter,NA
C00970,2024-02,2024-08,60.0,Starter,NA
C00970,2024-02,2024-09,60.0,Starter,NA
C00970,2024-02,2024-10,72.0,Starter,NA
C00970,2024-02,2024-11,72.0,Starter,NA
C00970,2024-02,2024-12,72.0,Starter,NA
C00971,2024-02,2024-02,50.0,Starter,EMEA
C00971,2024-02,2024-03,60.0,Starter,EMEA
C00971,2024-02,2024-04,60.0,Starter,EMEA
C00971,2024-02,2024-05,60.0,Starter,EMEA
C00971,2024-02,2024-06,60.0,Starter,EMEA
C00971,2024-02,2024-07,60.0,Starter,EMEA
C00971,2024-02,2024-08,51.0,Starter,EMEA
C00971,2024-02,2024-09,51.0,Starter,EMEA
C00971,2024-02,2024-10,51.0,Starter,EMEA
C00971,2024-02,2024-11,51.0,Starter,EMEA
C00971,2024-02,2024-12,51.0,Starter,EMEA
C00972,2024-02,2024-02,800.0,Enterprise,LATAM
C00972,2024-02,2024-03,800.0,Enterprise,LATAM
C00972,2024-02,2024-04,960.0,Enterprise,LATAM
C00972,2024-02,2024-05,960.0,Enterprise,LATAM
C00972,2024-02,2024-06,960.0,Enterprise,LATAM
C00972,2024-02,2024-07,960.0,Enterprise,LATAM
C00972,2024-02,2024-08,816.0,Enterprise,LATAM
C00972,2024-02,2024-09,816.0,Enterprise,LATAM
C00972,2024-02,2024-10,816.0,Enterprise,LATAM
C00972,2024-02,2024-11,816.0,Enterprise,LATAM
C00972,2024-02,2024-12,816.0,Enterprise,LATAM
C00973,2024-02,2024-02,200.0,Pro,NA
C00973,2024-02,2024-03,200.0,Pro,NA
C00973,2024-02,2024-04,200.0,Pro,NA
C00973,2024-02,2024-05,200.0,Pro,NA
C00973,2024-02,2024-06,200.0,Pro,NA
C00973,2024-02,2024-07,200.0,Pro,NA
C00973,2024-02,2024-08,200.0,Pro,NA
C00973,2024-02,2024-09,240.0,Pro,NA
C00974,2024-02,2024-02,50.0,Starter,APAC
C00974,2024-02,2024-03,50.0,Starter,APAC
C00974,2024-02,2024-04,50.0,Starter,APAC
C00974,2024-02,2024-05,50.0,Starter,APAC
C00974,2024-02,2024-06,50.0,Starter,APAC
C00974,2024-02,2024-07,60.0,Starter,APAC
C00974,2024-02,2024-08,72.0,Starter,APAC
C00974,2024-02,2024-09,72.0,Starter,APAC
C00974,2024-02,2024-10,86.4,Starter,APAC
C00974,2024-02,2024-11,86.4,Starter,APAC
C00974,2024-02,2024-12,86.4,Starter,APAC
C00975,2024-02,2024-02,200.0,Pro,NA
C00975,2024-02,2024-03,200.0,Pro,NA
C00975,2024-02,2024-04,240.0,Pro,NA
C00975,2024-02,2024-05,240.0,Pro,NA
C00975,2024-02,2024-06,240.0,Pro,NA
C00975,2024-02,2024-07,288.0,Pro,NA
C00975,2024-02,2024-08,288.0,Pro,NA
C00975,2024-02,2024-09,288.0,Pro,NA
C00975,2024-02,2024-10,288.0,Pro,NA
C00975,2024-02,2024-11,288.0,Pro,NA
C00975,2024-02,2024-12,288.0,Pro,NA
C00976,2024-02,2024-02,200.0,Pro,APAC
C00976,2024-02,2024-03,200.0,Pro,APAC
C00976,2024-02,2024-04,200.0,Pro,APAC
C00976,2024-02,2024-05,200.0,Pro,APAC
C00976,2024-02,2024-06,200.0,Pro,APAC
C00976,2024-02,2024-07,200.0,Pro,APAC
C00976,2024-02,2024-08,200.0,Pro,APAC
C00976,2024-02,2024-09,200.0,Pro,APAC
C00976,2024-02,2024-10,200.0,Pro,APAC
C00976,2024-02,2024-11,200.0,Pro,APAC
C00976,2024-02,2024-12,200.0,Pro,APAC
C00977,2024-02,2024-02,50.0,Starter,NA
C00977,2024-02,2024-03,50.0,Starter,NA
C00977,2024-02,2024-04,50.0,Starter,NA
C00977,2024-02,2024-05,50.0,Starter,NA
C00977,2024-02,2024-06,50.0,Starter,NA
C00977,2024-02,2024-07,42.5,Starter,NA
C00977,2024-02,2024-08,42.5,Starter,NA
C00977,2024-02,2024-09,51.0,Starter,NA
C00977,2024-02,2024-10,51.0,Starter,NA
C00977,2024-02,2024-11,51.0,Starter,NA
C00977,2024-02,2024-12,51.0,Starter,NA
C00978,2024-02,2024-02,50.0,Starter,APAC
C00978,2024-02,2024-03,50.0,Starter,APAC
C00978,2024-02,2024-04,50.0,Starter,APAC
C00978,2024-02,2024-05,50.0,Starter,APAC
C00978,2024-02,2024-06,50.0,Starter,APAC
C00978,2024-02,2024-07,50.0,Starter,APAC
C00978,2024-02,2024-08,50.0,Starter,APAC
C00978,2024-02,2024-09,50.0,Starter,APAC
C00978,2024-02,2024-10,50.0,Starter,APAC
C00978,2024-02,2024-11,50.0,Starter,APAC
C00978,2024-02,2024-12,50.0,Starter,APAC
C00979,2024-02,2024-02,200.0,Pro,EMEA
C00979,2024-02,2024-03,200.0,Pro,EMEA
C00979,2024-02,2024-04,200.0,Pro,EMEA
C00979,2024-02,2024-05,200.0,Pro,EMEA
C00979,2024-02,2024-06,200.0,Pro,EMEA
C00979,2024-02,2024-07,240.0,Pro,EMEA
C00979,2024-02,2024-08,240.0,Pro,EMEA
C00979,2024-02,2024-09,240.0,Pro,EMEA
C00979,2024-02,2024-10,240.0,Pro,EMEA
C00979,2024-02,2024-11,240.0,Pro,EMEA
C00979,2024-02,2024-12,240.0,Pro,EMEA
C00980,2024-02,2024-02,200.0,Pro,EMEA
C00980,2024-02,2024-03,200.0,Pro,EMEA
C00980,2024-02,2024-04,200.0,Pro,EMEA
C00980,2024-02,2024-05,200.0,Pro,EMEA
C00980,2024-02,2024-06,200.0,Pro,EMEA
C00980,2024-02,2024-07,200.0,Pro,EMEA
C00980,2024-02,2024-08,200.0,Pro,EMEA
C00980,2024-02,2024-09,200.0,Pro,EMEA
C00980,2024-02,2024-10,200.0,Pro,EMEA
C00980,2024-02,2024-11,200.0,Pro,EMEA
C00980,2024-02,2024-12,200.0,Pro,EMEA
C00981,2024-02,2024-02,50.0,Starter,NA
C00981,2024-02,2024-03,50.0,Starter,NA
C00981,2024-02,2024-04,50.0,Starter,NA
C00981,2024-02,2024-05,50.0,Starter,NA
C00981,2024-02,2024-06,50.0,Starter,NA
C00981,2024-02,2024-07,50.0,Starter,NA
C00981,2024-02,2024-08,50.0,Starter,NA
C00981,2024-02,2024-09,50.0,Starter,NA
C00981,2024-02,2024-10,50.0,Starter,NA
C00981,2024-02,2024-11,50.0,Starter,NA
C00981,2024-02,2024-12,50.0,Starter,NA
C00982,2024-02,2024-02,50.0,Starter,NA
C00982,2024-02,2024-03,50.0,Starter,NA
C00982,2024-02,2024-04,50.0,Starter,NA
C00982,2024-02,2024-05,50.0,Starter,NA
C00982,2024-02,2024-06,50.0,Starter,NA
C00982,2024-02,2024-07,50.0,Starter,NA
C00982,2024-02,2024-08,60.0,Starter,NA
C00982,2024-02,2024-09,72.0,Starter,NA
C00982,2024-02,2024-10,72.0,Starter,NA
C00982,2024-02,2024-11,86.4,Starter,NA
C00982,2024-02,2024-12,86.4,Starter,NA
C00983,2024-02,2024-02,200.0,Pro,EMEA
C00983,2024-02,2024-03,200.0,Pro,EMEA
C00983,2024-02,2024-04,170.0,Pro,EMEA
C00983,2024-02,2024-05,170.0,Pro,EMEA
C00983,2024-02,2024-06,170.0,Pro,EMEA
C00983,2024-02,2024-07,170.0,Pro,EMEA
C00983,2024-02,2024-08,170.0,Pro,EMEA
C00983,2024-02,2024-09,170.0,Pro,EMEA
C00983,2024-02,2024-10,170.0,Pro,EMEA
C00983,2024-02,2024-11,170.0,Pro,EMEA
C00983,2024-02,2024-12,204.0,Pro,EMEA
C00984,2024-02,2024-02,50.0,Starter,NA
C00984,2024-02,2024-03,50.0,Starter,NA
C00984,2024-02,2024-04,50.0,Starter,NA
C00984,2024-02,2024-05,50.0,Starter,NA
C00984,2024-02,2024-06,50.0,Starter,NA
C00984,2024-02,2024-07,60.0,Starter,NA
C00984,2024-02,2024-08,60.0,Starter,NA
C00984,2024-02,2024-09,60.0,Starter,NA
C00984,2024-02,2024-10,51.0,Starter,NA
C00984,2024-02,2024-11,61.2,Starter,NA
C00984,2024-02,2024-12,73.44,Starter,NA
C00985,2024-02,2024-02,50.0,Starter,NA
C00985,2024-02,2024-03,50.0,Starter,NA
C00986,2024-02,2024-02,50.0,Starter,NA
C00986,2024-02,2024-03,60.0,Starter,NA
C00986,2024-02,2024-04,51.0,Starter,NA
C00986,2024-02,2024-05,51.0,Starter,NA
C00986,2024-02,2024-06,51.0,Starter,NA
C00986,2024-02,2024-07,51.0,Starter,NA
C00986,2024-02,2024-08,51.0,Starter,NA
C00986,2024-02,2024-09,51.0,Starter,NA
C00986,2024-02,2024-10,51.0,Starter,NA
C00986,2024-02,2024-11,51.0,Starter,NA
C00986,2024-02,2024-12,51.0,Starter,NA
C00987,2024-02,2024-02,50.0,Starter,NA
C00987,2024-02,2024-03,50.0,Starter,NA
C00987,2024-02,2024-04,60.0,Starter,NA
C00987,2024-02,2024-05,72.0,Starter,NA
C00987,2024-02,2024-06,61.2,Starter,NA
C00987,2024-02,2024-07,52.02,Starter,NA
C00987,2024-02,2024-08,52.02,Starter,NA
C00987,2024-02,2024-09,44.22,Starter,NA
C00987,2024-02,2024-10,44.22,Starter,NA
C00987,2024-02,2024-11,44.22,Starter,NA
C00987,2024-02,2024-12,37.58,Starter,NA
C00988,2024-02,2024-02,50.0,Starter,EMEA
C00988,2024-02,2024-03,60.0,Starter,EMEA
C00988,2024-02,2024-04,60.0,Starter,EMEA
C00988,2024-02,2024-05,60.0,Starter,EMEA
C00988,2024-02,2024-06,60.0,Starter,EMEA
C00988,2024-02,2024-07,72.0,Starter,EMEA
C00988,2024-02,2024-08,72.0,Starter,EMEA
C00988,2024-02,2024-09,72.0,Starter,EMEA
C00988,2024-02,2024-10,72.0,Starter,EMEA
C00988,2024-02,2024-11,72.0,Starter,EMEA
C00988,2024-02,2024-12,86.4,Starter,EMEA
C00989,2024-02,2024-02,200.0,Pro,NA
C00989,2024-02,2024-03,200.0,Pro,NA
C00989,2024-02,2024-04,200.0,Pro,NA
C00989,2024-02,2024-05,200.0,Pro,NA
C00989,2024-02,2024-06,200.0,Pro,NA
C00989,2024-02,2024-07,200.0,Pro,NA
C00989,2024-02,2024-08,200.0,Pro,NA
C00989,2024-02,2024-09,200.0,Pro,NA
C00989,2024-02,2024-10,200.0,Pro,NA
C00989,2024-02,2024-11,200.0,Pro,NA
C00989,2024-02,2024-12,200.0,Pro,NA
C00990,2024-02,2024-02,200.0,Pro,NA
C00990,2024-02,2024-03,200.0,Pro,NA
C00990,2024-02,2024-04,240.0,Pro,NA
C00990,2024-02,2024-05,240.0,Pro,NA
C00990,2024-02,2024-06,240.0,Pro,NA
C00990,2024-02,2024-07,240.0,Pro,NA
C00990,2024-02,2024-08,240.0,Pro,NA
C00990,2024-02,2024-09,240.0,Pro,NA
C00990,2024-02,2024-10,288.0,Pro,NA
C00990,2024-02,2024-11,288.0,Pro,NA
C00990,2024-02,2024-12,288.0,Pro,NA
C00991,2024-02,2024-02,50.0,Starter,NA
C00991,2024-02,2024-03,50.0,Starter,NA
C00991,2024-02,2024-04,50.0,Starter,NA
C00991,2024-02,2024-05,50.0,Starter,NA
C00991,2024-02,2024-06,50.0,Starter,NA
C00991,2024-02,2024-07,50.0,Starter,NA
C00991,2024-02,2024-08,60.0,Starter,NA
C00991,2024-02,2024-09,60.0,Starter,NA
C00991,2024-02,2024-10,72.0,Starter,NA
C00991,2024-02,2024-11,72.0,Starter,NA
C00991,2024-02,2024-12,72.0,Starter,NA
C00992,2024-02,2024-02,200.0,Pro,APAC
C00992,2024-02,2024-03,240.0,Pro,APAC
C00992,2024-02,2024-04,240.0,Pro,APAC
C00992,2024-02,2024-05,204.0,Pro,APAC
C00992,2024-02,2024-06,204.0,Pro,APAC
C00992,2024-02,2024-07,204.0,Pro,APAC
C00992,2024-02,2024-08,244.8,Pro,APAC
C00992,2024-02,2024-09,244.8,Pro,APAC
C00992,2024-02,2024-10,244.8,Pro,APAC
C00992,2024-02,2024-11,293.76,Pro,APAC
C00992,2024-02,2024-12,293.76,Pro,APAC
C00993,2024-02,2024-02,50.0,Starter,NA
C00993,2024-02,2024-03,50.0,Starter,NA
C00993,2024-02,2024-04,50.0,Starter,NA
C00993,2024-02,2024-05,50.0,Starter,NA
C00993,2024-02,2024-06,50.0,Starter,NA
C00993,2024-02,2024-07,50.0,Starter,NA
C00993,2024-02,2024-08,42.5,Starter,NA
C00993,2024-02,2024-09,42.5,Starter,NA
C00993,2024-02,2024-10,42.5,Starter,NA
C00993,2024-02,2024-11,42.5,Starter,NA
C00993,2024-02,2024-12,42.5,Starter,NA
C00994,2024-02,2024-02,50.0,Starter,EMEA
C00994,2024-02,2024-03,50.0,Starter,EMEA
C00994,2024-02,2024-04,50.0,Starter,EMEA
C00994,2024-02,2024-05,50.0,Starter,EMEA
C00994,2024-02,2024-06,60.0,Starter,EMEA
C00994,2024-02,2024-07,60.0,Starter,EMEA
C00994,2024-02,2024-08,60.0,Starter,EMEA
C00994,2024-02,2024-09,60.0,Starter,EMEA
C00994,2024-02,2024-10,60.0,Starter,EMEA
C00994,2024-02,2024-11,60.0,Starter,EMEA
C00994,2024-02,2024-12,60.0,Starter,EMEA
C00995,2024-02,2024-02,200.0,Pro,APAC
C00995,2024-02,2024-03,200.0,Pro,APAC
C00995,2024-02,2024-04,200.0,Pro,APAC
C00995,2024-02,2024-05,240.0,Pro,APAC
C00995,2024-02,2024-06,240.0,Pro,APAC
C00995,2024-02,2024-07,240.0,Pro,APAC
C00995,2024-02,2024-08,288.0,Pro,APAC
C00995,2024-02,2024-09,288.0,Pro,APAC
C00995,2024-02,2024-10,345.6,Pro,APAC
C00995,2024-02,2024-11,414.72,Pro,APAC
C00995,2024-02,2024-12,414.72,Pro,APAC
C00996,2024-02,2024-02,50.0,Starter,NA
C00996,2024-02,2024-03,50.0,Starter,NA
C00997,2024-02,2024-02,50.0,Starter,NA
C00997,2024-02,2024-03,50.0,Starter,NA
C00997,2024-02,2024-04,60.0,Starter,NA
C00997,2024-02,2024-05,60.0,Starter,NA
C00997,2024-02,2024-06,60.0,Starter,NA
C00997,2024-02,2024-07,60.0,Starter,NA
C00997,2024-02,2024-08,51.0,Starter,NA
C00997,2024-02,2024-09,51.0,Starter,NA
C00997,2024-02,2024-10,51.0,Starter,NA
C00997,2024-02,2024-11,51.0,Starter,NA
C00997,2024-02,2024-12,51.0,Starter,NA
C00998,2024-02,2024-02,200.0,Pro,EMEA
C00998,2024-02,2024-03,200.0,Pro,EMEA
C00998,2024-02,2024-04,200.0,Pro,EMEA
C00998,2024-02,2024-05,200.0,Pro,EMEA
C00998,2024-02,2024-06,200.0,Pro,EMEA
C00998,2024-02,2024-07,200.0,Pro,EMEA
C00998,2024-02,2024-08,200.0,Pro,EMEA
C00998,2024-02,2024-09,240.0,Pro,EMEA
C00998,2024-02,2024-10,240.0,Pro,EMEA
C00998,2024-02,2024-11,240.0,Pro,EMEA
C00998,2024-02,2024-12,288.0,Pro,EMEA
C00999,2024-02,2024-02,50.0,Starter,EMEA
C00999,2024-02,2024-03,50.0,Starter,EMEA
C00999,2024-02,2024-04,42.5,Starter,EMEA
C00999,2024-02,2024-05,42.5,Starter,EMEA
C00999,2024-02,2024-06,42.5,Starter,EMEA
C00999,2024-02,2024-07,42.5,Starter,EMEA
C00999,2024-02,2024-08,51.0,Starter,EMEA
C00999,2024-02,2024-09,51.0,Starter,EMEA
C00999,2024-02,2024-10,51.0,Starter,EMEA
C00999,2024-02,2024-11,61.2,Starter,EMEA
C00999,2024-02,2024-12,61.2,Starter,EMEA
C01000,2024-02,2024-02,50.0,Starter,NA
C01000,2024-02,2024-03,50.0,Starter,NA
C01000,2024-02,2024-04,50.0,Starter,NA
C01000,2024-02,2024-05,50.0,Starter,NA
C01000,2024-02,2024-06,50.0,Starter,NA
C01000,2024-02,2024-07,50.0,Starter,NA
C01001,2024-03,2024-03,50.0,Starter,NA
C01001,2024-03,2024-04,50.0,Starter,NA
C01001,2024-03,2024-05,50.0,Starter,NA
C01001,2024-03,2024-06,50.0,Starter,NA
C01001,2024-03,2024-07,50.0,Starter,NA
C01001,2024-03,2024-08,50.0,Starter,NA
C01001,2024-03,2024-09,50.0,Starter,NA
C01001,2024-03,2024-10,60.0,Starter,NA
C01001,2024-03,2024-11,60.0,Starter,NA
C01001,2024-03,2024-12,60.0,Starter,NA
C01002,2024-03,2024-03,200.0,Pro,EMEA
C01002,2024-03,2024-04,200.0,Pro,EMEA
C01002,2024-03,2024-05,200.0,Pro,EMEA
C01002,2024-03,2024-06,200.0,Pro,EMEA
C01002,2024-03,2024-07,200.0,Pro,EMEA
C01002,2024-03,2024-08,200.0,Pro,EMEA
C01002,2024-03,2024-09,200.0,Pro,EMEA
C01002,2024-03,2024-10,240.0,Pro,EMEA
C01002,2024-03,2024-11,240.0,Pro,EMEA
C01002,2024-03,2024-12,288.0,Pro,EMEA
C01003,2024-03,2024-03,50.0,Starter,NA
C01003,2024-03,2024-04,60.0,Starter,NA
C01003,2024-03,2024-05,72.0,Starter,NA
C01003,2024-03,2024-06,72.0,Starter,NA
C01003,2024-03,2024-07,72.0,Starter,NA
C01003,2024-03,2024-08,72.0,Starter,NA
C01003,2024-03,2024-09,72.0,Starter,NA
C01003,2024-03,2024-10,72.0,Starter,NA
C01003,2024-03,2024-11,72.0,Starter,NA
C01003,2024-03,2024-12,72.0,Starter,NA
C01004,2024-03,2024-03,50.0,Starter,LATAM
C01004,2024-03,2024-04,60.0,Starter,LATAM
C01004,2024-03,2024-05,60.0,Starter,LATAM
C01004,2024-03,2024-06,60.0,Starter,LATAM
C01004,2024-03,2024-07,60.0,Starter,LATAM
C01004,2024-03,2024-08,60.0,Starter,LATAM
C01004,2024-03,2024-09,60.0,Starter,LATAM
C01004,2024-03,2024-10,60.0,Starter,LATAM
C01004,2024-03,2024-11,60.0,Starter,LATAM
C01004,2024-03,2024-12,60.0,Starter,LATAM
C01005,2024-03,2024-03,50.0,Starter,NA
C01005,2024-03,2024-04,50.0,Starter,NA
C01005,2024-03,2024-05,50.0,Starter,NA
C01005,2024-03,2024-06,50.0,Starter,NA
C01005,2024-03,2024-07,50.0,Starter,NA
C01005,2024-03,2024-08,50.0,Starter,NA
C01005,2024-03,2024-09,50.0,Starter,NA
C01005,2024-03,2024-10,50.0,Starter,NA
C01005,2024-03,2024-11,50.0,Starter,NA
C01005,2024-03,2024-12,50.0,Starter,NA
C01006,2024-03,2024-03,50.0,Starter,NA
C01007,2024-03,2024-03,50.0,Starter,APAC
C01007,2024-03,2024-04,50.0,Starter,APAC
C01007,2024-03,2024-05,50.0,Starter,APAC
C01007,2024-03,2024-06,50.0,Starter,APAC
C01007,2024-03,2024-07,50.0,Starter,APAC
C01007,2024-03,2024-08,60.0,Starter,APAC
C01007,2024-03,2024-09,60.0,Starter,APAC
C01007,2024-03,2024-10,72.0,Starter,APAC
C01007,2024-03,2024-11,72.0,Starter,APAC
C01007,2024-03,2024-12,72.0,Starter,APAC
C01008,2024-03,2024-03,50.0,Starter,NA
C01008,2024-03,2024-04,50.0,Starter,NA
C01008,2024-03,2024-05,50.0,Starter,NA
C01008,2024-03,2024-06,50.0,Starter,NA
C01008,2024-03,2024-07,50.0,Starter,NA
C01008,2024-03,2024-08,50.0,Starter,NA
C01008,2024-03,2024-09,50.0,Starter,NA
C01008,2024-03,2024-10,60.0,Starter,NA
C01008,2024-03,2024-11,60.0,Starter,NA
C01008,2024-03,2024-12,72.0,Starter,NA
C01009,2024-03,2024-03,50.0,Starter,LATAM
C01009,2024-03,2024-04,50.0,Starter,LATAM
C01010,2024-03,2024-03,200.0,Pro,APAC
C01010,2024-03,2024-04,200.0,Pro,APAC
C01010,2024-03,2024-05,200.0,Pro,APAC
C01010,2024-03,2024-06,200.0,Pro,APAC
C01010,2024-03,2024-07,200.0,Pro,APAC
C01010,2024-03,2024-08,200.0,Pro,APAC
C01010,2024-03,2024-09,200.0,Pro,APAC
C01010,2024-03,2024-10,200.0,Pro,APAC
C01010,2024-03,2024-11,200.0,Pro,APAC
C01010,2024-03,2024-12,200.0,Pro,APAC
C01011,2024-03,2024-03,50.0,Starter,NA
C01011,2024-03,2024-04,42.5,Starter,NA
C01011,2024-03,2024-05,42.5,Starter,NA
C01011,2024-03,2024-06,42.5,Starter,NA
C01011,2024-03,2024-07,42.5,Starter,NA
C01011,2024-03,2024-08,42.5,Starter,NA
C01011,2024-03,2024-09,42.5,Starter,NA
C01011,2024-03,2024-10,42.5,Starter,NA
C01011,2024-03,2024-11,36.12,Starter,NA
C01011,2024-03,2024-12,43.35,Starter,NA
C01012,2024-03,2024-03,50.0,Starter,APAC
C01012,2024-03,2024-04,60.0,Starter,APAC
C01012,2024-03,2024-05,60.0,Starter,APAC
C01012,2024-03,2024-06,60.0,Starter,APAC
C01012,2024-03,2024-07,60.0,Starter,APAC
C01012,2024-03,2024-08,60.0,Starter,APAC
C01012,2024-03,2024-09,72.0,Starter,APAC
C01012,2024-03,2024-10,72.0,Starter,APAC
C01012,2024-03,2024-11,72.0,Starter,APAC
C01012,2024-03,2024-12,72.0,Starter,APAC
C01013,2024-03,2024-03,200.0,Pro,NA
C01013,2024-03,2024-04,200.0,Pro,NA
C01013,2024-03,2024-05,200.0,Pro,NA
C01013,2024-03,2024-06,200.0,Pro,NA
C01013,2024-03,2024-07,200.0,Pro,NA
C01013,2024-03,2024-08,200.0,Pro,NA
C01013,2024-03,2024-09,200.0,Pro,NA
C01013,2024-03,2024-10,200.0,Pro,NA
C01013,2024-03,2024-11,200.0,Pro,NA
C01013,2024-03,2024-12,240.0,Pro,NA
C01014,2024-03,2024-03,50.0,Starter,NA
C01014,2024-03,2024-04,50.0,Starter,NA
C01014,2024-03,2024-05,50.0,Starter,NA
C01014,2024-03,2024-06,60.0,Starter,NA
C01014,2024-03,2024-07,60.0,Starter,NA
C01014,2024-03,2024-08,60.0,Starter,NA
C01014,2024-03,2024-09,60.0,Starter,NA
C01014,2024-03,2024-10,60.0,Starter,NA
C01014,2024-03,2024-11,72.0,Starter,NA
C01014,2024-03,2024-12,72.0,Starter,NA
C01015,2024-03,2024-03,200.0,Pro,APAC
C01015,2024-03,2024-04,200.0,Pro,APAC
C01015,2024-03,2024-05,200.0,Pro,APAC
C01015,2024-03,2024-06,200.0,Pro,APAC
C01015,2024-03,2024-07,200.0,Pro,APAC
C01015,2024-03,2024-08,200.0,Pro,APAC
C01015,2024-03,2024-09,240.0,Pro,APAC
C01015,2024-03,2024-10,240.0,Pro,APAC
C01015,2024-03,2024-11,240.0,Pro,APAC
C01015,2024-03,2024-12,204.0,Pro,APAC
C01016,2024-03,2024-03,200.0,Pro,EMEA
C01016,2024-03,2024-04,200.0,Pro,EMEA
C01016,2024-03,2024-05,200.0,Pro,EMEA
C01016,2024-03,2024-06,200.0,Pro,EMEA
C01016,2024-03,2024-07,200.0,Pro,EMEA
C01016,2024-03,2024-08,200.0,Pro,EMEA
C01016,2024-03,2024-09,200.0,Pro,EMEA
C01016,2024-03,2024-10,200.0,Pro,EMEA
C01016,2024-03,2024-11,200.0,Pro,EMEA
C01016,2024-03,2024-12,200.0,Pro,EMEA
C01017,2024-03,2024-03,200.0,Pro,EMEA
C01017,2024-03,2024-04,240.0,Pro,EMEA
C01017,2024-03,2024-05,240.0,Pro,EMEA
C01017,2024-03,2024-06,240.0,Pro,EMEA
C01017,2024-03,2024-07,240.0,Pro,EMEA
C01017,2024-03,2024-08,240.0,Pro,EMEA
C01017,2024-03,2024-09,204.0,Pro,EMEA
C01017,2024-03,2024-10,244.8,Pro,EMEA
C01017,2024-03,2024-11,244.8,Pro,EMEA
C01017,2024-03,2024-12,244.8,Pro,EMEA
C01018,2024-03,2024-03,200.0,Pro,NA
C01018,2024-03,2024-04,200.0,Pro,NA
C01018,2024-03,2024-05,200.0,Pro,NA
C01018,2024-03,2024-06,200.0,Pro,NA
C01018,2024-03,2024-07,200.0,Pro,NA
C01018,2024-03,2024-08,240.0,Pro,NA
C01018,2024-03,2024-09,288.0,Pro,NA
C01018,2024-03,2024-10,288.0,Pro,NA
C01018,2024-03,2024-11,288.0,Pro,NA
C01018,2024-03,2024-12,345.6,Pro,NA
C01019,2024-03,2024-03,50.0,Starter,EMEA
C01019,2024-03,2024-04,60.0,Starter,EMEA
C01019,2024-03,2024-05,72.0,Starter,EMEA
C01019,2024-03,2024-06,72.0,Starter,EMEA
C01019,2024-03,2024-07,72.0,Starter,EMEA
C01019,2024-03,2024-08,72.0,Starter,EMEA
C01019,2024-03,2024-09,72.0,Starter,EMEA
C01019,2024-03,2024-10,72.0,Starter,EMEA
C01019,2024-03,2024-11,72.0,Starter,EMEA
C01019,2024-03,2024-12,72.0,Starter,EMEA
C01020,2024-03,2024-03,50.0,Starter,NA
C01020,2024-03,2024-04,50.0,Starter,NA
C01020,2024-03,2024-05,50.0,Starter,NA
C01020,2024-03,2024-06,42.5,Starter,NA
C01020,2024-03,2024-07,42.5,Starter,NA
C01020,2024-03,2024-08,42.5,Starter,NA
C01020,2024-03,2024-09,42.5,Starter,NA
C01020,2024-03,2024-10,51.0,Starter,NA
C01020,2024-03,2024-11,61.2,Starter,NA
C01020,2024-03,2024-12,52.02,Starter,NA
C01021,2024-03,2024-03,800.0,Enterprise,NA
C01021,2024-03,2024-04,800.0,Enterprise,NA
C01021,2024-03,2024-05,800.0,Enterprise,NA
C01021,2024-03,2024-06,800.0,Enterprise,NA
C01021,2024-03,2024-07,800.0,Enterprise,NA
C01021,2024-03,2024-08,800.0,Enterprise,NA
C01021,2024-03,2024-09,800.0,Enterprise,NA
C01021,2024-03,2024-10,800.0,Enterprise,NA
C01021,2024-03,2024-11,800.0,Enterprise,NA
C01021,2024-03,2024-12,800.0,Enterprise,NA
C01022,2024-03,2024-03,200.0,Pro,EMEA
C01022,2024-03,2024-04,200.0,Pro,EMEA
C01022,2024-03,2024-05,200.0,Pro,EMEA
C01022,2024-03,2024-06,200.0,Pro,EMEA
C01022,2024-03,2024-07,200.0,Pro,EMEA
C01022,2024-03,2024-08,200.0,Pro,EMEA
C01022,2024-03,2024-09,200.0,Pro,EMEA
C01022,2024-03,2024-10,200.0,Pro,EMEA
C01022,2024-03,2024-11,200.0,Pro,EMEA
C01022,2024-03,2024-12,200.0,Pro,EMEA
C01023,2024-03,2024-03,200.0,Pro,NA
C01024,2024-03,2024-03,200.0,Pro,APAC
C01024,2024-03,2024-04,240.0,Pro,APAC
C01024,2024-03,2024-05,204.0,Pro,APAC
C01024,2024-03,2024-06,204.0,Pro,APAC
C01024,2024-03,2024-07,204.0,Pro,APAC
C01024,2024-03,2024-08,204.0,Pro,APAC
C01024,2024-03,2024-09,204.0,Pro,APAC
C01024,2024-03,2024-10,244.8,Pro,APAC
C01024,2024-03,2024-11,244.8,Pro,APAC
C01024,2024-03,2024-12,244.8,Pro,APAC
C01025,2024-03,2024-03,200.0,Pro,EMEA
C01025,2024-03,2024-04,200.0,Pro,EMEA
C01025,2024-03,2024-05,200.0,Pro,EMEA
C01025,2024-03,2024-06,200.0,Pro,EMEA
C01025,2024-03,2024-07,200.0,Pro,EMEA
C01025,2024-03,2024-08,240.0,Pro,EMEA
C01025,2024-03,2024-09,240.0,Pro,EMEA
C01025,2024-03,2024-10,204.0,Pro,EMEA
C01025,2024-03,2024-11,204.0,Pro,EMEA
C01025,2024-03,2024-12,204.0,Pro,EMEA
C01026,2024-03,2024-03,50.0,Starter,LATAM
C01026,2024-03,2024-04,50.0,Starter,LATAM
C01026,2024-03,2024-05,50.0,Starter,LATAM
C01026,2024-03,2024-06,50.0,Starter,LATAM
C01026,2024-03,2024-07,50.0,Starter,LATAM
C01026,2024-03,2024-08,50.0,Starter,LATAM
C01026,2024-03,2024-09,50.0,Starter,LATAM
C01026,2024-03,2024-10,50.0,Starter,LATAM
C01026,2024-03,2024-11,42.5,Starter,LATAM
C01026,2024-03,2024-12,42.5,Starter,LATAM
C01027,2024-03,2024-03,50.0,Starter,NA
C01027,2024-03,2024-04,50.0,Starter,NA
C01027,2024-03,2024-05,50.0,Starter,NA
C01027,2024-03,2024-06,50.0,Starter,NA
C01027,2024-03,2024-07,50.0,Starter,NA
C01027,2024-03,2024-08,50.0,Starter,NA
C01027,2024-03,2024-09,50.0,Starter,NA
C01027,2024-03,2024-10,50.0,Starter,NA
C01027,2024-03,2024-11,50.0,Starter,NA
C01027,2024-03,2024-12,42.5,Starter,NA
C01028,2024-03,2024-03,50.0,Starter,EMEA
C01028,2024-03,2024-04,42.5,Starter,EMEA
C01028,2024-03,2024-05,51.0,Starter,EMEA
C01028,2024-03,2024-06,51.0,Starter,EMEA
C01028,2024-03,2024-07,61.2,Starter,EMEA
C01028,2024-03,2024-08,61.2,Starter,EMEA
C01028,2024-03,2024-09,61.2,Starter,EMEA
C01028,2024-03,2024-10,73.44,Starter,EMEA
C01028,2024-03,2024-11,88.13,Starter,EMEA
C01028,2024-03,2024-12,88.13,Starter,EMEA
C01029,2024-03,2024-03,200.0,Pro,EMEA
C01029,2024-03,2024-04,200.0,Pro,EMEA
C01029,2024-03,2024-05,200.0,Pro,EMEA
C01029,2024-03,2024-06,200.0,Pro,EMEA
C01029,2024-03,2024-07,200.0,Pro,EMEA
C01029,2024-03,2024-08,240.0,Pro,EMEA
C01029,2024-03,2024-09,240.0,Pro,EMEA
C01029,2024-03,2024-10,288.0,Pro,EMEA
C01029,2024-03,2024-11,288.0,Pro,EMEA
C01029,2024-03,2024-12,288.0,Pro,EMEA
C01030,2024-03,2024-03,50.0,Starter,LATAM
C01031,2024-03,2024-03,50.0,Starter,APAC
C01031,2024-03,2024-04,50.0,Starter,APAC
C01031,2024-03,2024-05,60.0,Starter,APAC
C01031,2024-03,2024-06,60.0,Starter,APAC
C01031,2024-03,2024-07,60.0,Starter,APAC
C01031,2024-03,2024-08,72.0,Starter,APAC
C01031,2024-03,2024-09,72.0,Starter,APAC
C01031,2024-03,2024-10,86.4,Starter,APAC
C01031,2024-03,2024-11,86.4,Starter,APAC
C01031,2024-03,2024-12,86.4,Starter,APAC
C01032,2024-03,2024-03,50.0,Starter,EMEA
C01032,2024-03,2024-04,60.0,Starter,EMEA
C01032,2024-03,2024-05,60.0,Starter,EMEA
C01032,2024-03,2024-06,60.0,Starter,EMEA
C01032,2024-03,2024-07,60.0,Starter,EMEA
C01032,2024-03,2024-08,60.0,Starter,EMEA
C01032,2024-03,2024-09,60.0,Starter,EMEA
C01032,2024-03,2024-10,60.0,Starter,EMEA
C01032,2024-03,2024-11,60.0,Starter,EMEA
C01032,2024-03,2024-12,60.0,Starter,EMEA
C01033,2024-03,2024-03,800.0,Enterprise,LATAM
C01033,2024-03,2024-04,800.0,Enterprise,LATAM
C01033,2024-03,2024-05,800.0,Enterprise,LATAM
C01033,2024-03,2024-06,800.0,Enterprise,LATAM
C01033,2024-03,2024-07,800.0,Enterprise,LATAM
C01033,2024-03,2024-08,800.0,Enterprise,LATAM
C01033,2024-03,2024-09,800.0,Enterprise,LATAM
C01033,2024-03,2024-10,800.0,Enterprise,LATAM
C01033,2024-03,2024-11,800.0,Enterprise,LATAM
C01033,2024-03,2024-12,800.0,Enterprise,LATAM
C01034,2024-03,2024-03,200.0,Pro,EMEA
C01034,2024-03,2024-04,200.0,Pro,EMEA
C01034,2024-03,2024-05,240.0,Pro,EMEA
C01034,2024-03,2024-06,240.0,Pro,EMEA
C01034,2024-03,2024-07,240.0,Pro,EMEA
C01034,2024-03,2024-08,240.0,Pro,EMEA
C01034,2024-03,2024-09,240.0,Pro,EMEA
C01034,2024-03,2024-10,240.0,Pro,EMEA
C01034,2024-03,2024-11,240.0,Pro,EMEA
C01034,2024-03,2024-12,240.0,Pro,EMEA
C01035,2024-03,2024-03,50.0,Starter,NA
C01035,2024-03,2024-04,50.0,Starter,NA
C01035,2024-03,2024-05,50.0,Starter,NA
C01035,2024-03,2024-06,50.0,Starter,NA
C01035,2024-03,2024-07,50.0,Starter,NA
C01035,2024-03,2024-08,42.5,Starter,NA
C01035,2024-03,2024-09,42.5,Starter,NA
C01035,2024-03,2024-10,42.5,Starter,NA
C01035,2024-03,2024-11,42.5,Starter,NA
C01035,2024-03,2024-12,36.12,Starter,NA
C01036,2024-03,2024-03,200.0,Pro,NA
C01036,2024-03,2024-04,240.0,Pro,NA
C01036,2024-03,2024-05,240.0,Pro,NA
C01036,2024-03,2024-06,240.0,Pro,NA
C01036,2024-03,2024-07,240.0,Pro,NA
C01036,2024-03,2024-08,240.0,Pro,NA
C01036,2024-03,2024-09,240.0,Pro,NA
C01036,2024-03,2024-10,240.0,Pro,NA
C01036,2024-03,2024-11,240.0,Pro,NA
C01036,2024-03,2024-12,240.0,Pro,NA
C01037,2024-03,2024-03,50.0,Starter,EMEA
C01037,2024-03,2024-04,50.0,Starter,EMEA
C01037,2024-03,2024-05,60.0,Starter,EMEA
C01038,2024-03,2024-03,200.0,Pro,EMEA
C01038,2024-03,2024-04,200.0,Pro,EMEA
C01038,2024-03,2024-05,200.0,Pro,EMEA
C01038,2024-03,2024-06,200.0,Pro,EMEA
C01038,2024-03,2024-07,240.0,Pro,EMEA
C01038,2024-03,2024-08,288.0,Pro,EMEA
C01038,2024-03,2024-09,288.0,Pro,EMEA
C01038,2024-03,2024-10,288.0,Pro,EMEA
C01039,2024-03,2024-03,200.0,Pro,NA
C01039,2024-03,2024-04,200.0,Pro,NA
C01039,2024-03,2024-05,200.0,Pro,NA
C01039,2024-03,2024-06,200.0,Pro,NA
C01039,2024-03,2024-07,200.0,Pro,NA
C01039,2024-03,2024-08,200.0,Pro,NA
C01039,2024-03,2024-09,240.0,Pro,NA
C01039,2024-03,2024-10,240.0,Pro,NA
C01039,2024-03,2024-11,240.0,Pro,NA
C01039,2024-03,2024-12,240.0,Pro,NA
C01040,2024-03,2024-03,50.0,Starter,LATAM
C01040,2024-03,2024-04,50.0,Starter,LATAM
C01040,2024-03,2024-05,50.0,Starter,LATAM
C01040,2024-03,2024-06,60.0,Starter,LATAM
C01040,2024-03,2024-07,60.0,Starter,LATAM
C01040,2024-03,2024-08,60.0,Starter,LATAM
C01040,2024-03,2024-09,72.0,Starter,LATAM
C01040,2024-03,2024-10,86.4,Starter,LATAM
C01040,2024-03,2024-11,86.4,Starter,LATAM
C01040,2024-03,2024-12,86.4,Starter,LATAM
C01041,2024-03,2024-03,200.0,Pro,NA
C01041,2024-03,2024-04,240.0,Pro,NA
C01042,2024-03,2024-03,200.0,Pro,APAC
C01042,2024-03,2024-04,200.0,Pro,APAC
C01042,2024-03,2024-05,240.0,Pro,APAC
C01042,2024-03,2024-06,240.0,Pro,APAC
C01042,2024-03,2024-07,240.0,Pro,APAC
C01042,2024-03,2024-08,204.0,Pro,APAC
C01042,2024-03,2024-09,204.0,Pro,APAC
C01042,2024-03,2024-10,204.0,Pro,APAC
C01042,2024-03,2024-11,204.0,Pro,APAC
C01042,2024-03,2024-12,204.0,Pro,APAC
C01043,2024-03,2024-03,200.0,Pro,APAC
C01043,2024-03,2024-04,200.0,Pro,APAC
C01043,2024-03,2024-05,200.0,Pro,APAC
C01043,2024-03,2024-06,200.0,Pro,APAC
C01043,2024-03,2024-07,240.0,Pro,APAC
C01043,2024-03,2024-08,240.0,Pro,APAC
C01043,2024-03,2024-09,240.0,Pro,APAC
C01043,2024-03,2024-10,240.0,Pro,APAC
C01043,2024-03,2024-11,240.0,Pro,APAC
C01043,2024-03,2024-12,240.0,Pro,APAC
C01044,2024-03,2024-03,200.0,Pro,NA
C01044,2024-03,2024-04,200.0,Pro,NA
C01044,2024-03,2024-05,200.0,Pro,NA
C01044,2024-03,2024-06,200.0,Pro,NA
C01044,2024-03,2024-07,200.0,Pro,NA
C01044,2024-03,2024-08,200.0,Pro,NA
C01044,2024-03,2024-09,240.0,Pro,NA
C01044,2024-03,2024-10,288.0,Pro,NA
C01044,2024-03,2024-11,288.0,Pro,NA
C01044,2024-03,2024-12,288.0,Pro,NA
C01045,2024-03,2024-03,50.0,Starter,NA
C01045,2024-03,2024-04,50.0,Starter,NA
C01045,2024-03,2024-05,42.5,Starter,NA
C01045,2024-03,2024-06,42.5,Starter,NA
C01045,2024-03,2024-07,42.5,Starter,NA
C01045,2024-03,2024-08,42.5,Starter,NA
C01045,2024-03,2024-09,51.0,Starter,NA
C01045,2024-03,2024-10,51.0,Starter,NA
C01045,2024-03,2024-11,51.0,Starter,NA
C01045,2024-03,2024-12,51.0,Starter,NA
C01046,2024-03,2024-03,50.0,Starter,NA
C01046,2024-03,2024-04,50.0,Starter,NA
C01046,2024-03,2024-05,50.0,Starter,NA
C01046,2024-03,2024-06,50.0,Starter,NA
C01046,2024-03,2024-07,50.0,Starter,NA
C01046,2024-03,2024-08,50.0,Starter,NA
C01046,2024-03,2024-09,50.0,Starter,NA
C01046,2024-03,2024-10,60.0,Starter,NA
C01047,2024-03,2024-03,200.0,Pro,NA
C01047,2024-03,2024-04,200.0,Pro,NA
C01047,2024-03,2024-05,200.0,Pro,NA
C01047,2024-03,2024-06,200.0,Pro,NA
C01047,2024-03,2024-07,200.0,Pro,NA
C01047,2024-03,2024-08,200.0,Pro,NA
C01047,2024-03,2024-09,200.0,Pro,NA
C01047,2024-03,2024-10,200.0,Pro,NA
C01047,2024-03,2024-11,200.0,Pro,NA
C01047,2024-03,2024-12,200.0,Pro,NA
C01048,2024-03,2024-03,50.0,Starter,NA
C01048,2024-03,2024-04,50.0,Starter,NA
C01048,2024-03,2024-05,50.0,Starter,NA
C01048,2024-03,2024-06,60.0,Starter,NA
C01048,2024-03,2024-07,72.0,Starter,NA
C01048,2024-03,2024-08,72.0,Starter,NA
C01048,2024-03,2024-09,86.4,Starter,NA
C01048,2024-03,2024-10,103.68,Starter,NA
C01048,2024-03,2024-11,103.68,Starter,NA
C01048,2024-03,2024-12,124.42,Starter,NA
C01049,2024-03,2024-03,50.0,Starter,LATAM
C01049,2024-03,2024-04,50.0,Starter,LATAM
C01049,2024-03,2024-05,50.0,Starter,LATAM
C01049,2024-03,2024-06,50.0,Starter,LATAM
C01049,2024-03,2024-07,50.0,Starter,LATAM
C01049,2024-03,2024-08,50.0,Starter,LATAM
C01049,2024-03,2024-09,50.0,Starter,LATAM
C01049,2024-03,2024-10,60.0,Starter,LATAM
C01049,2024-03,2024-11,60.0,Starter,LATAM
C01049,2024-03,2024-12,72.0,Starter,LATAM
C01050,2024-03,2024-03,50.0,Starter,APAC
C01050,2024-03,2024-04,50.0,Starter,APAC
C01050,2024-03,2024-05,50.0,Starter,APAC
C01050,2024-03,2024-06,42.5,Starter,APAC
C01050,2024-03,2024-07,42.5,Starter,APAC
C01050,2024-03,2024-08,51.0,Starter,APAC
C01050,2024-03,2024-09,51.0,Starter,APAC
C01050,2024-03,2024-10,51.0,Starter,APAC
C01050,2024-03,2024-11,51.0,Starter,APAC
C01050,2024-03,2024-12,51.0,Starter,APAC
C01051,2024-03,2024-03,50.0,Starter,APAC
C01051,2024-03,2024-04,42.5,Starter,APAC
C01051,2024-03,2024-05,42.5,Starter,APAC
C01051,2024-03,2024-06,42.5,Starter,APAC
C01051,2024-03,2024-07,42.5,Starter,APAC
C01051,2024-03,2024-08,42.5,Starter,APAC
C01051,2024-03,2024-09,42.5,Starter,APAC
C01051,2024-03,2024-10,42.5,Starter,APAC
C01051,2024-03,2024-11,51.0,Starter,APAC
C01051,2024-03,2024-12,51.0,Starter,APAC
C01052,2024-03,2024-03,50.0,Starter,APAC
C01052,2024-03,2024-04,50.0,Starter,APAC
C01052,2024-03,2024-05,50.0,Starter,APAC
C01052,2024-03,2024-06,50.0,Starter,APAC
C01052,2024-03,2024-07,50.0,Starter,APAC
C01052,2024-03,2024-08,50.0,Starter,APAC
C01052,2024-03,2024-09,50.0,Starter,APAC
C01052,2024-03,2024-10,50.0,Starter,APAC
C01052,2024-03,2024-11,50.0,Starter,APAC
C01052,2024-03,2024-12,50.0,Starter,APAC
C01053,2024-03,2024-03,50.0,Starter,EMEA
C01053,2024-03,2024-04,50.0,Starter,EMEA
C01053,2024-03,2024-05,50.0,Starter,EMEA
C01053,2024-03,2024-06,50.0,Starter,EMEA
C01053,2024-03,2024-07,60.0,Starter,EMEA
C01053,2024-03,2024-08,60.0,Starter,EMEA
C01053,2024-03,2024-09,60.0,Starter,EMEA
C01053,2024-03,2024-10,60.0,Starter,EMEA
C01053,2024-03,2024-11,60.0,Starter,EMEA
C01053,2024-03,2024-12,60.0,Starter,EMEA
C01054,2024-03,2024-03,50.0,Starter,NA
C01054,2024-03,2024-04,60.0,Starter,NA
C01054,2024-03,2024-05,60.0,Starter,NA
C01054,2024-03,2024-06,72.0,Starter,NA
C01054,2024-03,2024-07,61.2,Starter,NA
C01054,2024-03,2024-08,61.2,Starter,NA
C01054,2024-03,2024-09,61.2,Starter,NA
C01054,2024-03,2024-10,61.2,Starter,NA
C01054,2024-03,2024-11,61.2,Starter,NA
C01054,2024-03,2024-12,61.2,Starter,NA
C01055,2024-03,2024-03,50.0,Starter,NA
C01055,2024-03,2024-04,42.5,Starter,NA
C01055,2024-03,2024-05,42.5,Starter,NA
C01055,2024-03,2024-06,42.5,Starter,NA
C01055,2024-03,2024-07,42.5,Starter,NA
C01055,2024-03,2024-08,36.12,Starter,NA
C01055,2024-03,2024-09,36.12,Starter,NA
C01055,2024-03,2024-10,43.35,Starter,NA
C01055,2024-03,2024-11,52.02,Starter,NA
C01055,2024-03,2024-12,52.02,Starter,NA
C01056,2024-03,2024-03,200.0,Pro,EMEA
C01056,2024-03,2024-04,240.0,Pro,EMEA
C01056,2024-03,2024-05,240.0,Pro,EMEA
C01056,2024-03,2024-06,240.0,Pro,EMEA
C01056,2024-03,2024-07,240.0,Pro,EMEA
C01056,2024-03,2024-08,240.0,Pro,EMEA
C01056,2024-03,2024-09,240.0,Pro,EMEA
C01056,2024-03,2024-10,240.0,Pro,EMEA
C01056,2024-03,2024-11,288.0,Pro,EMEA
C01056,2024-03,2024-12,288.0,Pro,EMEA
C01057,2024-03,2024-03,50.0,Starter,NA
C01057,2024-03,2024-04,60.0,Starter,NA
C01057,2024-03,2024-05,60.0,Starter,NA
C01057,2024-03,2024-06,60.0,Starter,NA
C01057,2024-03,2024-07,60.0,Starter,NA
C01057,2024-03,2024-08,72.0,Starter,NA
C01057,2024-03,2024-09,72.0,Starter,NA
C01057,2024-03,2024-10,72.0,Starter,NA
C01057,2024-03,2024-11,86.4,Starter,NA
C01057,2024-03,2024-12,86.4,Starter,NA
C01058,2024-03,2024-03,50.0,Starter,APAC
C01058,2024-03,2024-04,50.0,Starter,APAC
C01058,2024-03,2024-05,50.0,Starter,APAC
C01058,2024-03,2024-06,60.0,Starter,APAC
C01058,2024-03,2024-07,60.0,Starter,APAC
C01058,2024-03,2024-08,60.0,Starter,APAC
C01058,2024-03,2024-09,60.0,Starter,APAC
C01058,2024-03,2024-10,60.0,Starter,APAC
C01058,2024-03,2024-11,72.0,Starter,APAC
C01058,2024-03,2024-12,72.0,Starter,APAC
C01059,2024-03,2024-03,50.0,Starter,NA
C01059,2024-03,2024-04,50.0,Starter,NA
C01059,2024-03,2024-05,50.0,Starter,NA
C01059,2024-03,2024-06,50.0,Starter,NA
C01059,2024-03,2024-07,50.0,Starter,NA
C01059,2024-03,2024-08,50.0,Starter,NA
C01059,2024-03,2024-09,60.0,Starter,NA
C01059,2024-03,2024-10,72.0,Starter,NA
C01059,2024-03,2024-11,72.0,Starter,NA
C01059,2024-03,2024-12,86.4,Starter,NA
C01060,2024-03,2024-03,200.0,Pro,NA
C01060,2024-03,2024-04,200.0,Pro,NA
C01060,2024-03,2024-05,200.0,Pro,NA
C01060,2024-03,2024-06,200.0,Pro,NA
C01060,2024-03,2024-07,240.0,Pro,NA
C01060,2024-03,2024-08,240.0,Pro,NA
C01060,2024-03,2024-09,240.0,Pro,NA
C01060,2024-03,2024-10,240.0,Pro,NA
C01060,2024-03,2024-11,288.0,Pro,NA
C01060,2024-03,2024-12,345.6,Pro,NA
C01061,2024-03,2024-03,50.0,Starter,LATAM
C01061,2024-03,2024-04,50.0,Starter,LATAM
C01061,2024-03,2024-05,50.0,Starter,LATAM
C01061,2024-03,2024-06,50.0,Starter,LATAM
C01062,2024-03,2024-03,200.0,Pro,NA
C01062,2024-03,2024-04,200.0,Pro,NA
C01062,2024-03,2024-05,200.0,Pro,NA
C01062,2024-03,2024-06,240.0,Pro,NA
C01062,2024-03,2024-07,240.0,Pro,NA
C01062,2024-03,2024-08,240.0,Pro,NA
C01062,2024-03,2024-09,240.0,Pro,NA
C01062,2024-03,2024-10,240.0,Pro,NA
C01062,2024-03,2024-11,240.0,Pro,NA
C01062,2024-03,2024-12,240.0,Pro,NA
C01063,2024-03,2024-03,50.0,Starter,NA
C01063,2024-03,2024-04,60.0,Starter,NA
C01063,2024-03,2024-05,72.0,Starter,NA
C01063,2024-03,2024-06,72.0,Starter,NA
C01063,2024-03,2024-07,86.4,Starter,NA
C01063,2024-03,2024-08,103.68,Starter,NA
C01063,2024-03,2024-09,103.68,Starter,NA
C01063,2024-03,2024-10,103.68,Starter,NA
C01063,2024-03,2024-11,103.68,Starter,NA
C01063,2024-03,2024-12,103.68,Starter,NA
C01064,2024-03,2024-03,800.0,Enterprise,LATAM
C01064,2024-03,2024-04,800.0,Enterprise,LATAM
C01064,2024-03,2024-05,800.0,Enterprise,LATAM
C01064,2024-03,2024-06,800.0,Enterprise,LATAM
C01064,2024-03,2024-07,960.0,Enterprise,LATAM
C01064,2024-03,2024-08,960.0,Enterprise,LATAM
C01064,2024-03,2024-09,960.0,Enterprise,LATAM
C01064,2024-03,2024-10,1152.0,Enterprise,LATAM
C01064,2024-03,2024-11,1152.0,Enterprise,LATAM
C01064,2024-03,2024-12,1382.4,Enterprise,LATAM
C01065,2024-03,2024-03,800.0,Enterprise,NA
C01065,2024-03,2024-04,800.0,Enterprise,NA
C01065,2024-03,2024-05,960.0,Enterprise,NA
C01065,2024-03,2024-06,1152.0,Enterprise,NA
C01065,2024-03,2024-07,1152.0,Enterprise,NA
C01065,2024-03,2024-08,1152.0,Enterprise,NA
C01065,2024-03,2024-09,1152.0,Enterprise,NA
C01065,2024-03,2024-10,1152.0,Enterprise,NA
C01065,2024-03,2024-11,1152.0,Enterprise,NA
C01065,2024-03,2024-12,1152.0,Enterprise,NA
C01066,2024-03,2024-03,50.0,Starter,NA
C01067,2024-03,2024-03,200.0,Pro,NA
C01067,2024-03,2024-04,200.0,Pro,NA
C01068,2024-03,2024-03,50.0,Starter,EMEA
C01068,2024-03,2024-04,50.0,Starter,EMEA
C01068,2024-03,2024-05,50.0,Starter,EMEA
C01068,2024-03,2024-06,50.0,Starter,EMEA
C01068,2024-03,2024-07,50.0,Starter,EMEA
C01068,2024-03,2024-08,50.0,Starter,EMEA
C01068,2024-03,2024-09,50.0,Starter,EMEA
C01068,2024-03,2024-10,50.0,Starter,EMEA
C01068,2024-03,2024-11,60.0,Starter,EMEA
C01068,2024-03,2024-12,60.0,Starter,EMEA
C01069,2024-03,2024-03,50.0,Starter,NA
C01069,2024-03,2024-04,50.0,Starter,NA
C01069,2024-03,2024-05,50.0,Starter,NA
C01069,2024-03,2024-06,50.0,Starter,NA
C01069,2024-03,2024-07,50.0,Starter,NA
C01069,2024-03,2024-08,50.0,Starter,NA
C01069,2024-03,2024-09,60.0,Starter,NA
C01069,2024-03,2024-10,60.0,Starter,NA
C01069,2024-03,2024-11,72.0,Starter,NA
C01069,2024-03,2024-12,86.4,Starter,NA
C01070,2024-03,2024-03,200.0,Pro,NA
C01070,2024-03,2024-04,200.0,Pro,NA
C01070,2024-03,2024-05,200.0,Pro,NA
C01070,2024-03,2024-06,200.0,Pro,NA
C01070,2024-03,2024-07,200.0,Pro,NA
C01070,2024-03,2024-08,240.0,Pro,NA
C01070,2024-03,2024-09,240.0,Pro,NA
C01070,2024-03,2024-10,240.0,Pro,NA
C01070,2024-03,2024-11,288.0,Pro,NA
C01070,2024-03,2024-12,345.6,Pro,NA
C01071,2024-03,2024-03,50.0,Starter,NA
C01071,2024-03,2024-04,50.0,Starter,NA
C01071,2024-03,2024-05,60.0,Starter,NA
C01071,2024-03,2024-06,60.0,Starter,NA
C01071,2024-03,2024-07,60.0,Starter,NA
C01071,2024-03,2024-08,60.0,Starter,NA
C01071,2024-03,2024-09,72.0,Starter,NA
C01072,2024-03,2024-03,200.0,Pro,EMEA
C01073,2024-03,2024-03,50.0,Starter,NA
C01073,2024-03,2024-04,50.0,Starter,NA
C01073,2024-03,2024-05,50.0,Starter,NA
C01073,2024-03,2024-06,50.0,Starter,NA
C01073,2024-03,2024-07,50.0,Starter,NA
C01073,2024-03,2024-08,50.0,Starter,NA
C01073,2024-03,2024-09,50.0,Starter,NA
C01073,2024-03,2024-10,50.0,Starter,NA
C01073,2024-03,2024-11,50.0,Starter,NA
C01074,2024-03,2024-03,50.0,Starter,NA
C01074,2024-03,2024-04,50.0,Starter,NA
C01074,2024-03,2024-05,50.0,Starter,NA
C01074,2024-03,2024-06,50.0,Starter,NA
C01074,2024-03,2024-07,60.0,Starter,NA
C01075,2024-03,2024-03,200.0,Pro,EMEA
C01075,2024-03,2024-04,200.0,Pro,EMEA
C01075,2024-03,2024-05,240.0,Pro,EMEA
C01075,2024-03,2024-06,288.0,Pro,EMEA
C01075,2024-03,2024-07,288.0,Pro,EMEA
C01075,2024-03,2024-08,288.0,Pro,EMEA
C01075,2024-03,2024-09,288.0,Pro,EMEA
C01075,2024-03,2024-10,288.0,Pro,EMEA
C01075,2024-03,2024-11,288.0,Pro,EMEA
C01075,2024-03,2024-12,288.0,Pro,EMEA
C01076,2024-03,2024-03,50.0,Starter,APAC
C01076,2024-03,2024-04,50.0,Starter,APAC
C01076,2024-03,2024-05,50.0,Starter,APAC
C01076,2024-03,2024-06,60.0,Starter,APAC
C01076,2024-03,2024-07,60.0,Starter,APAC
C01076,2024-03,2024-08,60.0,Starter,APAC
C01076,2024-03,2024-09,72.0,Starter,APAC
C01076,2024-03,2024-10,72.0,Starter,APAC
C01076,2024-03,2024-11,72.0,Starter,APAC
C01076,2024-03,2024-12,72.0,Starter,APAC
C01077,2024-03,2024-03,50.0,Starter,EMEA
C01077,2024-03,2024-04,50.0,Starter,EMEA
C01077,2024-03,2024-05,60.0,Starter,EMEA
C01077,2024-03,2024-06,60.0,Starter,EMEA
C01077,2024-03,2024-07,60.0,Starter,EMEA
C01077,2024-03,2024-08,60.0,Starter,EMEA
C01077,2024-03,2024-09,60.0,Starter,EMEA
C01077,2024-03,2024-10,60.0,Starter,EMEA
C01077,2024-03,2024-11,60.0,Starter,EMEA
C01077,2024-03,2024-12,72.0,Starter,EMEA
C01078,2024-03,2024-03,50.0,Starter,APAC
C01078,2024-03,2024-04,60.0,Starter,APAC
C01078,2024-03,2024-05,60.0,Starter,APAC
C01078,2024-03,2024-06,72.0,Starter,APAC
C01078,2024-03,2024-07,72.0,Starter,APAC
C01078,2024-03,2024-08,72.0,Starter,APAC
C01078,2024-03,2024-09,72.0,Starter,APAC
C01078,2024-03,2024-10,72.0,Starter,APAC
C01078,2024-03,2024-11,72.0,Starter,APAC
C01078,2024-03,2024-12,72.0,Starter,APAC
C01079,2024-03,2024-03,200.0,Pro,NA
C01079,2024-03,2024-04,200.0,Pro,NA
C01079,2024-03,2024-05,240.0,Pro,NA
C01079,2024-03,2024-06,288.0,Pro,NA
C01079,2024-03,2024-07,288.0,Pro,NA
C01079,2024-03,2024-08,288.0,Pro,NA
C01079,2024-03,2024-09,288.0,Pro,NA
C01079,2024-03,2024-10,345.6,Pro,NA
C01079,2024-03,2024-11,345.6,Pro,NA
C01079,2024-03,2024-12,414.72,Pro,NA
C01080,2024-03,2024-03,50.0,Starter,EMEA
C01080,2024-03,2024-04,50.0,Starter,EMEA
C01080,2024-03,2024-05,50.0,Starter,EMEA
C01080,2024-03,2024-06,60.0,Starter,EMEA
C01080,2024-03,2024-07,72.0,Starter,EMEA
C01080,2024-03,2024-08,72.0,Starter,EMEA
C01080,2024-03,2024-09,72.0,Starter,EMEA
C01081,2024-03,2024-03,200.0,Pro,APAC
C01081,2024-03,2024-04,240.0,Pro,APAC
C01081,2024-03,2024-05,240.0,Pro,APAC
C01081,2024-03,2024-06,240.0,Pro,APAC
C01081,2024-03,2024-07,204.0,Pro,APAC
C01081,2024-03,2024-08,204.0,Pro,APAC
C01081,2024-03,2024-09,204.0,Pro,APAC
C01081,2024-03,2024-10,244.8,Pro,APAC
C01081,2024-03,2024-11,244.8,Pro,APAC
C01081,2024-03,2024-12,244.8,Pro,APAC
C01082,2024-03,2024-03,50.0,Starter,APAC
C01082,2024-03,2024-04,50.0,Starter,APAC
C01082,2024-03,2024-05,50.0,Starter,APAC
C01082,2024-03,2024-06,50.0,Starter,APAC
C01082,2024-03,2024-07,50.0,Starter,APAC
C01082,2024-03,2024-08,60.0,Starter,APAC
C01082,2024-03,2024-09,60.0,Starter,APAC
C01082,2024-03,2024-10,60.0,Starter,APAC
C01082,2024-03,2024-11,60.0,Starter,APAC
C01082,2024-03,2024-12,60.0,Starter,APAC
C01083,2024-03,2024-03,800.0,Enterprise,LATAM
C01083,2024-03,2024-04,800.0,Enterprise,LATAM
C01083,2024-03,2024-05,800.0,Enterprise,LATAM
C01083,2024-03,2024-06,960.0,Enterprise,LATAM
C01083,2024-03,2024-07,960.0,Enterprise,LATAM
C01083,2024-03,2024-08,960.0,Enterprise,LATAM
C01083,2024-03,2024-09,960.0,Enterprise,LATAM
C01083,2024-03,2024-10,960.0,Enterprise,LATAM
C01083,2024-03,2024-11,960.0,Enterprise,LATAM
C01083,2024-03,2024-12,816.0,Enterprise,LATAM
C01084,2024-03,2024-03,50.0,Starter,NA
C01084,2024-03,2024-04,60.0,Starter,NA
C01084,2024-03,2024-05,60.0,Starter,NA
C01084,2024-03,2024-06,60.0,Starter,NA
C01085,2024-04,2024-04,50.0,Starter,EMEA
C01085,2024-04,2024-05,60.0,Starter,EMEA
C01085,2024-04,2024-06,60.0,Starter,EMEA
C01085,2024-04,2024-07,60.0,Starter,EMEA
C01085,2024-04,2024-08,60.0,Starter,EMEA
C01085,2024-04,2024-09,60.0,Starter,EMEA
C01085,2024-04,2024-10,60.0,Starter,EMEA
C01085,2024-04,2024-11,60.0,Starter,EMEA
C01085,2024-04,2024-12,72.0,Starter,EMEA
C01086,2024-04,2024-04,200.0,Pro,EMEA
C01086,2024-04,2024-05,200.0,Pro,EMEA
C01086,2024-04,2024-06,200.0,Pro,EMEA
C01086,2024-04,2024-07,200.0,Pro,EMEA
C01086,2024-04,2024-08,240.0,Pro,EMEA
C01086,2024-04,2024-09,240.0,Pro,EMEA
C01086,2024-04,2024-10,240.0,Pro,EMEA
C01087,2024-04,2024-04,200.0,Pro,EMEA
C01087,2024-04,2024-05,200.0,Pro,EMEA
C01087,2024-04,2024-06,200.0,Pro,EMEA
C01087,2024-04,2024-07,200.0,Pro,EMEA
C01087,2024-04,2024-08,200.0,Pro,EMEA
C01087,2024-04,2024-09,240.0,Pro,EMEA
C01087,2024-04,2024-10,288.0,Pro,EMEA
C01087,2024-04,2024-11,288.0,Pro,EMEA
C01087,2024-04,2024-12,345.6,Pro,EMEA
C01088,2024-04,2024-04,50.0,Starter,APAC
C01088,2024-04,2024-05,50.0,Starter,APAC
C01088,2024-04,2024-06,50.0,Starter,APAC
C01088,2024-04,2024-07,50.0,Starter,APAC
C01088,2024-04,2024-08,50.0,Starter,APAC
C01088,2024-04,2024-09,50.0,Starter,APAC
C01088,2024-04,2024-10,60.0,Starter,APAC
C01088,2024-04,2024-11,60.0,Starter,APAC
C01088,2024-04,2024-12,72.0,Starter,APAC
C01089,2024-04,2024-04,200.0,Pro,EMEA
C01089,2024-04,2024-05,200.0,Pro,EMEA
C01089,2024-04,2024-06,200.0,Pro,EMEA
C01089,2024-04,2024-07,200.0,Pro,EMEA
C01089,2024-04,2024-08,240.0,Pro,EMEA
C01089,2024-04,2024-09,240.0,Pro,EMEA
C01089,2024-04,2024-10,240.0,Pro,EMEA
C01089,2024-04,2024-11,240.0,Pro,EMEA
C01089,2024-04,2024-12,288.0,Pro,EMEA
C01090,2024-04,2024-04,200.0,Pro,EMEA
C01090,2024-04,2024-05,200.0,Pro,EMEA
C01090,2024-04,2024-06,200.0,Pro,EMEA
C01090,2024-04,2024-07,200.0,Pro,EMEA
C01090,2024-04,2024-08,200.0,Pro,EMEA
C01090,2024-04,2024-09,200.0,Pro,EMEA
C01090,2024-04,2024-10,200.0,Pro,EMEA
C01090,2024-04,2024-11,200.0,Pro,EMEA
C01090,2024-04,2024-12,240.0,Pro,EMEA
C01091,2024-04,2024-04,200.0,Pro,NA
C01092,2024-04,2024-04,800.0,Enterprise,EMEA
C01093,2024-04,2024-04,50.0,Starter,NA
C01093,2024-04,2024-05,60.0,Starter,NA
C01093,2024-04,2024-06,60.0,Starter,NA
C01093,2024-04,2024-07,72.0,Starter,NA
C01093,2024-04,2024-08,72.0,Starter,NA
C01093,2024-04,2024-09,61.2,Starter,NA
C01093,2024-04,2024-10,61.2,Starter,NA
C01093,2024-04,2024-11,61.2,Starter,NA
C01093,2024-04,2024-12,61.2,Starter,NA
C01094,2024-04,2024-04,50.0,Starter,NA
C01094,2024-04,2024-05,50.0,Starter,NA
C01094,2024-04,2024-06,50.0,Starter,NA
C01094,2024-04,2024-07,50.0,Starter,NA
C01094,2024-04,2024-08,50.0,Starter,NA
C01095,2024-04,2024-04,50.0,Starter,NA
C01095,2024-04,2024-05,50.0,Starter,NA
C01095,2024-04,2024-06,50.0,Starter,NA
C01095,2024-04,2024-07,50.0,Starter,NA
C01095,2024-04,2024-08,50.0,Starter,NA
C01095,2024-04,2024-09,50.0,Starter,NA
C01095,2024-04,2024-10,50.0,Starter,NA
C01095,2024-04,2024-11,50.0,Starter,NA
C01095,2024-04,2024-12,50.0,Starter,NA
C01096,2024-04,2024-04,200.0,Pro,EMEA
C01096,2024-04,2024-05,200.0,Pro,EMEA
C01096,2024-04,2024-06,200.0,Pro,EMEA
C01096,2024-04,2024-07,200.0,Pro,EMEA
C01096,2024-04,2024-08,200.0,Pro,EMEA
C01096,2024-04,2024-09,200.0,Pro,EMEA
C01096,2024-04,2024-10,200.0,Pro,EMEA
C01096,2024-04,2024-11,200.0,Pro,EMEA
C01096,2024-04,2024-12,200.0,Pro,EMEA
C01097,2024-04,2024-04,50.0,Starter,EMEA
C01097,2024-04,2024-05,50.0,Starter,EMEA
C01097,2024-04,2024-06,50.0,Starter,EMEA
C01097,2024-04,2024-07,50.0,Starter,EMEA
C01097,2024-04,2024-08,50.0,Starter,EMEA
C01097,2024-04,2024-09,50.0,Starter,EMEA
C01097,2024-04,2024-10,50.0,Starter,EMEA
C01097,2024-04,2024-11,50.0,Starter,EMEA
C01097,2024-04,2024-12,50.0,Starter,EMEA
C01098,2024-04,2024-04,50.0,Starter,NA
C01099,2024-04,2024-04,200.0,Pro,LATAM
C01099,2024-04,2024-05,200.0,Pro,LATAM
C01099,2024-04,2024-06,200.0,Pro,LATAM
C01099,2024-04,2024-07,200.0,Pro,LATAM
C01100,2024-04,2024-04,200.0,Pro,EMEA
C01100,2024-04,2024-05,200.0,Pro,EMEA
C01100,2024-04,2024-06,200.0,Pro,EMEA
C01100,2024-04,2024-07,200.0,Pro,EMEA
C01100,2024-04,2024-08,170.0,Pro,EMEA
C01100,2024-04,2024-09,170.0,Pro,EMEA
C01100,2024-04,2024-10,170.0,Pro,EMEA
C01101,2024-04,2024-04,200.0,Pro,APAC
C01101,2024-04,2024-05,200.0,Pro,APAC
C01101,2024-04,2024-06,200.0,Pro,APAC
C01101,2024-04,2024-07,200.0,Pro,APAC
C01101,2024-04,2024-08,200.0,Pro,APAC
C01101,2024-04,2024-09,200.0,Pro,APAC
C01101,2024-04,2024-10,200.0,Pro,APAC
C01101,2024-04,2024-11,200.0,Pro,APAC
C01101,2024-04,2024-12,240.0,Pro,APAC
C01102,2024-04,2024-04,50.0,Starter,APAC
C01102,2024-04,2024-05,50.0,Starter,APAC
C01102,2024-04,2024-06,50.0,Starter,APAC
C01102,2024-04,2024-07,60.0,Starter,APAC
C01102,2024-04,2024-08,60.0,Starter,APAC
C01102,2024-04,2024-09,60.0,Starter,APAC
C01102,2024-04,2024-10,72.0,Starter,APAC
C01102,2024-04,2024-11,72.0,Starter,APAC
C01102,2024-04,2024-12,86.4,Starter,APAC
C01103,2024-04,2024-04,200.0,Pro,EMEA
C01103,2024-04,2024-05,200.0,Pro,EMEA
C01103,2024-04,2024-06,170.0,Pro,EMEA
C01103,2024-04,2024-07,170.0,Pro,EMEA
C01103,2024-04,2024-08,170.0,Pro,EMEA
C01103,2024-04,2024-09,204.0,Pro,EMEA
C01103,2024-04,2024-10,204.0,Pro,EMEA
C01103,2024-04,2024-11,204.0,Pro,EMEA
C01103,2024-04,2024-12,204.0,Pro,EMEA
C01104,2024-04,2024-04,50.0,Starter,LATAM
C01104,2024-04,2024-05,60.0,Starter,LATAM
C01104,2024-04,2024-06,72.0,Starter,LATAM
C01104,2024-04,2024-07,72.0,Starter,LATAM
C01104,2024-04,2024-08,61.2,Starter,LATAM
C01104,2024-04,2024-09,61.2,Starter,LATAM
C01104,2024-04,2024-10,61.2,Starter,LATAM
C01104,2024-04,2024-11,61.2,Starter,LATAM
C01104,2024-04,2024-12,61.2,Starter,LATAM
C01105,2024-04,2024-04,50.0,Starter,NA
C01105,2024-04,2024-05,50.0,Starter,NA
C01105,2024-04,2024-06,50.0,Starter,NA
C01105,2024-04,2024-07,50.0,Starter,NA
C01105,2024-04,2024-08,50.0,Starter,NA
C01105,2024-04,2024-09,60.0,Starter,NA
C01105,2024-04,2024-10,60.0,Starter,NA
C01105,2024-04,2024-11,60.0,Starter,NA
C01105,2024-04,2024-12,60.0,Starter,NA
C01106,2024-04,2024-04,200.0,Pro,NA
C01106,2024-04,2024-05,200.0,Pro,NA
C01106,2024-04,2024-06,240.0,Pro,NA
C01106,2024-04,2024-07,288.0,Pro,NA
C01106,2024-04,2024-08,288.0,Pro,NA
C01106,2024-04,2024-09,345.6,Pro,NA
C01106,2024-04,2024-10,345.6,Pro,NA
C01106,2024-04,2024-11,345.6,Pro,NA
C01106,2024-04,2024-12,345.6,Pro,NA
C01107,2024-04,2024-04,200.0,Pro,EMEA
C01107,2024-04,2024-05,200.0,Pro,EMEA
C01107,2024-04,2024-06,240.0,Pro,EMEA
C01107,2024-04,2024-07,240.0,Pro,EMEA
C01107,2024-04,2024-08,240.0,Pro,EMEA
C01107,2024-04,2024-09,240.0,Pro,EMEA
C01107,2024-04,2024-10,240.0,Pro,EMEA
C01107,2024-04,2024-11,240.0,Pro,EMEA
C01107,2024-04,2024-12,240.0,Pro,EMEA
C01108,2024-04,2024-04,200.0,Pro,LATAM
C01108,2024-04,2024-05,200.0,Pro,LATAM
C01108,2024-04,2024-06,200.0,Pro,LATAM
C01108,2024-04,2024-07,200.0,Pro,LATAM
C01108,2024-04,2024-08,200.0,Pro,LATAM
C01108,2024-04,2024-09,200.0,Pro,LATAM
C01109,2024-04,2024-04,50.0,Starter,NA
C01109,2024-04,2024-05,50.0,Starter,NA
C01109,2024-04,2024-06,50.0,Starter,NA
C01109,2024-04,2024-07,50.0,Starter,NA
C01109,2024-04,2024-08,50.0,Starter,NA
C01109,2024-04,2024-09,50.0,Starter,NA
C01109,2024-04,2024-10,50.0,Starter,NA
C01109,2024-04,2024-11,50.0,Starter,NA
C01109,2024-04,2024-12,50.0,Starter,NA
C01110,2024-04,2024-04,200.0,Pro,NA
C01110,2024-04,2024-05,240.0,Pro,NA
C01110,2024-04,2024-06,240.0,Pro,NA
C01110,2024-04,2024-07,240.0,Pro,NA
C01111,2024-04,2024-04,200.0,Pro,NA
C01111,2024-04,2024-05,200.0,Pro,NA
C01111,2024-04,2024-06,200.0,Pro,NA
C01111,2024-04,2024-07,200.0,Pro,NA
C01111,2024-04,2024-08,170.0,Pro,NA
C01111,2024-04,2024-09,170.0,Pro,NA
C01111,2024-04,2024-10,204.0,Pro,NA
C01111,2024-04,2024-11,204.0,Pro,NA
C01111,2024-04,2024-12,244.8,Pro,NA
C01112,2024-04,2024-04,50.0,Starter,APAC
C01112,2024-04,2024-05,50.0,Starter,APAC
C01112,2024-04,2024-06,50.0,Starter,APAC
C01112,2024-04,2024-07,50.0,Starter,APAC
C01112,2024-04,2024-08,50.0,Starter,APAC
C01112,2024-04,2024-09,50.0,Starter,APAC
C01112,2024-04,2024-10,50.0,Starter,APAC
C01112,2024-04,2024-11,50.0,Starter,APAC
C01112,2024-04,2024-12,50.0,Starter,APAC
C01113,2024-04,2024-04,50.0,Starter,APAC
C01113,2024-04,2024-05,50.0,Starter,APAC
C01113,2024-04,2024-06,50.0,Starter,APAC
C01113,2024-04,2024-07,50.0,Starter,APAC
C01113,2024-04,2024-08,50.0,Starter,APAC
C01113,2024-04,2024-09,50.0,Starter,APAC
C01114,2024-04,2024-04,50.0,Starter,NA
C01114,2024-04,2024-05,50.0,Starter,NA
C01114,2024-04,2024-06,50.0,Starter,NA
C01114,2024-04,2024-07,50.0,Starter,NA
C01114,2024-04,2024-08,50.0,Starter,NA
C01114,2024-04,2024-09,50.0,Starter,NA
C01114,2024-04,2024-10,50.0,Starter,NA
C01114,2024-04,2024-11,50.0,Starter,NA
C01114,2024-04,2024-12,50.0,Starter,NA
C01115,2024-04,2024-04,50.0,Starter,EMEA
C01115,2024-04,2024-05,50.0,Starter,EMEA
C01115,2024-04,2024-06,60.0,Starter,EMEA
C01115,2024-04,2024-07,60.0,Starter,EMEA
C01115,2024-04,2024-08,72.0,Starter,EMEA
C01115,2024-04,2024-09,86.4,Starter,EMEA
C01116,2024-04,2024-04,50.0,Starter,EMEA
C01116,2024-04,2024-05,50.0,Starter,EMEA
C01116,2024-04,2024-06,50.0,Starter,EMEA
C01116,2024-04,2024-07,50.0,Starter,EMEA
C01116,2024-04,2024-08,50.0,Starter,EMEA
C01116,2024-04,2024-09,50.0,Starter,EMEA
C01116,2024-04,2024-10,50.0,Starter,EMEA
C01116,2024-04,2024-11,50.0,Starter,EMEA
C01116,2024-04,2024-12,50.0,Starter,EMEA
C01117,2024-04,2024-04,200.0,Pro,NA
C01117,2024-04,2024-05,200.0,Pro,NA
C01117,2024-04,2024-06,200.0,Pro,NA
C01117,2024-04,2024-07,200.0,Pro,NA
C01117,2024-04,2024-08,200.0,Pro,NA
C01117,2024-04,2024-09,200.0,Pro,NA
C01117,2024-04,2024-10,200.0,Pro,NA
C01117,2024-04,2024-11,200.0,Pro,NA
C01117,2024-04,2024-12,200.0,Pro,NA
C01118,2024-04,2024-04,50.0,Starter,NA
C01118,2024-04,2024-05,60.0,Starter,NA
C01118,2024-04,2024-06,60.0,Starter,NA
C01118,2024-04,2024-07,60.0,Starter,NA
C01118,2024-04,2024-08,60.0,Starter,NA
C01118,2024-04,2024-09,60.0,Starter,NA
C01118,2024-04,2024-10,72.0,Starter,NA
C01118,2024-04,2024-11,72.0,Starter,NA
C01118,2024-04,2024-12,86.4,Starter,NA
C01119,2024-04,2024-04,50.0,Starter,EMEA
C01119,2024-04,2024-05,60.0,Starter,EMEA
C01119,2024-04,2024-06,60.0,Starter,EMEA
C01119,2024-04,2024-07,72.0,Starter,EMEA
C01119,2024-04,2024-08,86.4,Starter,EMEA
C01119,2024-04,2024-09,86.4,Starter,EMEA
C01119,2024-04,2024-10,86.4,Starter,EMEA
C01119,2024-04,2024-11,86.4,Starter,EMEA
C01119,2024-04,2024-12,103.68,Starter,EMEA
C01120,2024-04,2024-04,50.0,Starter,EMEA
C01120,2024-04,2024-05,50.0,Starter,EMEA
C01120,2024-04,2024-06,60.0,Starter,EMEA
C01120,2024-04,2024-07,60.0,Starter,EMEA
C01120,2024-04,2024-08,72.0,Starter,EMEA
C01120,2024-04,2024-09,72.0,Starter,EMEA
C01120,2024-04,2024-10,72.0,Starter,EMEA
C01120,2024-04,2024-11,72.0,Starter,EMEA
C01120,2024-04,2024-12,72.0,Starter,EMEA
C01121,2024-04,2024-04,50.0,Starter,LATAM
C01121,2024-04,2024-05,50.0,Starter,LATAM
C01121,2024-04,2024-06,50.0,Starter,LATAM
C01121,2024-04,2024-07,50.0,Starter,LATAM
C01121,2024-04,2024-08,50.0,Starter,LATAM
C01121,2024-04,2024-09,50.0,Starter,LATAM
C01121,2024-04,2024-10,50.0,Starter,LATAM
C01121,2024-04,2024-11,50.0,Starter,LATAM
C01121,2024-04,2024-12,50.0,Starter,LATAM
C01122,2024-04,2024-04,50.0,Starter,APAC
C01122,2024-04,2024-05,50.0,Starter,APAC
C01122,2024-04,2024-06,50.0,Starter,APAC
C01122,2024-04,2024-07,50.0,Starter,APAC
C01122,2024-04,2024-08,50.0,Starter,APAC
C01122,2024-04,2024-09,60.0,Starter,APAC
C01122,2024-04,2024-10,60.0,Starter,APAC
C01122,2024-04,2024-11,60.0,Starter,APAC
C01122,2024-04,2024-12,60.0,Starter,APAC
C01123,2024-04,2024-04,200.0,Pro,NA
C01123,2024-04,2024-05,200.0,Pro,NA
C01123,2024-04,2024-06,240.0,Pro,NA
C01123,2024-04,2024-07,240.0,Pro,NA
C01123,2024-04,2024-08,240.0,Pro,NA
C01123,2024-04,2024-09,240.0,Pro,NA
C01123,2024-04,2024-10,240.0,Pro,NA
C01124,2024-04,2024-04,50.0,Starter,NA
C01124,2024-04,2024-05,50.0,Starter,NA
C01124,2024-04,2024-06,42.5,Starter,NA
C01124,2024-04,2024-07,42.5,Starter,NA
C01124,2024-04,2024-08,42.5,Starter,NA
C01124,2024-04,2024-09,51.0,Starter,NA
C01124,2024-04,2024-10,51.0,Starter,NA
C01124,2024-04,2024-11,51.0,Starter,NA
C01124,2024-04,2024-12,51.0,Starter,NA
C01125,2024-04,2024-04,800.0,Enterprise,EMEA
C01125,2024-04,2024-05,800.0,Enterprise,EMEA
C01125,2024-04,2024-06,800.0,Enterprise,EMEA
C01125,2024-04,2024-07,800.0,Enterprise,EMEA
C01125,2024-04,2024-08,800.0,Enterprise,EMEA
C01125,2024-04,2024-09,800.0,Enterprise,EMEA
C01126,2024-04,2024-04,50.0,Starter,NA
C01126,2024-04,2024-05,50.0,Starter,NA
C01126,2024-04,2024-06,50.0,Starter,NA
C01126,2024-04,2024-07,50.0,Starter,NA
C01126,2024-04,2024-08,50.0,Starter,NA
C01126,2024-04,2024-09,50.0,Starter,NA
C01126,2024-04,2024-10,50.0,Starter,NA
C01126,2024-04,2024-11,50.0,Starter,NA
C01126,2024-04,2024-12,50.0,Starter,NA
C01127,2024-04,2024-04,50.0,Starter,NA
C01127,2024-04,2024-05,60.0,Starter,NA
C01127,2024-04,2024-06,60.0,Starter,NA
C01127,2024-04,2024-07,60.0,Starter,NA
C01127,2024-04,2024-08,60.0,Starter,NA
C01127,2024-04,2024-09,72.0,Starter,NA
C01127,2024-04,2024-10,72.0,Starter,NA
C01127,2024-04,2024-11,61.2,Starter,NA
C01127,2024-04,2024-12,61.2,Starter,NA
C01128,2024-04,2024-04,200.0,Pro,LATAM
C01128,2024-04,2024-05,200.0,Pro,LATAM
C01129,2024-04,2024-04,200.0,Pro,EMEA
C01129,2024-04,2024-05,200.0,Pro,EMEA
C01130,2024-04,2024-04,200.0,Pro,APAC
C01130,2024-04,2024-05,200.0,Pro,APAC
C01130,2024-04,2024-06,200.0,Pro,APAC
C01130,2024-04,2024-07,200.0,Pro,APAC
C01131,2024-04,2024-04,50.0,Starter,LATAM
C01131,2024-04,2024-05,50.0,Starter,LATAM
C01131,2024-04,2024-06,50.0,Starter,LATAM
C01132,2024-04,2024-04,50.0,Starter,LATAM
C01132,2024-04,2024-05,60.0,Starter,LATAM
C01133,2024-04,2024-04,200.0,Pro,LATAM
C01133,2024-04,2024-05,200.0,Pro,LATAM
C01133,2024-04,2024-06,240.0,Pro,LATAM
C01133,2024-04,2024-07,240.0,Pro,LATAM
C01133,2024-04,2024-08,240.0,Pro,LATAM
C01133,2024-04,2024-09,240.0,Pro,LATAM
C01133,2024-04,2024-10,240.0,Pro,LATAM
C01133,2024-04,2024-11,204.0,Pro,LATAM
C01133,2024-04,2024-12,204.0,Pro,LATAM
C01134,2024-04,2024-04,200.0,Pro,NA
C01134,2024-04,2024-05,200.0,Pro,NA
C01134,2024-04,2024-06,240.0,Pro,NA
C01135,2024-04,2024-04,50.0,Starter,NA
C01135,2024-04,2024-05,50.0,Starter,NA
C01135,2024-04,2024-06,60.0,Starter,NA
C01135,2024-04,2024-07,60.0,Starter,NA
C01135,2024-04,2024-08,60.0,Starter,NA
C01135,2024-04,2024-09,60.0,Starter,NA
C01135,2024-04,2024-10,60.0,Starter,NA
C01135,2024-04,2024-11,60.0,Starter,NA
C01135,2024-04,2024-12,60.0,Starter,NA
C01136,2024-04,2024-04,50.0,Starter,NA
C01136,2024-04,2024-05,60.0,Starter,NA
C01136,2024-04,2024-06,60.0,Starter,NA
C01136,2024-04,2024-07,60.0,Starter,NA
C01136,2024-04,2024-08,60.0,Starter,NA
C01136,2024-04,2024-09,60.0,Starter,NA
C01136,2024-04,2024-10,72.0,Starter,NA
C01136,2024-04,2024-11,72.0,Starter,NA
C01136,2024-04,2024-12,86.4,Starter,NA
C01137,2024-04,2024-04,200.0,Pro,NA
C01137,2024-04,2024-05,200.0,Pro,NA
C01137,2024-04,2024-06,200.0,Pro,NA
C01137,2024-04,2024-07,200.0,Pro,NA
C01137,2024-04,2024-08,200.0,Pro,NA
C01137,2024-04,2024-09,200.0,Pro,NA
C01137,2024-04,2024-10,200.0,Pro,NA
C01137,2024-04,2024-11,200.0,Pro,NA
C01138,2024-04,2024-04,50.0,Starter,NA
C01138,2024-04,2024-05,50.0,Starter,NA
C01138,2024-04,2024-06,60.0,Starter,NA
C01138,2024-04,2024-07,72.0,Starter,NA
C01138,2024-04,2024-08,86.4,Starter,NA
C01138,2024-04,2024-09,103.68,Starter,NA
C01138,2024-04,2024-10,103.68,Starter,NA
C01138,2024-04,2024-11,103.68,Starter,NA
C01138,2024-04,2024-12,103.68,Starter,NA
C01139,2024-04,2024-04,200.0,Pro,NA
C01139,2024-04,2024-05,200.0,Pro,NA
C01139,2024-04,2024-06,200.0,Pro,NA
C01139,2024-04,2024-07,200.0,Pro,NA
C01140,2024-04,2024-04,50.0,Starter,APAC
C01140,2024-04,2024-05,50.0,Starter,APAC
C01141,2024-04,2024-04,50.0,Starter,NA
C01141,2024-04,2024-05,50.0,Starter,NA
C01141,2024-04,2024-06,60.0,Starter,NA
C01141,2024-04,2024-07,60.0,Starter,NA
C01141,2024-04,2024-08,60.0,Starter,NA
C01141,2024-04,2024-09,60.0,Starter,NA
C01141,2024-04,2024-10,60.0,Starter,NA
C01141,2024-04,2024-11,72.0,Starter,NA
C01141,2024-04,2024-12,86.4,Starter,NA
C01142,2024-04,2024-04,200.0,Pro,NA
C01142,2024-04,2024-05,200.0,Pro,NA
C01142,2024-04,2024-06,200.0,Pro,NA
C01142,2024-04,2024-07,240.0,Pro,NA
C01142,2024-04,2024-08,240.0,Pro,NA
C01142,2024-04,2024-09,240.0,Pro,NA
C01142,2024-04,2024-10,240.0,Pro,NA
C01142,2024-04,2024-11,204.0,Pro,NA
C01142,2024-04,2024-12,204.0,Pro,NA
C01143,2024-04,2024-04,800.0,Enterprise,NA
C01143,2024-04,2024-05,800.0,Enterprise,NA
C01144,2024-04,2024-04,50.0,Starter,NA
C01144,2024-04,2024-05,50.0,Starter,NA
C01144,2024-04,2024-06,50.0,Starter,NA
C01144,2024-04,2024-07,50.0,Starter,NA
C01144,2024-04,2024-08,42.5,Starter,NA
C01144,2024-04,2024-09,42.5,Starter,NA
C01144,2024-04,2024-10,42.5,Starter,NA
C01144,2024-04,2024-11,42.5,Starter,NA
C01144,2024-04,2024-12,42.5,Starter,NA
C01145,2024-04,2024-04,200.0,Pro,NA
C01145,2024-04,2024-05,200.0,Pro,NA
C01145,2024-04,2024-06,200.0,Pro,NA
C01145,2024-04,2024-07,200.0,Pro,NA
C01145,2024-04,2024-08,200.0,Pro,NA
C01145,2024-04,2024-09,200.0,Pro,NA
C01145,2024-04,2024-10,200.0,Pro,NA
C01145,2024-04,2024-11,170.0,Pro,NA
C01145,2024-04,2024-12,170.0,Pro,NA
C01146,2024-04,2024-04,50.0,Starter,NA
C01146,2024-04,2024-05,50.0,Starter,NA
C01146,2024-04,2024-06,50.0,Starter,NA
C01147,2024-04,2024-04,50.0,Starter,NA
C01147,2024-04,2024-05,60.0,Starter,NA
C01148,2024-04,2024-04,200.0,Pro,EMEA
C01148,2024-04,2024-05,200.0,Pro,EMEA
C01148,2024-04,2024-06,200.0,Pro,EMEA
C01148,2024-04,2024-07,200.0,Pro,EMEA
C01148,2024-04,2024-08,200.0,Pro,EMEA
C01148,2024-04,2024-09,170.0,Pro,EMEA
C01148,2024-04,2024-10,170.0,Pro,EMEA
C01148,2024-04,2024-11,170.0,Pro,EMEA
C01148,2024-04,2024-12,170.0,Pro,EMEA
C01149,2024-04,2024-04,50.0,Starter,EMEA
C01149,2024-04,2024-05,50.0,Starter,EMEA
C01149,2024-04,2024-06,50.0,Starter,EMEA
C01149,2024-04,2024-07,42.5,Starter,EMEA
C01149,2024-04,2024-08,42.5,Starter,EMEA
C01149,2024-04,2024-09,42.5,Starter,EMEA
C01149,2024-04,2024-10,42.5,Starter,EMEA
C01149,2024-04,2024-11,42.5,Starter,EMEA
C01149,2024-04,2024-12,42.5,Starter,EMEA
C01150,2024-04,2024-04,50.0,Starter,EMEA
C01150,2024-04,2024-05,50.0,Starter,EMEA
C01150,2024-04,2024-06,50.0,Starter,EMEA
C01150,2024-04,2024-07,50.0,Starter,EMEA
C01150,2024-04,2024-08,50.0,Starter,EMEA
C01151,2024-04,2024-04,50.0,Starter,NA
C01151,2024-04,2024-05,50.0,Starter,NA
C01151,2024-04,2024-06,50.0,Starter,NA
C01151,2024-04,2024-07,50.0,Starter,NA
C01151,2024-04,2024-08,50.0,Starter,NA
C01151,2024-04,2024-09,50.0,Starter,NA
C01151,2024-04,2024-10,50.0,Starter,NA
C01151,2024-04,2024-11,50.0,Starter,NA
C01151,2024-04,2024-12,60.0,Starter,NA
C01152,2024-04,2024-04,200.0,Pro,NA
C01153,2024-04,2024-04,50.0,Starter,NA
C01153,2024-04,2024-05,50.0,Starter,NA
C01153,2024-04,2024-06,50.0,Starter,NA
C01153,2024-04,2024-07,50.0,Starter,NA
C01153,2024-04,2024-08,50.0,Starter,NA
C01153,2024-04,2024-09,60.0,Starter,NA
C01153,2024-04,2024-10,72.0,Starter,NA
C01153,2024-04,2024-11,72.0,Starter,NA
C01153,2024-04,2024-12,72.0,Starter,NA
C01154,2024-04,2024-04,50.0,Starter,LATAM
C01154,2024-04,2024-05,50.0,Starter,LATAM
C01154,2024-04,2024-06,50.0,Starter,LATAM
C01154,2024-04,2024-07,50.0,Starter,LATAM
C01154,2024-04,2024-08,60.0,Starter,LATAM
C01154,2024-04,2024-09,60.0,Starter,LATAM
C01154,2024-04,2024-10,60.0,Starter,LATAM
C01154,2024-04,2024-11,60.0,Starter,LATAM
C01154,2024-04,2024-12,60.0,Starter,LATAM
C01155,2024-04,2024-04,50.0,Starter,APAC
C01156,2024-04,2024-04,50.0,Starter,NA
C01156,2024-04,2024-05,50.0,Starter,NA
C01156,2024-04,2024-06,60.0,Starter,NA
C01156,2024-04,2024-07,60.0,Starter,NA
C01156,2024-04,2024-08,60.0,Starter,NA
C01156,2024-04,2024-09,51.0,Starter,NA
C01156,2024-04,2024-10,51.0,Starter,NA
C01156,2024-04,2024-11,43.35,Starter,NA
C01156,2024-04,2024-12,43.35,Starter,NA
C01157,2024-04,2024-04,50.0,Starter,NA
C01157,2024-04,2024-05,50.0,Starter,NA
C01157,2024-04,2024-06,60.0,Starter,NA
C01157,2024-04,2024-07,60.0,Starter,NA
C01157,2024-04,2024-08,60.0,Starter,NA
C01158,2024-04,2024-04,800.0,Enterprise,NA
C01158,2024-04,2024-05,800.0,Enterprise,NA
C01158,2024-04,2024-06,800.0,Enterprise,NA
C01158,2024-04,2024-07,960.0,Enterprise,NA
C01158,2024-04,2024-08,1152.0,Enterprise,NA
C01158,2024-04,2024-09,1152.0,Enterprise,NA
C01158,2024-04,2024-10,1152.0,Enterprise,NA
C01158,2024-04,2024-11,1152.0,Enterprise,NA
C01158,2024-04,2024-12,1152.0,Enterprise,NA
C01159,2024-04,2024-04,800.0,Enterprise,APAC
C01159,2024-04,2024-05,800.0,Enterprise,APAC
C01159,2024-04,2024-06,800.0,Enterprise,APAC
C01159,2024-04,2024-07,800.0,Enterprise,APAC
C01159,2024-04,2024-08,800.0,Enterprise,APAC
C01159,2024-04,2024-09,800.0,Enterprise,APAC
C01159,2024-04,2024-10,800.0,Enterprise,APAC
C01159,2024-04,2024-11,960.0,Enterprise,APAC
C01159,2024-04,2024-12,960.0,Enterprise,APAC
C01160,2024-04,2024-04,50.0,Starter,NA
C01161,2024-04,2024-04,50.0,Starter,APAC
C01161,2024-04,2024-05,60.0,Starter,APAC
C01161,2024-04,2024-06,60.0,Starter,APAC
C01161,2024-04,2024-07,60.0,Starter,APAC
C01161,2024-04,2024-08,60.0,Starter,APAC
C01161,2024-04,2024-09,60.0,Starter,APAC
C01161,2024-04,2024-10,72.0,Starter,APAC
C01161,2024-04,2024-11,72.0,Starter,APAC
C01161,2024-04,2024-12,72.0,Starter,APAC
C01162,2024-04,2024-04,50.0,Starter,APAC
C01162,2024-04,2024-05,50.0,Starter,APAC
C01162,2024-04,2024-06,50.0,Starter,APAC
C01162,2024-04,2024-07,50.0,Starter,APAC
C01162,2024-04,2024-08,50.0,Starter,APAC
C01162,2024-04,2024-09,60.0,Starter,APAC
C01162,2024-04,2024-10,60.0,Starter,APAC
C01162,2024-04,2024-11,60.0,Starter,APAC
C01162,2024-04,2024-12,72.0,Starter,APAC
C01163,2024-04,2024-04,50.0,Starter,EMEA
C01163,2024-04,2024-05,50.0,Starter,EMEA
C01163,2024-04,2024-06,50.0,Starter,EMEA
C01163,2024-04,2024-07,60.0,Starter,EMEA
C01163,2024-04,2024-08,60.0,Starter,EMEA
C01163,2024-04,2024-09,72.0,Starter,EMEA
C01163,2024-04,2024-10,72.0,Starter,EMEA
C01163,2024-04,2024-11,72.0,Starter,EMEA
C01163,2024-04,2024-12,72.0,Starter,EMEA
C01164,2024-04,2024-04,50.0,Starter,NA
C01164,2024-04,2024-05,50.0,Starter,NA
C01164,2024-04,2024-06,60.0,Starter,NA
C01164,2024-04,2024-07,60.0,Starter,NA
C01164,2024-04,2024-08,60.0,Starter,NA
C01164,2024-04,2024-09,60.0,Starter,NA
C01164,2024-04,2024-10,60.0,Starter,NA
C01164,2024-04,2024-11,60.0,Starter,NA
C01164,2024-04,2024-12,60.0,Starter,NA
C01165,2024-04,2024-04,200.0,Pro,LATAM
C01165,2024-04,2024-05,200.0,Pro,LATAM
C01165,2024-04,2024-06,200.0,Pro,LATAM
C01165,2024-04,2024-07,200.0,Pro,LATAM
C01165,2024-04,2024-08,200.0,Pro,LATAM
C01165,2024-04,2024-09,200.0,Pro,LATAM
C01165,2024-04,2024-10,200.0,Pro,LATAM
C01165,2024-04,2024-11,200.0,Pro,LATAM
C01165,2024-04,2024-12,200.0,Pro,LATAM
C01166,2024-04,2024-04,50.0,Starter,NA
C01166,2024-04,2024-05,50.0,Starter,NA
C01167,2024-04,2024-04,50.0,Starter,EMEA
C01167,2024-04,2024-05,50.0,Starter,EMEA
C01167,2024-04,2024-06,50.0,Starter,EMEA
C01167,2024-04,2024-07,42.5,Starter,EMEA
C01167,2024-04,2024-08,42.5,Starter,EMEA
C01167,2024-04,2024-09,42.5,Starter,EMEA
C01167,2024-04,2024-10,42.5,Starter,EMEA
C01168,2024-04,2024-04,200.0,Pro,EMEA
C01168,2024-04,2024-05,200.0,Pro,EMEA
C01168,2024-04,2024-06,200.0,Pro,EMEA
C01168,2024-04,2024-07,200.0,Pro,EMEA
C01168,2024-04,2024-08,200.0,Pro,EMEA
C01168,2024-04,2024-09,200.0,Pro,EMEA
C01168,2024-04,2024-10,200.0,Pro,EMEA
C01168,2024-04,2024-11,200.0,Pro,EMEA
C01168,2024-04,2024-12,200.0,Pro,EMEA
C01169,2024-04,2024-04,200.0,Pro,NA
C01169,2024-04,2024-05,170.0,Pro,NA
C01169,2024-04,2024-06,170.0,Pro,NA
C01169,2024-04,2024-07,204.0,Pro,NA
C01169,2024-04,2024-08,173.4,Pro,NA
C01169,2024-04,2024-09,173.4,Pro,NA
C01169,2024-04,2024-10,173.4,Pro,NA
C01169,2024-04,2024-11,173.4,Pro,NA
C01169,2024-04,2024-12,173.4,Pro,NA
C01170,2024-04,2024-04,50.0,Starter,EMEA
C01170,2024-04,2024-05,50.0,Starter,EMEA
C01170,2024-04,2024-06,50.0,Starter,EMEA
C01170,2024-04,2024-07,50.0,Starter,EMEA
C01170,2024-04,2024-08,50.0,Starter,EMEA
C01170,2024-04,2024-09,42.5,Starter,EMEA
C01170,2024-04,2024-10,42.5,Starter,EMEA
C01170,2024-04,2024-11,42.5,Starter,EMEA
C01170,2024-04,2024-12,51.0,Starter,EMEA
C01171,2024-04,2024-04,50.0,Starter,LATAM
C01171,2024-04,2024-05,50.0,Starter,LATAM
C01171,2024-04,2024-06,50.0,Starter,LATAM
C01171,2024-04,2024-07,50.0,Starter,LATAM
C01171,2024-04,2024-08,50.0,Starter,LATAM
C01171,2024-04,2024-09,50.0,Starter,LATAM
C01171,2024-04,2024-10,50.0,Starter,LATAM
C01171,2024-04,2024-11,50.0,Starter,LATAM
C01171,2024-04,2024-12,50.0,Starter,LATAM
C01172,2024-05,2024-05,50.0,Starter,NA
C01172,2024-05,2024-06,50.0,Starter,NA
C01172,2024-05,2024-07,50.0,Starter,NA
C01172,2024-05,2024-08,50.0,Starter,NA
C01172,2024-05,2024-09,50.0,Starter,NA
C01172,2024-05,2024-10,50.0,Starter,NA
C01172,2024-05,2024-11,50.0,Starter,NA
C01172,2024-05,2024-12,60.0,Starter,NA
C01173,2024-05,2024-05,200.0,Pro,EMEA
C01173,2024-05,2024-06,200.0,Pro,EMEA
C01173,2024-05,2024-07,200.0,Pro,EMEA
C01173,2024-05,2024-08,200.0,Pro,EMEA
C01173,2024-05,2024-09,200.0,Pro,EMEA
C01173,2024-05,2024-10,200.0,Pro,EMEA
C01173,2024-05,2024-11,170.0,Pro,EMEA
C01173,2024-05,2024-12,170.0,Pro,EMEA
C01174,2024-05,2024-05,50.0,Starter,EMEA
C01175,2024-05,2024-05,50.0,Starter,NA
C01175,2024-05,2024-06,50.0,Starter,NA
C01175,2024-05,2024-07,50.0,Starter,NA
C01175,2024-05,2024-08,60.0,Starter,NA
C01175,2024-05,2024-09,60.0,Starter,NA
C01175,2024-05,2024-10,60.0,Starter,NA
C01175,2024-05,2024-11,72.0,Starter,NA
C01175,2024-05,2024-12,72.0,Starter,NA
C01176,2024-05,2024-05,50.0,Starter,NA
C01176,2024-05,2024-06,50.0,Starter,NA
C01176,2024-05,2024-07,42.5,Starter,NA
C01177,2024-05,2024-05,50.0,Starter,EMEA
C01177,2024-05,2024-06,50.0,Starter,EMEA
C01177,2024-05,2024-07,60.0,Starter,EMEA
C01177,2024-05,2024-08,60.0,Starter,EMEA
C01177,2024-05,2024-09,60.0,Starter,EMEA
C01177,2024-05,2024-10,60.0,Starter,EMEA
C01177,2024-05,2024-11,60.0,Starter,EMEA
C01177,2024-05,2024-12,60.0,Starter,EMEA
C01178,2024-05,2024-05,800.0,Enterprise,LATAM
C01179,2024-05,2024-05,800.0,Enterprise,APAC
C01180,2024-05,2024-05,800.0,Enterprise,LATAM
C01180,2024-05,2024-06,800.0,Enterprise,LATAM
C01180,2024-05,2024-07,800.0,Enterprise,LATAM
C01180,2024-05,2024-08,800.0,Enterprise,LATAM
C01180,2024-05,2024-09,800.0,Enterprise,LATAM
C01180,2024-05,2024-10,800.0,Enterprise,LATAM
C01180,2024-05,2024-11,800.0,Enterprise,LATAM
C01180,2024-05,2024-12,800.0,Enterprise,LATAM
C01181,2024-05,2024-05,200.0,Pro,NA
C01181,2024-05,2024-06,170.0,Pro,NA
C01181,2024-05,2024-07,204.0,Pro,NA
C01181,2024-05,2024-08,204.0,Pro,NA
C01181,2024-05,2024-09,204.0,Pro,NA
C01181,2024-05,2024-10,204.0,Pro,NA
C01181,2024-05,2024-11,204.0,Pro,NA
C01181,2024-05,2024-12,204.0,Pro,NA
C01182,2024-05,2024-05,50.0,Starter,LATAM
C01182,2024-05,2024-06,50.0,Starter,LATAM
C01182,2024-05,2024-07,60.0,Starter,LATAM
C01182,2024-05,2024-08,60.0,Starter,LATAM
C01182,2024-05,2024-09,60.0,Starter,LATAM
C01182,2024-05,2024-10,72.0,Starter,LATAM
C01182,2024-05,2024-11,72.0,Starter,LATAM
C01182,2024-05,2024-12,72.0,Starter,LATAM
C01183,2024-05,2024-05,50.0,Starter,EMEA
C01183,2024-05,2024-06,60.0,Starter,EMEA
C01183,2024-05,2024-07,72.0,Starter,EMEA
C01183,2024-05,2024-08,72.0,Starter,EMEA
C01183,2024-05,2024-09,72.0,Starter,EMEA
C01183,2024-05,2024-10,86.4,Starter,EMEA
C01183,2024-05,2024-11,86.4,Starter,EMEA
C01183,2024-05,2024-12,103.68,Starter,EMEA
C01184,2024-05,2024-05,200.0,Pro,NA
C01184,2024-05,2024-06,200.0,Pro,NA
C01184,2024-05,2024-07,200.0,Pro,NA
C01184,2024-05,2024-08,200.0,Pro,NA
C01184,2024-05,2024-09,200.0,Pro,NA
C01184,2024-05,2024-10,200.0,Pro,NA
C01184,2024-05,2024-11,200.0,Pro,NA
C01184,2024-05,2024-12,240.0,Pro,NA
C01185,2024-05,2024-05,200.0,Pro,NA
C01185,2024-05,2024-06,240.0,Pro,NA
C01185,2024-05,2024-07,204.0,Pro,NA
C01185,2024-05,2024-08,204.0,Pro,NA
C01185,2024-05,2024-09,244.8,Pro,NA
C01185,2024-05,2024-10,244.8,Pro,NA
C01185,2024-05,2024-11,244.8,Pro,NA
C01185,2024-05,2024-12,208.08,Pro,NA
C01186,2024-05,2024-05,50.0,Starter,NA
C01186,2024-05,2024-06,60.0,Starter,NA
C01186,2024-05,2024-07,60.0,Starter,NA
C01186,2024-05,2024-08,60.0,Starter,NA
C01186,2024-05,2024-09,60.0,Starter,NA
C01186,2024-05,2024-10,60.0,Starter,NA
C01186,2024-05,2024-11,60.0,Starter,NA
C01186,2024-05,2024-12,72.0,Starter,NA
C01187,2024-05,2024-05,800.0,Enterprise,NA
C01187,2024-05,2024-06,800.0,Enterprise,NA
C01187,2024-05,2024-07,960.0,Enterprise,NA
C01187,2024-05,2024-08,960.0,Enterprise,NA
C01188,2024-05,2024-05,50.0,Starter,EMEA
C01188,2024-05,2024-06,50.0,Starter,EMEA
C01188,2024-05,2024-07,50.0,Starter,EMEA
C01188,2024-05,2024-08,50.0,Starter,EMEA
C01188,2024-05,2024-09,50.0,Starter,EMEA
C01188,2024-05,2024-10,50.0,Starter,EMEA
C01188,2024-05,2024-11,60.0,Starter,EMEA
C01188,2024-05,2024-12,60.0,Starter,EMEA
C01189,2024-05,2024-05,200.0,Pro,APAC
C01189,2024-05,2024-06,200.0,Pro,APAC
C01189,2024-05,2024-07,200.0,Pro,APAC
C01189,2024-05,2024-08,200.0,Pro,APAC
C01189,2024-05,2024-09,200.0,Pro,APAC
C01189,2024-05,2024-10,200.0,Pro,APAC
C01189,2024-05,2024-11,200.0,Pro,APAC
C01189,2024-05,2024-12,200.0,Pro,APAC
C01190,2024-05,2024-05,200.0,Pro,NA
C01190,2024-05,2024-06,200.0,Pro,NA
C01190,2024-05,2024-07,200.0,Pro,NA
C01190,2024-05,2024-08,200.0,Pro,NA
C01190,2024-05,2024-09,200.0,Pro,NA
C01190,2024-05,2024-10,200.0,Pro,NA
C01191,2024-05,2024-05,800.0,Enterprise,EMEA
C01191,2024-05,2024-06,800.0,Enterprise,EMEA
C01191,2024-05,2024-07,800.0,Enterprise,EMEA
C01191,2024-05,2024-08,800.0,Enterprise,EMEA
C01191,2024-05,2024-09,800.0,Enterprise,EMEA
C01191,2024-05,2024-10,800.0,Enterprise,EMEA
C01191,2024-05,2024-11,800.0,Enterprise,EMEA
C01191,2024-05,2024-12,800.0,Enterprise,EMEA
C01192,2024-05,2024-05,50.0,Starter,APAC
C01192,2024-05,2024-06,50.0,Starter,APAC
C01192,2024-05,2024-07,50.0,Starter,APAC
C01192,2024-05,2024-08,60.0,Starter,APAC
C01192,2024-05,2024-09,60.0,Starter,APAC
C01192,2024-05,2024-10,60.0,Starter,APAC
C01192,2024-05,2024-11,72.0,Starter,APAC
C01192,2024-05,2024-12,72.0,Starter,APAC
C01193,2024-05,2024-05,50.0,Starter,NA
C01193,2024-05,2024-06,42.5,Starter,NA
C01193,2024-05,2024-07,42.5,Starter,NA
C01193,2024-05,2024-08,42.5,Starter,NA
C01193,2024-05,2024-09,42.5,Starter,NA
C01193,2024-05,2024-10,42.5,Starter,NA
C01193,2024-05,2024-11,42.5,Starter,NA
C01193,2024-05,2024-12,42.5,Starter,NA
C01194,2024-05,2024-05,50.0,Starter,EMEA
C01194,2024-05,2024-06,50.0,Starter,EMEA
C01195,2024-05,2024-05,200.0,Pro,EMEA
C01195,2024-05,2024-06,200.0,Pro,EMEA
C01195,2024-05,2024-07,240.0,Pro,EMEA
C01195,2024-05,2024-08,288.0,Pro,EMEA
C01195,2024-05,2024-09,288.0,Pro,EMEA
C01195,2024-05,2024-10,288.0,Pro,EMEA
C01195,2024-05,2024-11,288.0,Pro,EMEA
C01195,2024-05,2024-12,288.0,Pro,EMEA
C01196,2024-05,2024-05,50.0,Starter,NA
C01196,2024-05,2024-06,50.0,Starter,NA
C01196,2024-05,2024-07,50.0,Starter,NA
C01196,2024-05,2024-08,60.0,Starter,NA
C01196,2024-05,2024-09,60.0,Starter,NA
C01196,2024-05,2024-10,60.0,Starter,NA
C01196,2024-05,2024-11,60.0,Starter,NA
C01196,2024-05,2024-12,72.0,Starter,NA
C01197,2024-05,2024-05,200.0,Pro,NA
C01197,2024-05,2024-06,200.0,Pro,NA
C01197,2024-05,2024-07,200.0,Pro,NA
C01197,2024-05,2024-08,200.0,Pro,NA
C01197,2024-05,2024-09,200.0,Pro,NA
C01197,2024-05,2024-10,200.0,Pro,NA
C01197,2024-05,2024-11,200.0,Pro,NA
C01197,2024-05,2024-12,240.0,Pro,NA
C01198,2024-05,2024-05,50.0,Starter,NA
C01198,2024-05,2024-06,60.0,Starter,NA
C01198,2024-05,2024-07,60.0,Starter,NA
C01198,2024-05,2024-08,60.0,Starter,NA
C01198,2024-05,2024-09,60.0,Starter,NA
C01198,2024-05,2024-10,60.0,Starter,NA
C01198,2024-05,2024-11,60.0,Starter,NA
C01198,2024-05,2024-12,60.0,Starter,NA
C01199,2024-05,2024-05,50.0,Starter,NA
C01199,2024-05,2024-06,50.0,Starter,NA
C01199,2024-05,2024-07,50.0,Starter,NA
C01199,2024-05,2024-08,60.0,Starter,NA
C01199,2024-05,2024-09,60.0,Starter,NA
C01199,2024-05,2024-10,60.0,Starter,NA
C01199,2024-05,2024-11,60.0,Starter,NA
C01199,2024-05,2024-12,60.0,Starter,NA
C01200,2024-05,2024-05,50.0,Starter,NA
C01201,2024-05,2024-05,200.0,Pro,EMEA
C01201,2024-05,2024-06,200.0,Pro,EMEA
C01201,2024-05,2024-07,200.0,Pro,EMEA
C01201,2024-05,2024-08,200.0,Pro,EMEA
C01201,2024-05,2024-09,200.0,Pro,EMEA
C01201,2024-05,2024-10,200.0,Pro,EMEA
C01201,2024-05,2024-11,240.0,Pro,EMEA
C01201,2024-05,2024-12,204.0,Pro,EMEA
C01202,2024-05,2024-05,200.0,Pro,APAC
C01202,2024-05,2024-06,200.0,Pro,APAC
C01202,2024-05,2024-07,200.0,Pro,APAC
C01202,2024-05,2024-08,200.0,Pro,APAC
C01202,2024-05,2024-09,200.0,Pro,APAC
C01202,2024-05,2024-10,200.0,Pro,APAC
C01202,2024-05,2024-11,240.0,Pro,APAC
C01202,2024-05,2024-12,240.0,Pro,APAC
C01203,2024-05,2024-05,50.0,Starter,NA
C01203,2024-05,2024-06,60.0,Starter,NA
C01203,2024-05,2024-07,60.0,Starter,NA
C01203,2024-05,2024-08,60.0,Starter,NA
C01203,2024-05,2024-09,60.0,Starter,NA
C01203,2024-05,2024-10,60.0,Starter,NA
C01203,2024-05,2024-11,60.0,Starter,NA
C01203,2024-05,2024-12,60.0,Starter,NA
C01204,2024-05,2024-05,200.0,Pro,NA
C01205,2024-05,2024-05,50.0,Starter,NA
C01205,2024-05,2024-06,50.0,Starter,NA
C01205,2024-05,2024-07,60.0,Starter,NA
C01205,2024-05,2024-08,60.0,Starter,NA
C01205,2024-05,2024-09,72.0,Starter,NA
C01205,2024-05,2024-10,72.0,Starter,NA
C01205,2024-05,2024-11,86.4,Starter,NA
C01205,2024-05,2024-12,86.4,Starter,NA
C01206,2024-05,2024-05,50.0,Starter,NA
C01206,2024-05,2024-06,50.0,Starter,NA
C01206,2024-05,2024-07,50.0,Starter,NA
C01206,2024-05,2024-08,50.0,Starter,NA
C01206,2024-05,2024-09,50.0,Starter,NA
C01206,2024-05,2024-10,50.0,Starter,NA
C01206,2024-05,2024-11,50.0,Starter,NA
C01206,2024-05,2024-12,50.0,Starter,NA
C01207,2024-05,2024-05,50.0,Starter,NA
C01207,2024-05,2024-06,50.0,Starter,NA
C01207,2024-05,2024-07,50.0,Starter,NA
C01207,2024-05,2024-08,50.0,Starter,NA
C01207,2024-05,2024-09,50.0,Starter,NA
C01207,2024-05,2024-10,50.0,Starter,NA
C01207,2024-05,2024-11,50.0,Starter,NA
C01207,2024-05,2024-12,50.0,Starter,NA
C01208,2024-05,2024-05,200.0,Pro,EMEA
C01208,2024-05,2024-06,200.0,Pro,EMEA
C01208,2024-05,2024-07,170.0,Pro,EMEA
C01208,2024-05,2024-08,170.0,Pro,EMEA
C01208,2024-05,2024-09,170.0,Pro,EMEA
C01208,2024-05,2024-10,170.0,Pro,EMEA
C01208,2024-05,2024-11,170.0,Pro,EMEA
C01208,2024-05,2024-12,170.0,Pro,EMEA
C01209,2024-05,2024-05,50.0,Starter,APAC
C01209,2024-05,2024-06,50.0,Starter,APAC
C01209,2024-05,2024-07,50.0,Starter,APAC
C01209,2024-05,2024-08,50.0,Starter,APAC
C01209,2024-05,2024-09,50.0,Starter,APAC
C01209,2024-05,2024-10,60.0,Starter,APAC
C01209,2024-05,2024-11,72.0,Starter,APAC
C01209,2024-05,2024-12,72.0,Starter,APAC
C01210,2024-05,2024-05,800.0,Enterprise,NA
C01210,2024-05,2024-06,960.0,Enterprise,NA
C01210,2024-05,2024-07,960.0,Enterprise,NA
C01210,2024-05,2024-08,960.0,Enterprise,NA
C01210,2024-05,2024-09,1152.0,Enterprise,NA
C01210,2024-05,2024-10,979.2,Enterprise,NA
C01210,2024-05,2024-11,1175.04,Enterprise,NA
C01210,2024-05,2024-12,1410.05,Enterprise,NA
C01211,2024-05,2024-05,50.0,Starter,APAC
C01211,2024-05,2024-06,50.0,Starter,APAC
C01211,2024-05,2024-07,50.0,Starter,APAC
C01211,2024-05,2024-08,60.0,Starter,APAC
C01212,2024-05,2024-05,50.0,Starter,NA
C01212,2024-05,2024-06,50.0,Starter,NA
C01212,2024-05,2024-07,42.5,Starter,NA
C01212,2024-05,2024-08,42.5,Starter,NA
C01212,2024-05,2024-09,51.0,Starter,NA
C01212,2024-05,2024-10,51.0,Starter,NA
C01212,2024-05,2024-11,43.35,Starter,NA
C01212,2024-05,2024-12,43.35,Starter,NA
C01213,2024-05,2024-05,50.0,Starter,NA
C01213,2024-05,2024-06,50.0,Starter,NA
C01213,2024-05,2024-07,50.0,Starter,NA
C01213,2024-05,2024-08,60.0,Starter,NA
C01213,2024-05,2024-09,60.0,Starter,NA
C01213,2024-05,2024-10,60.0,Starter,NA
C01213,2024-05,2024-11,60.0,Starter,NA
C01213,2024-05,2024-12,60.0,Starter,NA
C01214,2024-05,2024-05,200.0,Pro,NA
C01214,2024-05,2024-06,200.0,Pro,NA
C01214,2024-05,2024-07,200.0,Pro,NA
C01214,2024-05,2024-08,200.0,Pro,NA
C01214,2024-05,2024-09,200.0,Pro,NA
C01214,2024-05,2024-10,240.0,Pro,NA
C01214,2024-05,2024-11,240.0,Pro,NA
C01214,2024-05,2024-12,288.0,Pro,NA
C01215,2024-05,2024-05,50.0,Starter,NA
C01215,2024-05,2024-06,50.0,Starter,NA
C01215,2024-05,2024-07,50.0,Starter,NA
C01215,2024-05,2024-08,50.0,Starter,NA
C01215,2024-05,2024-09,50.0,Starter,NA
C01215,2024-05,2024-10,50.0,Starter,NA
C01215,2024-05,2024-11,50.0,Starter,NA
C01215,2024-05,2024-12,50.0,Starter,NA
C01216,2024-05,2024-05,50.0,Starter,NA
C01216,2024-05,2024-06,50.0,Starter,NA
C01216,2024-05,2024-07,50.0,Starter,NA
C01216,2024-05,2024-08,50.0,Starter,NA
C01216,2024-05,2024-09,50.0,Starter,NA
C01216,2024-05,2024-10,50.0,Starter,NA
C01216,2024-05,2024-11,50.0,Starter,NA
C01216,2024-05,2024-12,60.0,Starter,NA
C01217,2024-05,2024-05,50.0,Starter,LATAM
C01217,2024-05,2024-06,50.0,Starter,LATAM
C01217,2024-05,2024-07,50.0,Starter,LATAM
C01217,2024-05,2024-08,50.0,Starter,LATAM
C01217,2024-05,2024-09,50.0,Starter,LATAM
C01217,2024-05,2024-10,50.0,Starter,LATAM
C01217,2024-05,2024-11,50.0,Starter,LATAM
C01217,2024-05,2024-12,50.0,Starter,LATAM
C01218,2024-05,2024-05,50.0,Starter,NA
C01218,2024-05,2024-06,50.0,Starter,NA
C01218,2024-05,2024-07,50.0,Starter,NA
C01218,2024-05,2024-08,50.0,Starter,NA
C01218,2024-05,2024-09,50.0,Starter,NA
C01218,2024-05,2024-10,50.0,Starter,NA
C01218,2024-05,2024-11,50.0,Starter,NA
C01218,2024-05,2024-12,50.0,Starter,NA
C01219,2024-05,2024-05,200.0,Pro,EMEA
C01219,2024-05,2024-06,200.0,Pro,EMEA
C01219,2024-05,2024-07,200.0,Pro,EMEA
C01219,2024-05,2024-08,200.0,Pro,EMEA
C01219,2024-05,2024-09,200.0,Pro,EMEA
C01219,2024-05,2024-10,200.0,Pro,EMEA
C01219,2024-05,2024-11,200.0,Pro,EMEA
C01219,2024-05,2024-12,240.0,Pro,EMEA
C01220,2024-05,2024-05,50.0,Starter,NA
C01220,2024-05,2024-06,50.0,Starter,NA
C01220,2024-05,2024-07,50.0,Starter,NA
C01220,2024-05,2024-08,50.0,Starter,NA
C01220,2024-05,2024-09,60.0,Starter,NA
C01220,2024-05,2024-10,60.0,Starter,NA
C01220,2024-05,2024-11,60.0,Starter,NA
C01220,2024-05,2024-12,60.0,Starter,NA
C01221,2024-05,2024-05,200.0,Pro,NA
C01221,2024-05,2024-06,240.0,Pro,NA
C01221,2024-05,2024-07,240.0,Pro,NA
C01221,2024-05,2024-08,240.0,Pro,NA
C01221,2024-05,2024-09,240.0,Pro,NA
C01221,2024-05,2024-10,240.0,Pro,NA
C01221,2024-05,2024-11,240.0,Pro,NA
C01221,2024-05,2024-12,240.0,Pro,NA
C01222,2024-05,2024-05,200.0,Pro,EMEA
C01222,2024-05,2024-06,240.0,Pro,EMEA
C01222,2024-05,2024-07,240.0,Pro,EMEA
C01222,2024-05,2024-08,240.0,Pro,EMEA
C01222,2024-05,2024-09,240.0,Pro,EMEA
C01222,2024-05,2024-10,288.0,Pro,EMEA
C01222,2024-05,2024-11,288.0,Pro,EMEA
C01222,2024-05,2024-12,345.6,Pro,EMEA
C01223,2024-05,2024-05,50.0,Starter,EMEA
C01223,2024-05,2024-06,50.0,Starter,EMEA
C01223,2024-05,2024-07,50.0,Starter,EMEA
C01223,2024-05,2024-08,60.0,Starter,EMEA
C01223,2024-05,2024-09,60.0,Starter,EMEA
C01223,2024-05,2024-10,60.0,Starter,EMEA
C01223,2024-05,2024-11,60.0,Starter,EMEA
C01223,2024-05,2024-12,72.0,Starter,EMEA
C01224,2024-05,2024-05,50.0,Starter,EMEA
C01224,2024-05,2024-06,42.5,Starter,EMEA
C01224,2024-05,2024-07,42.5,Starter,EMEA
C01224,2024-05,2024-08,42.5,Starter,EMEA
C01224,2024-05,2024-09,42.5,Starter,EMEA
C01224,2024-05,2024-10,42.5,Starter,EMEA
C01224,2024-05,2024-11,42.5,Starter,EMEA
C01224,2024-05,2024-12,42.5,Starter,EMEA
C01225,2024-05,2024-05,50.0,Starter,EMEA
C01225,2024-05,2024-06,50.0,Starter,EMEA
C01225,2024-05,2024-07,50.0,Starter,EMEA
C01225,2024-05,2024-08,60.0,Starter,EMEA
C01225,2024-05,2024-09,72.0,Starter,EMEA
C01225,2024-05,2024-10,72.0,Starter,EMEA
C01225,2024-05,2024-11,86.4,Starter,EMEA
C01225,2024-05,2024-12,103.68,Starter,EMEA
C01226,2024-05,2024-05,50.0,Starter,NA
C01226,2024-05,2024-06,50.0,Starter,NA
C01226,2024-05,2024-07,60.0,Starter,NA
C01226,2024-05,2024-08,72.0,Starter,NA
C01226,2024-05,2024-09,86.4,Starter,NA
C01226,2024-05,2024-10,86.4,Starter,NA
C01226,2024-05,2024-11,86.4,Starter,NA
C01226,2024-05,2024-12,86.4,Starter,NA
C01227,2024-05,2024-05,200.0,Pro,NA
C01227,2024-05,2024-06,200.0,Pro,NA
C01227,2024-05,2024-07,200.0,Pro,NA
C01227,2024-05,2024-08,200.0,Pro,NA
C01227,2024-05,2024-09,240.0,Pro,NA
C01227,2024-05,2024-10,240.0,Pro,NA
C01227,2024-05,2024-11,240.0,Pro,NA
C01227,2024-05,2024-12,240.0,Pro,NA
C01228,2024-05,2024-05,50.0,Starter,NA
C01228,2024-05,2024-06,50.0,Starter,NA
C01228,2024-05,2024-07,42.5,Starter,NA
C01228,2024-05,2024-08,42.5,Starter,NA
C01228,2024-05,2024-09,42.5,Starter,NA
C01228,2024-05,2024-10,42.5,Starter,NA
C01228,2024-05,2024-11,42.5,Starter,NA
C01228,2024-05,2024-12,42.5,Starter,NA
C01229,2024-05,2024-05,50.0,Starter,NA
C01229,2024-05,2024-06,42.5,Starter,NA
C01229,2024-05,2024-07,42.5,Starter,NA
C01229,2024-05,2024-08,42.5,Starter,NA
C01229,2024-05,2024-09,42.5,Starter,NA
C01229,2024-05,2024-10,42.5,Starter,NA
C01229,2024-05,2024-11,42.5,Starter,NA
C01229,2024-05,2024-12,51.0,Starter,NA
C01230,2024-05,2024-05,200.0,Pro,EMEA
C01230,2024-05,2024-06,200.0,Pro,EMEA
C01230,2024-05,2024-07,200.0,Pro,EMEA
C01230,2024-05,2024-08,200.0,Pro,EMEA
C01230,2024-05,2024-09,200.0,Pro,EMEA
C01230,2024-05,2024-10,200.0,Pro,EMEA
C01230,2024-05,2024-11,200.0,Pro,EMEA
C01230,2024-05,2024-12,200.0,Pro,EMEA
C01231,2024-05,2024-05,50.0,Starter,APAC
C01231,2024-05,2024-06,50.0,Starter,APAC
C01231,2024-05,2024-07,50.0,Starter,APAC
C01231,2024-05,2024-08,50.0,Starter,APAC
C01231,2024-05,2024-09,50.0,Starter,APAC
C01231,2024-05,2024-10,50.0,Starter,APAC
C01231,2024-05,2024-11,50.0,Starter,APAC
C01231,2024-05,2024-12,50.0,Starter,APAC
C01232,2024-05,2024-05,50.0,Starter,NA
C01232,2024-05,2024-06,50.0,Starter,NA
C01232,2024-05,2024-07,50.0,Starter,NA
C01232,2024-05,2024-08,50.0,Starter,NA
C01232,2024-05,2024-09,50.0,Starter,NA
C01232,2024-05,2024-10,50.0,Starter,NA
C01232,2024-05,2024-11,50.0,Starter,NA
C01232,2024-05,2024-12,50.0,Starter,NA
C01233,2024-05,2024-05,50.0,Starter,EMEA
C01233,2024-05,2024-06,50.0,Starter,EMEA
C01233,2024-05,2024-07,50.0,Starter,EMEA
C01233,2024-05,2024-08,60.0,Starter,EMEA
C01233,2024-05,2024-09,60.0,Starter,EMEA
C01233,2024-05,2024-10,60.0,Starter,EMEA
C01233,2024-05,2024-11,51.0,Starter,EMEA
C01233,2024-05,2024-12,51.0,Starter,EMEA
C01234,2024-05,2024-05,200.0,Pro,NA
C01234,2024-05,2024-06,200.0,Pro,NA
C01234,2024-05,2024-07,200.0,Pro,NA
C01234,2024-05,2024-08,200.0,Pro,NA
C01234,2024-05,2024-09,240.0,Pro,NA
C01234,2024-05,2024-10,240.0,Pro,NA
C01234,2024-05,2024-11,240.0,Pro,NA
C01234,2024-05,2024-12,240.0,Pro,NA
C01235,2024-05,2024-05,50.0,Starter,LATAM
C01235,2024-05,2024-06,60.0,Starter,LATAM
C01235,2024-05,2024-07,60.0,Starter,LATAM
C01235,2024-05,2024-08,60.0,Starter,LATAM
C01235,2024-05,2024-09,72.0,Starter,LATAM
C01235,2024-05,2024-10,86.4,Starter,LATAM
C01236,2024-05,2024-05,50.0,Starter,NA
C01236,2024-05,2024-06,50.0,Starter,NA
C01236,2024-05,2024-07,50.0,Starter,NA
C01236,2024-05,2024-08,50.0,Starter,NA
C01236,2024-05,2024-09,50.0,Starter,NA
C01236,2024-05,2024-10,60.0,Starter,NA
C01236,2024-05,2024-11,51.0,Starter,NA
C01236,2024-05,2024-12,51.0,Starter,NA
C01237,2024-05,2024-05,800.0,Enterprise,NA
C01237,2024-05,2024-06,800.0,Enterprise,NA
C01237,2024-05,2024-07,800.0,Enterprise,NA
C01237,2024-05,2024-08,960.0,Enterprise,NA
C01237,2024-05,2024-09,960.0,Enterprise,NA
C01237,2024-05,2024-10,960.0,Enterprise,NA
C01237,2024-05,2024-11,960.0,Enterprise,NA
C01237,2024-05,2024-12,960.0,Enterprise,NA
C01238,2024-05,2024-05,200.0,Pro,NA
C01238,2024-05,2024-06,240.0,Pro,NA
C01238,2024-05,2024-07,240.0,Pro,NA
C01238,2024-05,2024-08,240.0,Pro,NA
C01238,2024-05,2024-09,240.0,Pro,NA
C01238,2024-05,2024-10,288.0,Pro,NA
C01238,2024-05,2024-11,288.0,Pro,NA
C01238,2024-05,2024-12,345.6,Pro,NA
C01239,2024-05,2024-05,200.0,Pro,NA
C01239,2024-05,2024-06,200.0,Pro,NA
C01239,2024-05,2024-07,240.0,Pro,NA
C01239,2024-05,2024-08,240.0,Pro,NA
C01240,2024-05,2024-05,50.0,Starter,NA
C01240,2024-05,2024-06,50.0,Starter,NA
C01240,2024-05,2024-07,50.0,Starter,NA
C01240,2024-05,2024-08,50.0,Starter,NA
C01240,2024-05,2024-09,60.0,Starter,NA
C01240,2024-05,2024-10,72.0,Starter,NA
C01240,2024-05,2024-11,72.0,Starter,NA
C01241,2024-05,2024-05,50.0,Starter,NA
C01241,2024-05,2024-06,60.0,Starter,NA
C01241,2024-05,2024-07,51.0,Starter,NA
C01241,2024-05,2024-08,51.0,Starter,NA
C01241,2024-05,2024-09,51.0,Starter,NA
C01241,2024-05,2024-10,51.0,Starter,NA
C01241,2024-05,2024-11,43.35,Starter,NA
C01241,2024-05,2024-12,43.35,Starter,NA
C01242,2024-05,2024-05,200.0,Pro,NA
C01242,2024-05,2024-06,200.0,Pro,NA
C01242,2024-05,2024-07,240.0,Pro,NA
C01242,2024-05,2024-08,240.0,Pro,NA
C01242,2024-05,2024-09,240.0,Pro,NA
C01242,2024-05,2024-10,240.0,Pro,NA
C01242,2024-05,2024-11,240.0,Pro,NA
C01242,2024-05,2024-12,240.0,Pro,NA
C01243,2024-05,2024-05,50.0,Starter,NA
C01243,2024-05,2024-06,50.0,Starter,NA
C01243,2024-05,2024-07,50.0,Starter,NA
C01243,2024-05,2024-08,50.0,Starter,NA
C01243,2024-05,2024-09,50.0,Starter,NA
C01243,2024-05,2024-10,50.0,Starter,NA
C01243,2024-05,2024-11,60.0,Starter,NA
C01243,2024-05,2024-12,60.0,Starter,NA
C01244,2024-05,2024-05,50.0,Starter,NA
C01245,2024-05,2024-05,200.0,Pro,NA
C01245,2024-05,2024-06,200.0,Pro,NA
C01246,2024-05,2024-05,50.0,Starter,LATAM
C01246,2024-05,2024-06,50.0,Starter,LATAM
C01246,2024-05,2024-07,50.0,Starter,LATAM
C01246,2024-05,2024-08,60.0,Starter,LATAM
C01246,2024-05,2024-09,60.0,Starter,LATAM
C01246,2024-05,2024-10,72.0,Starter,LATAM
C01246,2024-05,2024-11,86.4,Starter,LATAM
C01246,2024-05,2024-12,86.4,Starter,LATAM
C01247,2024-05,2024-05,200.0,Pro,NA
C01247,2024-05,2024-06,200.0,Pro,NA
C01247,2024-05,2024-07,200.0,Pro,NA
C01247,2024-05,2024-08,200.0,Pro,NA
C01247,2024-05,2024-09,200.0,Pro,NA
C01247,2024-05,2024-10,200.0,Pro,NA
C01247,2024-05,2024-11,200.0,Pro,NA
C01247,2024-05,2024-12,170.0,Pro,NA
C01248,2024-05,2024-05,50.0,Starter,EMEA
C01248,2024-05,2024-06,50.0,Starter,EMEA
C01248,2024-05,2024-07,50.0,Starter,EMEA
C01248,2024-05,2024-08,50.0,Starter,EMEA
C01248,2024-05,2024-09,50.0,Starter,EMEA
C01248,2024-05,2024-10,50.0,Starter,EMEA
C01248,2024-05,2024-11,60.0,Starter,EMEA
C01249,2024-05,2024-05,200.0,Pro,EMEA
C01249,2024-05,2024-06,200.0,Pro,EMEA
C01249,2024-05,2024-07,200.0,Pro,EMEA
C01249,2024-05,2024-08,200.0,Pro,EMEA
C01249,2024-05,2024-09,200.0,Pro,EMEA
C01249,2024-05,2024-10,200.0,Pro,EMEA
C01249,2024-05,2024-11,200.0,Pro,EMEA
C01249,2024-05,2024-12,240.0,Pro,EMEA
C01250,2024-05,2024-05,200.0,Pro,NA
C01250,2024-05,2024-06,200.0,Pro,NA
C01250,2024-05,2024-07,200.0,Pro,NA
C01251,2024-05,2024-05,50.0,Starter,EMEA
C01251,2024-05,2024-06,50.0,Starter,EMEA
C01251,2024-05,2024-07,50.0,Starter,EMEA
C01251,2024-05,2024-08,50.0,Starter,EMEA
C01252,2024-05,2024-05,800.0,Enterprise,APAC
C01252,2024-05,2024-06,800.0,Enterprise,APAC
C01252,2024-05,2024-07,800.0,Enterprise,APAC
C01252,2024-05,2024-08,800.0,Enterprise,APAC
C01252,2024-05,2024-09,680.0,Enterprise,APAC
C01252,2024-05,2024-10,578.0,Enterprise,APAC
C01252,2024-05,2024-11,578.0,Enterprise,APAC
C01252,2024-05,2024-12,693.6,Enterprise,APAC
C01253,2024-05,2024-05,50.0,Starter,NA
C01253,2024-05,2024-06,60.0,Starter,NA
C01253,2024-05,2024-07,60.0,Starter,NA
C01253,2024-05,2024-08,60.0,Starter,NA
C01253,2024-05,2024-09,60.0,Starter,NA
C01253,2024-05,2024-10,72.0,Starter,NA
C01253,2024-05,2024-11,72.0,Starter,NA
C01253,2024-05,2024-12,61.2,Starter,NA
C01254,2024-05,2024-05,200.0,Pro,EMEA
C01254,2024-05,2024-06,240.0,Pro,EMEA
C01254,2024-05,2024-07,240.0,Pro,EMEA
C01254,2024-05,2024-08,240.0,Pro,EMEA
C01254,2024-05,2024-09,240.0,Pro,EMEA
C01254,2024-05,2024-10,240.0,Pro,EMEA
C01255,2024-05,2024-05,50.0,Starter,NA
C01255,2024-05,2024-06,50.0,Starter,NA
C01255,2024-05,2024-07,60.0,Starter,NA
C01255,2024-05,2024-08,60.0,Starter,NA
C01255,2024-05,2024-09,72.0,Starter,NA
C01255,2024-05,2024-10,72.0,Starter,NA
C01255,2024-05,2024-11,72.0,Starter,NA
C01255,2024-05,2024-12,72.0,Starter,NA
C01256,2024-05,2024-05,50.0,Starter,NA
C01256,2024-05,2024-06,50.0,Starter,NA
C01256,2024-05,2024-07,50.0,Starter,NA
C01256,2024-05,2024-08,50.0,Starter,NA
C01256,2024-05,2024-09,50.0,Starter,NA
C01256,2024-05,2024-10,50.0,Starter,NA
C01256,2024-05,2024-11,50.0,Starter,NA
C01256,2024-05,2024-12,50.0,Starter,NA
C01257,2024-05,2024-05,50.0,Starter,NA
C01257,2024-05,2024-06,50.0,Starter,NA
C01258,2024-05,2024-05,50.0,Starter,EMEA
C01258,2024-05,2024-06,50.0,Starter,EMEA
C01258,2024-05,2024-07,50.0,Starter,EMEA
C01258,2024-05,2024-08,50.0,Starter,EMEA
C01258,2024-05,2024-09,60.0,Starter,EMEA
C01259,2024-05,2024-05,800.0,Enterprise,NA
C01259,2024-05,2024-06,960.0,Enterprise,NA
C01259,2024-05,2024-07,960.0,Enterprise,NA
C01259,2024-05,2024-08,960.0,Enterprise,NA
C01259,2024-05,2024-09,960.0,Enterprise,NA
C01259,2024-05,2024-10,960.0,Enterprise,NA
C01259,2024-05,2024-11,960.0,Enterprise,NA
C01259,2024-05,2024-12,960.0,Enterprise,NA
C01260,2024-05,2024-05,50.0,Starter,EMEA
C01260,2024-05,2024-06,50.0,Starter,EMEA
C01260,2024-05,2024-07,60.0,Starter,EMEA
C01260,2024-05,2024-08,72.0,Starter,EMEA
C01260,2024-05,2024-09,72.0,Starter,EMEA
C01260,2024-05,2024-10,72.0,Starter,EMEA
C01260,2024-05,2024-11,72.0,Starter,EMEA
C01260,2024-05,2024-12,72.0,Starter,EMEA
C01261,2024-05,2024-05,50.0,Starter,EMEA
C01261,2024-05,2024-06,50.0,Starter,EMEA
C01261,2024-05,2024-07,50.0,Starter,EMEA
C01261,2024-05,2024-08,60.0,Starter,EMEA
C01261,2024-05,2024-09,72.0,Starter,EMEA
C01261,2024-05,2024-10,72.0,Starter,EMEA
C01261,2024-05,2024-11,61.2,Starter,EMEA
C01261,2024-05,2024-12,61.2,Starter,EMEA
C01262,2024-05,2024-05,200.0,Pro,NA
C01262,2024-05,2024-06,200.0,Pro,NA
C01262,2024-05,2024-07,200.0,Pro,NA
C01262,2024-05,2024-08,200.0,Pro,NA
C01262,2024-05,2024-09,200.0,Pro,NA
C01262,2024-05,2024-10,200.0,Pro,NA
C01262,2024-05,2024-11,240.0,Pro,NA
C01262,2024-05,2024-12,240.0,Pro,NA
C01263,2024-05,2024-05,50.0,Starter,APAC
C01263,2024-05,2024-06,50.0,Starter,APAC
C01263,2024-05,2024-07,50.0,Starter,APAC
C01263,2024-05,2024-08,60.0,Starter,APAC
C01263,2024-05,2024-09,60.0,Starter,APAC
C01263,2024-05,2024-10,60.0,Starter,APAC
C01263,2024-05,2024-11,60.0,Starter,APAC
C01263,2024-05,2024-12,51.0,Starter,APAC
C01264,2024-05,2024-05,800.0,Enterprise,NA
C01264,2024-05,2024-06,960.0,Enterprise,NA
C01264,2024-05,2024-07,960.0,Enterprise,NA
C01264,2024-05,2024-08,960.0,Enterprise,NA
C01264,2024-05,2024-09,960.0,Enterprise,NA
C01264,2024-05,2024-10,1152.0,Enterprise,NA
C01264,2024-05,2024-11,1152.0,Enterprise,NA
C01264,2024-05,2024-12,979.2,Enterprise,NA
C01265,2024-05,2024-05,200.0,Pro,NA
C01265,2024-05,2024-06,200.0,Pro,NA
C01265,2024-05,2024-07,200.0,Pro,NA
C01265,2024-05,2024-08,200.0,Pro,NA
C01265,2024-05,2024-09,200.0,Pro,NA
C01265,2024-05,2024-10,170.0,Pro,NA
C01265,2024-05,2024-11,170.0,Pro,NA
C01265,2024-05,2024-12,204.0,Pro,NA
C01266,2024-06,2024-06,50.0,Starter,EMEA
C01266,2024-06,2024-07,50.0,Starter,EMEA
C01266,2024-06,2024-08,50.0,Starter,EMEA
C01266,2024-06,2024-09,60.0,Starter,EMEA
C01266,2024-06,2024-10,60.0,Starter,EMEA
C01266,2024-06,2024-11,60.0,Starter,EMEA
C01266,2024-06,2024-12,72.0,Starter,EMEA
C01267,2024-06,2024-06,50.0,Starter,LATAM
C01267,2024-06,2024-07,50.0,Starter,LATAM
C01267,2024-06,2024-08,60.0,Starter,LATAM
C01267,2024-06,2024-09,60.0,Starter,LATAM
C01267,2024-06,2024-10,60.0,Starter,LATAM
C01267,2024-06,2024-11,60.0,Starter,LATAM
C01267,2024-06,2024-12,60.0,Starter,LATAM
C01268,2024-06,2024-06,50.0,Starter,APAC
C01268,2024-06,2024-07,42.5,Starter,APAC
C01268,2024-06,2024-08,42.5,Starter,APAC
C01268,2024-06,2024-09,42.5,Starter,APAC
C01268,2024-06,2024-10,42.5,Starter,APAC
C01268,2024-06,2024-11,42.5,Starter,APAC
C01268,2024-06,2024-12,42.5,Starter,APAC
C01269,2024-06,2024-06,200.0,Pro,NA
C01269,2024-06,2024-07,200.0,Pro,NA
C01269,2024-06,2024-08,240.0,Pro,NA
C01269,2024-06,2024-09,240.0,Pro,NA
C01269,2024-06,2024-10,240.0,Pro,NA
C01269,2024-06,2024-11,240.0,Pro,NA
C01269,2024-06,2024-12,240.0,Pro,NA
C01270,2024-06,2024-06,50.0,Starter,NA
C01270,2024-06,2024-07,60.0,Starter,NA
C01270,2024-06,2024-08,60.0,Starter,NA
C01270,2024-06,2024-09,60.0,Starter,NA
C01270,2024-06,2024-10,51.0,Starter,NA
C01270,2024-06,2024-11,51.0,Starter,NA
C01270,2024-06,2024-12,61.2,Starter,NA
C01271,2024-06,2024-06,50.0,Starter,NA
C01271,2024-06,2024-07,50.0,Starter,NA
C01271,2024-06,2024-08,50.0,Starter,NA
C01271,2024-06,2024-09,60.0,Starter,NA
C01271,2024-06,2024-10,60.0,Starter,NA
C01271,2024-06,2024-11,60.0,Starter,NA
C01271,2024-06,2024-12,60.0,Starter,NA
C01272,2024-06,2024-06,50.0,Starter,NA
C01272,2024-06,2024-07,60.0,Starter,NA
C01272,2024-06,2024-08,60.0,Starter,NA
C01272,2024-06,2024-09,60.0,Starter,NA
C01272,2024-06,2024-10,60.0,Starter,NA
C01272,2024-06,2024-11,60.0,Starter,NA
C01272,2024-06,2024-12,72.0,Starter,NA
C01273,2024-06,2024-06,50.0,Starter,APAC
C01273,2024-06,2024-07,50.0,Starter,APAC
C01273,2024-06,2024-08,50.0,Starter,APAC
C01273,2024-06,2024-09,50.0,Starter,APAC
C01273,2024-06,2024-10,50.0,Starter,APAC
C01273,2024-06,2024-11,60.0,Starter,APAC
C01273,2024-06,2024-12,60.0,Starter,APAC
C01274,2024-06,2024-06,50.0,Starter,NA
C01274,2024-06,2024-07,50.0,Starter,NA
C01274,2024-06,2024-08,50.0,Starter,NA
C01274,2024-06,2024-09,50.0,Starter,NA
C01274,2024-06,2024-10,50.0,Starter,NA
C01274,2024-06,2024-11,50.0,Starter,NA
C01274,2024-06,2024-12,50.0,Starter,NA
C01275,2024-06,2024-06,50.0,Starter,NA
C01275,2024-06,2024-07,50.0,Starter,NA
C01275,2024-06,2024-08,50.0,Starter,NA
C01275,2024-06,2024-09,50.0,Starter,NA
C01275,2024-06,2024-10,50.0,Starter,NA
C01275,2024-06,2024-11,42.5,Starter,NA
C01275,2024-06,2024-12,42.5,Starter,NA
C01276,2024-06,2024-06,50.0,Starter,APAC
C01277,2024-06,2024-06,200.0,Pro,EMEA
C01277,2024-06,2024-07,200.0,Pro,EMEA
C01277,2024-06,2024-08,200.0,Pro,EMEA
C01277,2024-06,2024-09,240.0,Pro,EMEA
C01277,2024-06,2024-10,240.0,Pro,EMEA
C01277,2024-06,2024-11,204.0,Pro,EMEA
C01277,2024-06,2024-12,204.0,Pro,EMEA
C01278,2024-06,2024-06,50.0,Starter,NA
C01278,2024-06,2024-07,50.0,Starter,NA
C01278,2024-06,2024-08,50.0,Starter,NA
C01278,2024-06,2024-09,42.5,Starter,NA
C01278,2024-06,2024-10,42.5,Starter,NA
C01278,2024-06,2024-11,42.5,Starter,NA
C01278,2024-06,2024-12,51.0,Starter,NA
C01279,2024-06,2024-06,50.0,Starter,NA
C01279,2024-06,2024-07,60.0,Starter,NA
C01279,2024-06,2024-08,72.0,Starter,NA
C01279,2024-06,2024-09,72.0,Starter,NA
C01279,2024-06,2024-10,72.0,Starter,NA
C01279,2024-06,2024-11,86.4,Starter,NA
C01279,2024-06,2024-12,86.4,Starter,NA
C01280,2024-06,2024-06,200.0,Pro,LATAM
C01280,2024-06,2024-07,240.0,Pro,LATAM
C01280,2024-06,2024-08,240.0,Pro,LATAM
C01280,2024-06,2024-09,240.0,Pro,LATAM
C01280,2024-06,2024-10,240.0,Pro,LATAM
C01280,2024-06,2024-11,240.0,Pro,LATAM
C01280,2024-06,2024-12,240.0,Pro,LATAM
C01281,2024-06,2024-06,50.0,Starter,APAC
C01281,2024-06,2024-07,50.0,Starter,APAC
C01281,2024-06,2024-08,50.0,Starter,APAC
C01281,2024-06,2024-09,60.0,Starter,APAC
C01281,2024-06,2024-10,72.0,Starter,APAC
C01281,2024-06,2024-11,72.0,Starter,APAC
C01281,2024-06,2024-12,72.0,Starter,APAC
C01282,2024-06,2024-06,50.0,Starter,EMEA
C01282,2024-06,2024-07,50.0,Starter,EMEA
C01282,2024-06,2024-08,50.0,Starter,EMEA
C01282,2024-06,2024-09,50.0,Starter,EMEA
C01282,2024-06,2024-10,60.0,Starter,EMEA
C01282,2024-06,2024-11,60.0,Starter,EMEA
C01282,2024-06,2024-12,60.0,Starter,EMEA
C01283,2024-06,2024-06,50.0,Starter,NA
C01283,2024-06,2024-07,60.0,Starter,NA
C01283,2024-06,2024-08,60.0,Starter,NA
C01283,2024-06,2024-09,72.0,Starter,NA
C01284,2024-06,2024-06,50.0,Starter,NA
C01284,2024-06,2024-07,50.0,Starter,NA
C01284,2024-06,2024-08,50.0,Starter,NA
C01284,2024-06,2024-09,50.0,Starter,NA
C01284,2024-06,2024-10,50.0,Starter,NA
C01284,2024-06,2024-11,60.0,Starter,NA
C01284,2024-06,2024-12,60.0,Starter,NA
C01285,2024-06,2024-06,50.0,Starter,LATAM
C01285,2024-06,2024-07,50.0,Starter,LATAM
C01285,2024-06,2024-08,50.0,Starter,LATAM
C01285,2024-06,2024-09,42.5,Starter,LATAM
C01285,2024-06,2024-10,51.0,Starter,LATAM
C01285,2024-06,2024-11,51.0,Starter,LATAM
C01285,2024-06,2024-12,43.35,Starter,LATAM
C01286,2024-06,2024-06,50.0,Starter,APAC
C01286,2024-06,2024-07,50.0,Starter,APAC
C01286,2024-06,2024-08,50.0,Starter,APAC
C01287,2024-06,2024-06,50.0,Starter,NA
C01287,2024-06,2024-07,50.0,Starter,NA
C01288,2024-06,2024-06,50.0,Starter,NA
C01288,2024-06,2024-07,50.0,Starter,NA
C01288,2024-06,2024-08,50.0,Starter,NA
C01288,2024-06,2024-09,50.0,Starter,NA
C01288,2024-06,2024-10,60.0,Starter,NA
C01288,2024-06,2024-11,51.0,Starter,NA
C01288,2024-06,2024-12,43.35,Starter,NA
C01289,2024-06,2024-06,200.0,Pro,EMEA
C01289,2024-06,2024-07,200.0,Pro,EMEA
C01289,2024-06,2024-08,200.0,Pro,EMEA
C01290,2024-06,2024-06,200.0,Pro,NA
C01290,2024-06,2024-07,200.0,Pro,NA
C01290,2024-06,2024-08,200.0,Pro,NA
C01290,2024-06,2024-09,240.0,Pro,NA
C01290,2024-06,2024-10,240.0,Pro,NA
C01290,2024-06,2024-11,288.0,Pro,NA
C01290,2024-06,2024-12,288.0,Pro,NA
C01291,2024-06,2024-06,800.0,Enterprise,NA
C01291,2024-06,2024-07,800.0,Enterprise,NA
C01291,2024-06,2024-08,960.0,Enterprise,NA
C01291,2024-06,2024-09,960.0,Enterprise,NA
C01291,2024-06,2024-10,960.0,Enterprise,NA
C01291,2024-06,2024-11,960.0,Enterprise,NA
C01291,2024-06,2024-12,1152.0,Enterprise,NA
C01292,2024-06,2024-06,50.0,Starter,EMEA
C01292,2024-06,2024-07,50.0,Starter,EMEA
C01292,2024-06,2024-08,50.0,Starter,EMEA
C01292,2024-06,2024-09,50.0,Starter,EMEA
C01292,2024-06,2024-10,50.0,Starter,EMEA
C01292,2024-06,2024-11,60.0,Starter,EMEA
C01292,2024-06,2024-12,60.0,Starter,EMEA
C01293,2024-06,2024-06,50.0,Starter,APAC
C01293,2024-06,2024-07,50.0,Starter,APAC
C01293,2024-06,2024-08,50.0,Starter,APAC
C01293,2024-06,2024-09,50.0,Starter,APAC
C01294,2024-06,2024-06,50.0,Starter,NA
C01294,2024-06,2024-07,50.0,Starter,NA
C01294,2024-06,2024-08,50.0,Starter,NA
C01294,2024-06,2024-09,50.0,Starter,NA
C01294,2024-06,2024-10,50.0,Starter,NA
C01294,2024-06,2024-11,60.0,Starter,NA
C01294,2024-06,2024-12,72.0,Starter,NA
C01295,2024-06,2024-06,200.0,Pro,NA
C01295,2024-06,2024-07,240.0,Pro,NA
C01295,2024-06,2024-08,288.0,Pro,NA
C01295,2024-06,2024-09,288.0,Pro,NA
C01295,2024-06,2024-10,288.0,Pro,NA
C01295,2024-06,2024-11,345.6,Pro,NA
C01295,2024-06,2024-12,345.6,Pro,NA
C01296,2024-06,2024-06,200.0,Pro,EMEA
C01296,2024-06,2024-07,200.0,Pro,EMEA
C01296,2024-06,2024-08,200.0,Pro,EMEA
C01296,2024-06,2024-09,200.0,Pro,EMEA
C01296,2024-06,2024-10,200.0,Pro,EMEA
C01296,2024-06,2024-11,240.0,Pro,EMEA
C01296,2024-06,2024-12,240.0,Pro,EMEA
C01297,2024-06,2024-06,200.0,Pro,APAC
C01297,2024-06,2024-07,200.0,Pro,APAC
C01297,2024-06,2024-08,240.0,Pro,APAC
C01297,2024-06,2024-09,288.0,Pro,APAC
C01297,2024-06,2024-10,288.0,Pro,APAC
C01297,2024-06,2024-11,288.0,Pro,APAC
C01297,2024-06,2024-12,288.0,Pro,APAC
C01298,2024-06,2024-06,50.0,Starter,APAC
C01298,2024-06,2024-07,50.0,Starter,APAC
C01298,2024-06,2024-08,50.0,Starter,APAC
C01298,2024-06,2024-09,50.0,Starter,APAC
C01298,2024-06,2024-10,50.0,Starter,APAC
C01298,2024-06,2024-11,50.0,Starter,APAC
C01298,2024-06,2024-12,50.0,Starter,APAC
C01299,2024-06,2024-06,200.0,Pro,LATAM
C01299,2024-06,2024-07,200.0,Pro,LATAM
C01299,2024-06,2024-08,200.0,Pro,LATAM
C01299,2024-06,2024-09,170.0,Pro,LATAM
C01299,2024-06,2024-10,170.0,Pro,LATAM
C01299,2024-06,2024-11,170.0,Pro,LATAM
C01299,2024-06,2024-12,170.0,Pro,LATAM
C01300,2024-06,2024-06,200.0,Pro,APAC
C01300,2024-06,2024-07,240.0,Pro,APAC
C01300,2024-06,2024-08,288.0,Pro,APAC
C01300,2024-06,2024-09,345.6,Pro,APAC
C01300,2024-06,2024-10,345.6,Pro,APAC
C01300,2024-06,2024-11,345.6,Pro,APAC
C01300,2024-06,2024-12,414.72,Pro,APAC
C01301,2024-06,2024-06,200.0,Pro,EMEA
C01301,2024-06,2024-07,200.0,Pro,EMEA
C01302,2024-06,2024-06,50.0,Starter,EMEA
C01302,2024-06,2024-07,50.0,Starter,EMEA
C01302,2024-06,2024-08,50.0,Starter,EMEA
C01302,2024-06,2024-09,50.0,Starter,EMEA
C01302,2024-06,2024-10,42.5,Starter,EMEA
C01302,2024-06,2024-11,42.5,Starter,EMEA
C01302,2024-06,2024-12,42.5,Starter,EMEA
C01303,2024-06,2024-06,50.0,Starter,EMEA
C01303,2024-06,2024-07,60.0,Starter,EMEA
C01303,2024-06,2024-08,60.0,Starter,EMEA
C01303,2024-06,2024-09,72.0,Starter,EMEA
C01303,2024-06,2024-10,72.0,Starter,EMEA
C01303,2024-06,2024-11,72.0,Starter,EMEA
C01303,2024-06,2024-12,72.0,Starter,EMEA
C01304,2024-06,2024-06,50.0,Starter,EMEA
C01304,2024-06,2024-07,60.0,Starter,EMEA
C01304,2024-06,2024-08,60.0,Starter,EMEA
C01304,2024-06,2024-09,60.0,Starter,EMEA
C01304,2024-06,2024-10,60.0,Starter,EMEA
C01304,2024-06,2024-11,51.0,Starter,EMEA
C01304,2024-06,2024-12,51.0,Starter,EMEA
C01305,2024-06,2024-06,50.0,Starter,NA
C01305,2024-06,2024-07,50.0,Starter,NA
C01305,2024-06,2024-08,50.0,Starter,NA
C01305,2024-06,2024-09,50.0,Starter,NA
C01305,2024-06,2024-10,42.5,Starter,NA
C01305,2024-06,2024-11,42.5,Starter,NA
C01305,2024-06,2024-12,42.5,Starter,NA
C01306,2024-06,2024-06,50.0,Starter,NA
C01306,2024-06,2024-07,50.0,Starter,NA
C01306,2024-06,2024-08,50.0,Starter,NA
C01306,2024-06,2024-09,60.0,Starter,NA
C01306,2024-06,2024-10,60.0,Starter,NA
C01306,2024-06,2024-11,60.0,Starter,NA
C01306,2024-06,2024-12,60.0,Starter,NA
C01307,2024-06,2024-06,50.0,Starter,NA
C01307,2024-06,2024-07,50.0,Starter,NA
C01307,2024-06,2024-08,50.0,Starter,NA
C01307,2024-06,2024-09,50.0,Starter,NA
C01307,2024-06,2024-10,50.0,Starter,NA
C01307,2024-06,2024-11,50.0,Starter,NA
C01307,2024-06,2024-12,60.0,Starter,NA
C01308,2024-06,2024-06,200.0,Pro,NA
C01308,2024-06,2024-07,240.0,Pro,NA
C01308,2024-06,2024-08,240.0,Pro,NA
C01308,2024-06,2024-09,288.0,Pro,NA
C01308,2024-06,2024-10,345.6,Pro,NA
C01308,2024-06,2024-11,345.6,Pro,NA
C01308,2024-06,2024-12,345.6,Pro,NA
C01309,2024-06,2024-06,200.0,Pro,NA
C01310,2024-06,2024-06,200.0,Pro,EMEA
C01310,2024-06,2024-07,200.0,Pro,EMEA
C01310,2024-06,2024-08,170.0,Pro,EMEA
C01310,2024-06,2024-09,170.0,Pro,EMEA
C01310,2024-06,2024-10,170.0,Pro,EMEA
C01310,2024-06,2024-11,170.0,Pro,EMEA
C01311,2024-06,2024-06,50.0,Starter,EMEA
C01311,2024-06,2024-07,60.0,Starter,EMEA
C01311,2024-06,2024-08,72.0,Starter,EMEA
C01311,2024-06,2024-09,72.0,Starter,EMEA
C01311,2024-06,2024-10,86.4,Starter,EMEA
C01311,2024-06,2024-11,86.4,Starter,EMEA
C01311,2024-06,2024-12,86.4,Starter,EMEA
C01312,2024-06,2024-06,200.0,Pro,NA
C01312,2024-06,2024-07,200.0,Pro,NA
C01312,2024-06,2024-08,240.0,Pro,NA
C01312,2024-06,2024-09,288.0,Pro,NA
C01312,2024-06,2024-10,288.0,Pro,NA
C01312,2024-06,2024-11,288.0,Pro,NA
C01312,2024-06,2024-12,288.0,Pro,NA
C01313,2024-06,2024-06,50.0,Starter,EMEA
C01313,2024-06,2024-07,50.0,Starter,EMEA
C01313,2024-06,2024-08,60.0,Starter,EMEA
C01313,2024-06,2024-09,60.0,Starter,EMEA
C01313,2024-06,2024-10,72.0,Starter,EMEA
C01313,2024-06,2024-11,61.2,Starter,EMEA
C01313,2024-06,2024-12,61.2,Starter,EMEA
C01314,2024-06,2024-06,200.0,Pro,EMEA
C01314,2024-06,2024-07,200.0,Pro,EMEA
C01314,2024-06,2024-08,200.0,Pro,EMEA
C01314,2024-06,2024-09,200.0,Pro,EMEA
C01314,2024-06,2024-10,200.0,Pro,EMEA
C01314,2024-06,2024-11,200.0,Pro,EMEA
C01314,2024-06,2024-12,200.0,Pro,EMEA
C01315,2024-06,2024-06,50.0,Starter,EMEA
C01315,2024-06,2024-07,50.0,Starter,EMEA
C01315,2024-06,2024-08,50.0,Starter,EMEA
C01315,2024-06,2024-09,60.0,Starter,EMEA
C01315,2024-06,2024-10,60.0,Starter,EMEA
C01315,2024-06,2024-11,60.0,Starter,EMEA
C01315,2024-06,2024-12,60.0,Starter,EMEA
C01316,2024-06,2024-06,200.0,Pro,NA
C01316,2024-06,2024-07,200.0,Pro,NA
C01316,2024-06,2024-08,200.0,Pro,NA
C01316,2024-06,2024-09,200.0,Pro,NA
C01316,2024-06,2024-10,200.0,Pro,NA
C01316,2024-06,2024-11,170.0,Pro,NA
C01316,2024-06,2024-12,170.0,Pro,NA
C01317,2024-06,2024-06,200.0,Pro,NA
C01317,2024-06,2024-07,200.0,Pro,NA
C01317,2024-06,2024-08,200.0,Pro,NA
C01317,2024-06,2024-09,200.0,Pro,NA
C01317,2024-06,2024-10,200.0,Pro,NA
C01317,2024-06,2024-11,200.0,Pro,NA
C01317,2024-06,2024-12,200.0,Pro,NA
C01318,2024-06,2024-06,50.0,Starter,APAC
C01318,2024-06,2024-07,50.0,Starter,APAC
C01318,2024-06,2024-08,50.0,Starter,APAC
C01318,2024-06,2024-09,50.0,Starter,APAC
C01318,2024-06,2024-10,60.0,Starter,APAC
C01319,2024-06,2024-06,50.0,Starter,NA
C01319,2024-06,2024-07,60.0,Starter,NA
C01319,2024-06,2024-08,60.0,Starter,NA
C01319,2024-06,2024-09,60.0,Starter,NA
C01319,2024-06,2024-10,60.0,Starter,NA
C01319,2024-06,2024-11,60.0,Starter,NA
C01319,2024-06,2024-12,60.0,Starter,NA
C01320,2024-06,2024-06,50.0,Starter,EMEA
C01320,2024-06,2024-07,50.0,Starter,EMEA
C01320,2024-06,2024-08,60.0,Starter,EMEA
C01320,2024-06,2024-09,60.0,Starter,EMEA
C01320,2024-06,2024-10,72.0,Starter,EMEA
C01320,2024-06,2024-11,72.0,Starter,EMEA
C01320,2024-06,2024-12,72.0,Starter,EMEA
C01321,2024-06,2024-06,50.0,Starter,EMEA
C01321,2024-06,2024-07,50.0,Starter,EMEA
C01321,2024-06,2024-08,50.0,Starter,EMEA
C01321,2024-06,2024-09,50.0,Starter,EMEA
C01321,2024-06,2024-10,50.0,Starter,EMEA
C01321,2024-06,2024-11,50.0,Starter,EMEA
C01321,2024-06,2024-12,50.0,Starter,EMEA
C01322,2024-06,2024-06,200.0,Pro,EMEA
C01322,2024-06,2024-07,200.0,Pro,EMEA
C01322,2024-06,2024-08,200.0,Pro,EMEA
C01322,2024-06,2024-09,240.0,Pro,EMEA
C01322,2024-06,2024-10,240.0,Pro,EMEA
C01322,2024-06,2024-11,240.0,Pro,EMEA
C01322,2024-06,2024-12,288.0,Pro,EMEA
C01323,2024-06,2024-06,200.0,Pro,APAC
C01324,2024-06,2024-06,800.0,Enterprise,APAC
C01324,2024-06,2024-07,800.0,Enterprise,APAC
C01324,2024-06,2024-08,800.0,Enterprise,APAC
C01324,2024-06,2024-09,800.0,Enterprise,APAC
C01324,2024-06,2024-10,800.0,Enterprise,APAC
C01324,2024-06,2024-11,800.0,Enterprise,APAC
C01324,2024-06,2024-12,800.0,Enterprise,APAC
C01325,2024-06,2024-06,50.0,Starter,APAC
C01325,2024-06,2024-07,50.0,Starter,APAC
C01325,2024-06,2024-08,50.0,Starter,APAC
C01325,2024-06,2024-09,50.0,Starter,APAC
C01325,2024-06,2024-10,50.0,Starter,APAC
C01325,2024-06,2024-11,50.0,Starter,APAC
C01325,2024-06,2024-12,60.0,Starter,APAC
C01326,2024-06,2024-06,800.0,Enterprise,NA
C01326,2024-06,2024-07,800.0,Enterprise,NA
C01326,2024-06,2024-08,800.0,Enterprise,NA
C01326,2024-06,2024-09,800.0,Enterprise,NA
C01326,2024-06,2024-10,800.0,Enterprise,NA
C01326,2024-06,2024-11,800.0,Enterprise,NA
C01326,2024-06,2024-12,960.0,Enterprise,NA
C01327,2024-06,2024-06,200.0,Pro,NA
C01327,2024-06,2024-07,200.0,Pro,NA
C01327,2024-06,2024-08,200.0,Pro,NA
C01327,2024-06,2024-09,200.0,Pro,NA
C01327,2024-06,2024-10,200.0,Pro,NA
C01327,2024-06,2024-11,200.0,Pro,NA
C01327,2024-06,2024-12,200.0,Pro,NA
C01328,2024-06,2024-06,200.0,Pro,LATAM
C01328,2024-06,2024-07,200.0,Pro,LATAM
C01328,2024-06,2024-08,200.0,Pro,LATAM
C01328,2024-06,2024-09,200.0,Pro,LATAM
C01328,2024-06,2024-10,200.0,Pro,LATAM
C01328,2024-06,2024-11,200.0,Pro,LATAM
C01328,2024-06,2024-12,170.0,Pro,LATAM
C01329,2024-06,2024-06,200.0,Pro,LATAM
C01329,2024-06,2024-07,200.0,Pro,LATAM
C01329,2024-06,2024-08,200.0,Pro,LATAM
C01329,2024-06,2024-09,200.0,Pro,LATAM
C01329,2024-06,2024-10,200.0,Pro,LATAM
C01329,2024-06,2024-11,240.0,Pro,LATAM
C01329,2024-06,2024-12,240.0,Pro,LATAM
C01330,2024-06,2024-06,50.0,Starter,EMEA
C01330,2024-06,2024-07,50.0,Starter,EMEA
C01330,2024-06,2024-08,60.0,Starter,EMEA
C01330,2024-06,2024-09,60.0,Starter,EMEA
C01330,2024-06,2024-10,72.0,Starter,EMEA
C01330,2024-06,2024-11,72.0,Starter,EMEA
C01330,2024-06,2024-12,86.4,Starter,EMEA
C01331,2024-06,2024-06,50.0,Starter,NA
C01331,2024-06,2024-07,42.5,Starter,NA
C01331,2024-06,2024-08,42.5,Starter,NA
C01331,2024-06,2024-09,51.0,Starter,NA
C01331,2024-06,2024-10,61.2,Starter,NA
C01331,2024-06,2024-11,61.2,Starter,NA
C01331,2024-06,2024-12,73.44,Starter,NA
C01332,2024-06,2024-06,200.0,Pro,APAC
C01332,2024-06,2024-07,240.0,Pro,APAC
C01332,2024-06,2024-08,240.0,Pro,APAC
C01332,2024-06,2024-09,240.0,Pro,APAC
C01332,2024-06,2024-10,240.0,Pro,APAC
C01333,2024-06,2024-06,50.0,Starter,LATAM
C01334,2024-06,2024-06,50.0,Starter,EMEA
C01334,2024-06,2024-07,50.0,Starter,EMEA
C01335,2024-06,2024-06,200.0,Pro,NA
C01335,2024-06,2024-07,200.0,Pro,NA
C01335,2024-06,2024-08,200.0,Pro,NA
C01335,2024-06,2024-09,200.0,Pro,NA
C01335,2024-06,2024-10,200.0,Pro,NA
C01335,2024-06,2024-11,200.0,Pro,NA
C01335,2024-06,2024-12,200.0,Pro,NA
C01336,2024-06,2024-06,50.0,Starter,EMEA
C01336,2024-06,2024-07,50.0,Starter,EMEA
C01336,2024-06,2024-08,50.0,Starter,EMEA
C01336,2024-06,2024-09,50.0,Starter,EMEA
C01336,2024-06,2024-10,50.0,Starter,EMEA
C01336,2024-06,2024-11,50.0,Starter,EMEA
C01336,2024-06,2024-12,50.0,Starter,EMEA
C01337,2024-06,2024-06,50.0,Starter,NA
C01337,2024-06,2024-07,50.0,Starter,NA
C01337,2024-06,2024-08,50.0,Starter,NA
C01337,2024-06,2024-09,50.0,Starter,NA
C01338,2024-06,2024-06,200.0,Pro,NA
C01338,2024-06,2024-07,240.0,Pro,NA
C01338,2024-06,2024-08,240.0,Pro,NA
C01339,2024-06,2024-06,200.0,Pro,NA
C01339,2024-06,2024-07,200.0,Pro,NA
C01340,2024-06,2024-06,800.0,Enterprise,NA
C01340,2024-06,2024-07,800.0,Enterprise,NA
C01340,2024-06,2024-08,800.0,Enterprise,NA
C01340,2024-06,2024-09,800.0,Enterprise,NA
C01340,2024-06,2024-10,800.0,Enterprise,NA
C01340,2024-06,2024-11,960.0,Enterprise,NA
C01340,2024-06,2024-12,960.0,Enterprise,NA
C01341,2024-06,2024-06,200.0,Pro,APAC
C01341,2024-06,2024-07,200.0,Pro,APAC
C01341,2024-06,2024-08,200.0,Pro,APAC
C01341,2024-06,2024-09,200.0,Pro,APAC
C01341,2024-06,2024-10,200.0,Pro,APAC
C01341,2024-06,2024-11,240.0,Pro,APAC
C01341,2024-06,2024-12,240.0,Pro,APAC
C01342,2024-06,2024-06,50.0,Starter,NA
C01342,2024-06,2024-07,60.0,Starter,NA
C01342,2024-06,2024-08,60.0,Starter,NA
C01342,2024-06,2024-09,60.0,Starter,NA
C01342,2024-06,2024-10,51.0,Starter,NA
C01342,2024-06,2024-11,43.35,Starter,NA
C01342,2024-06,2024-12,52.02,Starter,NA
C01343,2024-06,2024-06,50.0,Starter,EMEA
C01344,2024-06,2024-06,800.0,Enterprise,APAC
C01344,2024-06,2024-07,800.0,Enterprise,APAC
C01344,2024-06,2024-08,800.0,Enterprise,APAC
C01344,2024-06,2024-09,800.0,Enterprise,APAC
C01344,2024-06,2024-10,800.0,Enterprise,APAC
C01344,2024-06,2024-11,800.0,Enterprise,APAC
C01344,2024-06,2024-12,800.0,Enterprise,APAC
C01345,2024-06,2024-06,800.0,Enterprise,NA
C01345,2024-06,2024-07,800.0,Enterprise,NA
C01345,2024-06,2024-08,800.0,Enterprise,NA
C01345,2024-06,2024-09,800.0,Enterprise,NA
C01345,2024-06,2024-10,680.0,Enterprise,NA
C01345,2024-06,2024-11,680.0,Enterprise,NA
C01345,2024-06,2024-12,680.0,Enterprise,NA
C01346,2024-06,2024-06,50.0,Starter,EMEA
C01346,2024-06,2024-07,50.0,Starter,EMEA
C01346,2024-06,2024-08,50.0,Starter,EMEA
C01346,2024-06,2024-09,50.0,Starter,EMEA
C01346,2024-06,2024-10,50.0,Starter,EMEA
C01346,2024-06,2024-11,50.0,Starter,EMEA
C01346,2024-06,2024-12,60.0,Starter,EMEA
C01347,2024-06,2024-06,50.0,Starter,NA
C01347,2024-06,2024-07,50.0,Starter,NA
C01347,2024-06,2024-08,50.0,Starter,NA
C01347,2024-06,2024-09,42.5,Starter,NA
C01347,2024-06,2024-10,42.5,Starter,NA
C01347,2024-06,2024-11,42.5,Starter,NA
C01347,2024-06,2024-12,51.0,Starter,NA
C01348,2024-06,2024-06,50.0,Starter,EMEA
C01348,2024-06,2024-07,50.0,Starter,EMEA
C01349,2024-06,2024-06,50.0,Starter,NA
C01349,2024-06,2024-07,60.0,Starter,NA
C01349,2024-06,2024-08,60.0,Starter,NA
C01349,2024-06,2024-09,72.0,Starter,NA
C01349,2024-06,2024-10,86.4,Starter,NA
C01349,2024-06,2024-11,86.4,Starter,NA
C01349,2024-06,2024-12,73.44,Starter,NA
C01350,2024-06,2024-06,200.0,Pro,EMEA
C01350,2024-06,2024-07,200.0,Pro,EMEA
C01350,2024-06,2024-08,200.0,Pro,EMEA
C01350,2024-06,2024-09,200.0,Pro,EMEA
C01350,2024-06,2024-10,240.0,Pro,EMEA
C01350,2024-06,2024-11,240.0,Pro,EMEA
C01350,2024-06,2024-12,240.0,Pro,EMEA
C01351,2024-06,2024-06,200.0,Pro,APAC
C01351,2024-06,2024-07,200.0,Pro,APAC
C01351,2024-06,2024-08,200.0,Pro,APAC
C01351,2024-06,2024-09,200.0,Pro,APAC
C01351,2024-06,2024-10,200.0,Pro,APAC
C01351,2024-06,2024-11,240.0,Pro,APAC
C01351,2024-06,2024-12,240.0,Pro,APAC
C01352,2024-06,2024-06,200.0,Pro,APAC
C01352,2024-06,2024-07,240.0,Pro,APAC
C01352,2024-06,2024-08,240.0,Pro,APAC
C01352,2024-06,2024-09,240.0,Pro,APAC
C01352,2024-06,2024-10,288.0,Pro,APAC
C01352,2024-06,2024-11,288.0,Pro,APAC
C01352,2024-06,2024-12,288.0,Pro,APAC
C01353,2024-06,2024-06,50.0,Starter,EMEA
C01353,2024-06,2024-07,50.0,Starter,EMEA
C01353,2024-06,2024-08,60.0,Starter,EMEA
C01353,2024-06,2024-09,60.0,Starter,EMEA
C01353,2024-06,2024-10,72.0,Starter,EMEA
C01353,2024-06,2024-11,72.0,Starter,EMEA
C01353,2024-06,2024-12,72.0,Starter,EMEA
C01354,2024-06,2024-06,50.0,Starter,APAC
C01354,2024-06,2024-07,42.5,Starter,APAC
C01354,2024-06,2024-08,51.0,Starter,APAC
C01354,2024-06,2024-09,61.2,Starter,APAC
C01354,2024-06,2024-10,61.2,Starter,APAC
C01354,2024-06,2024-11,61.2,Starter,APAC
C01354,2024-06,2024-12,61.2,Starter,APAC
C01355,2024-06,2024-06,50.0,Starter,EMEA
C01355,2024-06,2024-07,50.0,Starter,EMEA
C01355,2024-06,2024-08,50.0,Starter,EMEA
C01356,2024-06,2024-06,50.0,Starter,EMEA
C01356,2024-06,2024-07,50.0,Starter,EMEA
C01356,2024-06,2024-08,42.5,Starter,EMEA
C01356,2024-06,2024-09,42.5,Starter,EMEA
C01356,2024-06,2024-10,42.5,Starter,EMEA
C01356,2024-06,2024-11,42.5,Starter,EMEA
C01356,2024-06,2024-12,42.5,Starter,EMEA
C01357,2024-06,2024-06,50.0,Starter,EMEA
C01357,2024-06,2024-07,50.0,Starter,EMEA
C01357,2024-06,2024-08,50.0,Starter,EMEA
C01357,2024-06,2024-09,50.0,Starter,EMEA
C01357,2024-06,2024-10,60.0,Starter,EMEA
C01357,2024-06,2024-11,60.0,Starter,EMEA
C01357,2024-06,2024-12,60.0,Starter,EMEA
C01358,2024-06,2024-06,50.0,Starter,APAC
C01358,2024-06,2024-07,50.0,Starter,APAC
C01358,2024-06,2024-08,50.0,Starter,APAC
C01358,2024-06,2024-09,50.0,Starter,APAC
C01358,2024-06,2024-10,50.0,Starter,APAC
C01358,2024-06,2024-11,50.0,Starter,APAC
C01358,2024-06,2024-12,50.0,Starter,APAC
C01359,2024-06,2024-06,200.0,Pro,EMEA
C01359,2024-06,2024-07,200.0,Pro,EMEA
C01359,2024-06,2024-08,200.0,Pro,EMEA
C01359,2024-06,2024-09,200.0,Pro,EMEA
C01359,2024-06,2024-10,200.0,Pro,EMEA
C01359,2024-06,2024-11,200.0,Pro,EMEA
C01359,2024-06,2024-12,240.0,Pro,EMEA
C01360,2024-06,2024-06,50.0,Starter,EMEA
C01360,2024-06,2024-07,50.0,Starter,EMEA
C01360,2024-06,2024-08,42.5,Starter,EMEA
C01360,2024-06,2024-09,51.0,Starter,EMEA
C01360,2024-06,2024-10,51.0,Starter,EMEA
C01360,2024-06,2024-11,51.0,Starter,EMEA
C01360,2024-06,2024-12,51.0,Starter,EMEA
C01361,2024-06,2024-06,50.0,Starter,NA
C01362,2024-06,2024-06,50.0,Starter,NA
C01362,2024-06,2024-07,50.0,Starter,NA
C01362,2024-06,2024-08,60.0,Starter,NA
C01362,2024-06,2024-09,60.0,Starter,NA
C01362,2024-06,2024-10,60.0,Starter,NA
C01362,2024-06,2024-11,60.0,Starter,NA
C01362,2024-06,2024-12,60.0,Starter,NA
C01363,2024-06,2024-06,50.0,Starter,APAC
C01363,2024-06,2024-07,60.0,Starter,APAC
C01363,2024-06,2024-08,60.0,Starter,APAC
C01363,2024-06,2024-09,60.0,Starter,APAC
C01363,2024-06,2024-10,60.0,Starter,APAC
C01363,2024-06,2024-11,60.0,Starter,APAC
C01363,2024-06,2024-12,60.0,Starter,APAC
C01364,2024-06,2024-06,200.0,Pro,APAC
C01364,2024-06,2024-07,240.0,Pro,APAC
C01364,2024-06,2024-08,240.0,Pro,APAC
C01364,2024-06,2024-09,240.0,Pro,APAC
C01365,2024-06,2024-06,200.0,Pro,APAC
C01366,2024-06,2024-06,200.0,Pro,LATAM
C01366,2024-06,2024-07,200.0,Pro,LATAM
C01366,2024-06,2024-08,200.0,Pro,LATAM
C01366,2024-06,2024-09,200.0,Pro,LATAM
C01366,2024-06,2024-10,200.0,Pro,LATAM
C01366,2024-06,2024-11,200.0,Pro,LATAM
C01366,2024-06,2024-12,200.0,Pro,LATAM
C01367,2024-06,2024-06,50.0,Starter,APAC
C01367,2024-06,2024-07,50.0,Starter,APAC
C01367,2024-06,2024-08,60.0,Starter,APAC
C01367,2024-06,2024-09,60.0,Starter,APAC
C01367,2024-06,2024-10,60.0,Starter,APAC
C01367,2024-06,2024-11,60.0,Starter,APAC
C01367,2024-06,2024-12,72.0,Starter,APAC
C01368,2024-06,2024-06,50.0,Starter,LATAM
C01368,2024-06,2024-07,50.0,Starter,LATAM
C01368,2024-06,2024-08,42.5,Starter,LATAM
C01368,2024-06,2024-09,42.5,Starter,LATAM
C01368,2024-06,2024-10,42.5,Starter,LATAM
C01368,2024-06,2024-11,51.0,Starter,LATAM
C01368,2024-06,2024-12,61.2,Starter,LATAM
C01369,2024-06,2024-06,50.0,Starter,NA
C01370,2024-07,2024-07,800.0,Enterprise,APAC
C01370,2024-07,2024-08,960.0,Enterprise,APAC
C01370,2024-07,2024-09,1152.0,Enterprise,APAC
C01370,2024-07,2024-10,1152.0,Enterprise,APAC
C01370,2024-07,2024-11,1152.0,Enterprise,APAC
C01370,2024-07,2024-12,1152.0,Enterprise,APAC
C01371,2024-07,2024-07,200.0,Pro,NA
C01371,2024-07,2024-08,200.0,Pro,NA
C01371,2024-07,2024-09,200.0,Pro,NA
C01371,2024-07,2024-10,200.0,Pro,NA
C01371,2024-07,2024-11,200.0,Pro,NA
C01371,2024-07,2024-12,170.0,Pro,NA
C01372,2024-07,2024-07,50.0,Starter,NA
C01372,2024-07,2024-08,42.5,Starter,NA
C01372,2024-07,2024-09,42.5,Starter,NA
C01372,2024-07,2024-10,42.5,Starter,NA
C01372,2024-07,2024-11,51.0,Starter,NA
C01372,2024-07,2024-12,51.0,Starter,NA
C01373,2024-07,2024-07,50.0,Starter,EMEA
C01373,2024-07,2024-08,50.0,Starter,EMEA
C01373,2024-07,2024-09,50.0,Starter,EMEA
C01373,2024-07,2024-10,50.0,Starter,EMEA
C01373,2024-07,2024-11,50.0,Starter,EMEA
C01373,2024-07,2024-12,50.0,Starter,EMEA
C01374,2024-07,2024-07,50.0,Starter,EMEA
C01374,2024-07,2024-08,50.0,Starter,EMEA
C01374,2024-07,2024-09,50.0,Starter,EMEA
C01374,2024-07,2024-10,42.5,Starter,EMEA
C01374,2024-07,2024-11,51.0,Starter,EMEA
C01374,2024-07,2024-12,51.0,Starter,EMEA
C01375,2024-07,2024-07,200.0,Pro,NA
C01375,2024-07,2024-08,240.0,Pro,NA
C01375,2024-07,2024-09,240.0,Pro,NA
C01375,2024-07,2024-10,240.0,Pro,NA
C01375,2024-07,2024-11,240.0,Pro,NA
C01375,2024-07,2024-12,240.0,Pro,NA
C01376,2024-07,2024-07,200.0,Pro,EMEA
C01376,2024-07,2024-08,200.0,Pro,EMEA
C01376,2024-07,2024-09,170.0,Pro,EMEA
C01376,2024-07,2024-10,170.0,Pro,EMEA
C01376,2024-07,2024-11,170.0,Pro,EMEA
C01376,2024-07,2024-12,170.0,Pro,EMEA
C01377,2024-07,2024-07,200.0,Pro,EMEA
C01377,2024-07,2024-08,200.0,Pro,EMEA
C01378,2024-07,2024-07,200.0,Pro,EMEA
C01378,2024-07,2024-08,200.0,Pro,EMEA
C01378,2024-07,2024-09,240.0,Pro,EMEA
C01378,2024-07,2024-10,240.0,Pro,EMEA
C01378,2024-07,2024-11,240.0,Pro,EMEA
C01378,2024-07,2024-12,240.0,Pro,EMEA
C01379,2024-07,2024-07,50.0,Starter,NA
C01379,2024-07,2024-08,60.0,Starter,NA
C01379,2024-07,2024-09,60.0,Starter,NA
C01379,2024-07,2024-10,72.0,Starter,NA
C01379,2024-07,2024-11,61.2,Starter,NA
C01379,2024-07,2024-12,61.2,Starter,NA
C01380,2024-07,2024-07,50.0,Starter,EMEA
C01381,2024-07,2024-07,50.0,Starter,EMEA
C01381,2024-07,2024-08,50.0,Starter,EMEA
C01381,2024-07,2024-09,50.0,Starter,EMEA
C01381,2024-07,2024-10,50.0,Starter,EMEA
C01381,2024-07,2024-11,50.0,Starter,EMEA
C01381,2024-07,2024-12,50.0,Starter,EMEA
C01382,2024-07,2024-07,200.0,Pro,LATAM
C01383,2024-07,2024-07,200.0,Pro,NA
C01383,2024-07,2024-08,200.0,Pro,NA
C01383,2024-07,2024-09,200.0,Pro,NA
C01383,2024-07,2024-10,240.0,Pro,NA
C01383,2024-07,2024-11,240.0,Pro,NA
C01383,2024-07,2024-12,240.0,Pro,NA
C01384,2024-07,2024-07,50.0,Starter,NA
C01384,2024-07,2024-08,50.0,Starter,NA
C01384,2024-07,2024-09,60.0,Starter,NA
C01384,2024-07,2024-10,72.0,Starter,NA
C01384,2024-07,2024-11,72.0,Starter,NA
C01384,2024-07,2024-12,72.0,Starter,NA
C01385,2024-07,2024-07,50.0,Starter,NA
C01385,2024-07,2024-08,50.0,Starter,NA
C01385,2024-07,2024-09,50.0,Starter,NA
C01385,2024-07,2024-10,50.0,Starter,NA
C01385,2024-07,2024-11,50.0,Starter,NA
C01385,2024-07,2024-12,50.0,Starter,NA
C01386,2024-07,2024-07,800.0,Enterprise,NA
C01386,2024-07,2024-08,800.0,Enterprise,NA
C01386,2024-07,2024-09,680.0,Enterprise,NA
C01386,2024-07,2024-10,680.0,Enterprise,NA
C01386,2024-07,2024-11,680.0,Enterprise,NA
C01386,2024-07,2024-12,680.0,Enterprise,NA
C01387,2024-07,2024-07,200.0,Pro,NA
C01387,2024-07,2024-08,200.0,Pro,NA
C01387,2024-07,2024-09,200.0,Pro,NA
C01387,2024-07,2024-10,240.0,Pro,NA
C01387,2024-07,2024-11,288.0,Pro,NA
C01387,2024-07,2024-12,288.0,Pro,NA
C01388,2024-07,2024-07,200.0,Pro,APAC
C01389,2024-07,2024-07,200.0,Pro,NA
C01390,2024-07,2024-07,200.0,Pro,EMEA
C01390,2024-07,2024-08,200.0,Pro,EMEA
C01390,2024-07,2024-09,200.0,Pro,EMEA
C01390,2024-07,2024-10,200.0,Pro,EMEA
C01390,2024-07,2024-11,170.0,Pro,EMEA
C01390,2024-07,2024-12,144.5,Pro,EMEA
C01391,2024-07,2024-07,200.0,Pro,EMEA
C01391,2024-07,2024-08,200.0,Pro,EMEA
C01391,2024-07,2024-09,200.0,Pro,EMEA
C01392,2024-07,2024-07,50.0,Starter,NA
C01392,2024-07,2024-08,50.0,Starter,NA
C01392,2024-07,2024-09,50.0,Starter,NA
C01392,2024-07,2024-10,42.5,Starter,NA
C01392,2024-07,2024-11,42.5,Starter,NA
C01392,2024-07,2024-12,42.5,Starter,NA
C01393,2024-07,2024-07,50.0,Starter,NA
C01393,2024-07,2024-08,60.0,Starter,NA
C01393,2024-07,2024-09,60.0,Starter,NA
C01393,2024-07,2024-10,60.0,Starter,NA
C01393,2024-07,2024-11,60.0,Starter,NA
C01393,2024-07,2024-12,60.0,Starter,NA
C01394,2024-07,2024-07,50.0,Starter,EMEA
C01394,2024-07,2024-08,50.0,Starter,EMEA
C01394,2024-07,2024-09,50.0,Starter,EMEA
C01395,2024-07,2024-07,50.0,Starter,NA
C01395,2024-07,2024-08,50.0,Starter,NA
C01395,2024-07,2024-09,50.0,Starter,NA
C01395,2024-07,2024-10,50.0,Starter,NA
C01395,2024-07,2024-11,50.0,Starter,NA
C01395,2024-07,2024-12,50.0,Starter,NA
C01396,2024-07,2024-07,200.0,Pro,APAC
C01396,2024-07,2024-08,200.0,Pro,APAC
C01396,2024-07,2024-09,240.0,Pro,APAC
C01396,2024-07,2024-10,240.0,Pro,APAC
C01396,2024-07,2024-11,240.0,Pro,APAC
C01396,2024-07,2024-12,288.0,Pro,APAC
C01397,2024-07,2024-07,50.0,Starter,EMEA
C01397,2024-07,2024-08,50.0,Starter,EMEA
C01397,2024-07,2024-09,50.0,Starter,EMEA
C01397,2024-07,2024-10,50.0,Starter,EMEA
C01397,2024-07,2024-11,50.0,Starter,EMEA
C01397,2024-07,2024-12,60.0,Starter,EMEA
C01398,2024-07,2024-07,200.0,Pro,NA
C01398,2024-07,2024-08,200.0,Pro,NA
C01399,2024-07,2024-07,50.0,Starter,EMEA
C01399,2024-07,2024-08,50.0,Starter,EMEA
C01399,2024-07,2024-09,60.0,Starter,EMEA
C01399,2024-07,2024-10,60.0,Starter,EMEA
C01399,2024-07,2024-11,60.0,Starter,EMEA
C01399,2024-07,2024-12,60.0,Starter,EMEA
C01400,2024-07,2024-07,50.0,Starter,NA
C01400,2024-07,2024-08,42.5,Starter,NA
C01400,2024-07,2024-09,42.5,Starter,NA
C01400,2024-07,2024-10,51.0,Starter,NA
C01400,2024-07,2024-11,51.0,Starter,NA
C01400,2024-07,2024-12,61.2,Starter,NA
C01401,2024-07,2024-07,800.0,Enterprise,EMEA
C01401,2024-07,2024-08,800.0,Enterprise,EMEA
C01401,2024-07,2024-09,800.0,Enterprise,EMEA
C01401,2024-07,2024-10,800.0,Enterprise,EMEA
C01401,2024-07,2024-11,800.0,Enterprise,EMEA
C01401,2024-07,2024-12,800.0,Enterprise,EMEA
C01402,2024-07,2024-07,800.0,Enterprise,NA
C01402,2024-07,2024-08,680.0,Enterprise,NA
C01402,2024-07,2024-09,680.0,Enterprise,NA
C01402,2024-07,2024-10,816.0,Enterprise,NA
C01403,2024-07,2024-07,50.0,Starter,LATAM
C01403,2024-07,2024-08,60.0,Starter,LATAM
C01403,2024-07,2024-09,60.0,Starter,LATAM
C01403,2024-07,2024-10,60.0,Starter,LATAM
C01403,2024-07,2024-11,72.0,Starter,LATAM
C01403,2024-07,2024-12,72.0,Starter,LATAM
C01404,2024-07,2024-07,50.0,Starter,EMEA
C01404,2024-07,2024-08,50.0,Starter,EMEA
C01404,2024-07,2024-09,50.0,Starter,EMEA
C01404,2024-07,2024-10,60.0,Starter,EMEA
C01404,2024-07,2024-11,72.0,Starter,EMEA
C01404,2024-07,2024-12,72.0,Starter,EMEA
C01405,2024-07,2024-07,200.0,Pro,EMEA
C01405,2024-07,2024-08,240.0,Pro,EMEA
C01405,2024-07,2024-09,240.0,Pro,EMEA
C01405,2024-07,2024-10,240.0,Pro,EMEA
C01405,2024-07,2024-11,240.0,Pro,EMEA
C01405,2024-07,2024-12,288.0,Pro,EMEA
C01406,2024-07,2024-07,200.0,Pro,EMEA
C01406,2024-07,2024-08,200.0,Pro,EMEA
C01406,2024-07,2024-09,200.0,Pro,EMEA
C01406,2024-07,2024-10,200.0,Pro,EMEA
C01407,2024-07,2024-07,50.0,Starter,NA
C01407,2024-07,2024-08,50.0,Starter,NA
C01407,2024-07,2024-09,50.0,Starter,NA
C01407,2024-07,2024-10,50.0,Starter,NA
C01407,2024-07,2024-11,50.0,Starter,NA
C01407,2024-07,2024-12,60.0,Starter,NA
C01408,2024-07,2024-07,50.0,Starter,EMEA
C01408,2024-07,2024-08,50.0,Starter,EMEA
C01408,2024-07,2024-09,50.0,Starter,EMEA
C01408,2024-07,2024-10,50.0,Starter,EMEA
C01408,2024-07,2024-11,50.0,Starter,EMEA
C01408,2024-07,2024-12,50.0,Starter,EMEA
C01409,2024-07,2024-07,200.0,Pro,EMEA
C01409,2024-07,2024-08,200.0,Pro,EMEA
C01409,2024-07,2024-09,200.0,Pro,EMEA
C01409,2024-07,2024-10,240.0,Pro,EMEA
C01409,2024-07,2024-11,240.0,Pro,EMEA
C01409,2024-07,2024-12,288.0,Pro,EMEA
C01410,2024-07,2024-07,200.0,Pro,NA
C01410,2024-07,2024-08,240.0,Pro,NA
C01410,2024-07,2024-09,240.0,Pro,NA
C01410,2024-07,2024-10,240.0,Pro,NA
C01410,2024-07,2024-11,240.0,Pro,NA
C01410,2024-07,2024-12,240.0,Pro,NA
C01411,2024-07,2024-07,200.0,Pro,NA
C01411,2024-07,2024-08,200.0,Pro,NA
C01412,2024-07,2024-07,50.0,Starter,LATAM
C01412,2024-07,2024-08,60.0,Starter,LATAM
C01412,2024-07,2024-09,60.0,Starter,LATAM
C01412,2024-07,2024-10,60.0,Starter,LATAM
C01412,2024-07,2024-11,72.0,Starter,LATAM
C01412,2024-07,2024-12,72.0,Starter,LATAM
C01413,2024-07,2024-07,200.0,Pro,NA
C01413,2024-07,2024-08,200.0,Pro,NA
C01413,2024-07,2024-09,200.0,Pro,NA
C01413,2024-07,2024-10,240.0,Pro,NA
C01413,2024-07,2024-11,240.0,Pro,NA
C01413,2024-07,2024-12,240.0,Pro,NA
C01414,2024-07,2024-07,200.0,Pro,NA
C01414,2024-07,2024-08,200.0,Pro,NA
C01414,2024-07,2024-09,200.0,Pro,NA
C01414,2024-07,2024-10,200.0,Pro,NA
C01414,2024-07,2024-11,200.0,Pro,NA
C01414,2024-07,2024-12,200.0,Pro,NA
C01415,2024-07,2024-07,200.0,Pro,NA
C01415,2024-07,2024-08,200.0,Pro,NA
C01415,2024-07,2024-09,200.0,Pro,NA
C01415,2024-07,2024-10,200.0,Pro,NA
C01415,2024-07,2024-11,200.0,Pro,NA
C01415,2024-07,2024-12,200.0,Pro,NA
C01416,2024-07,2024-07,50.0,Starter,NA
C01416,2024-07,2024-08,60.0,Starter,NA
C01416,2024-07,2024-09,60.0,Starter,NA
C01416,2024-07,2024-10,60.0,Starter,NA
C01416,2024-07,2024-11,60.0,Starter,NA
C01416,2024-07,2024-12,60.0,Starter,NA
C01417,2024-07,2024-07,200.0,Pro,EMEA
C01417,2024-07,2024-08,240.0,Pro,EMEA
C01417,2024-07,2024-09,240.0,Pro,EMEA
C01417,2024-07,2024-10,240.0,Pro,EMEA
C01417,2024-07,2024-11,240.0,Pro,EMEA
C01417,2024-07,2024-12,240.0,Pro,EMEA
C01418,2024-07,2024-07,800.0,Enterprise,EMEA
C01418,2024-07,2024-08,800.0,Enterprise,EMEA
C01418,2024-07,2024-09,960.0,Enterprise,EMEA
C01418,2024-07,2024-10,960.0,Enterprise,EMEA
C01418,2024-07,2024-11,960.0,Enterprise,EMEA
C01418,2024-07,2024-12,1152.0,Enterprise,EMEA
C01419,2024-07,2024-07,50.0,Starter,LATAM
C01419,2024-07,2024-08,60.0,Starter,LATAM
C01419,2024-07,2024-09,72.0,Starter,LATAM
C01419,2024-07,2024-10,72.0,Starter,LATAM
C01419,2024-07,2024-11,72.0,Starter,LATAM
C01419,2024-07,2024-12,72.0,Starter,LATAM
C01420,2024-07,2024-07,50.0,Starter,NA
C01420,2024-07,2024-08,50.0,Starter,NA
C01420,2024-07,2024-09,50.0,Starter,NA
C01420,2024-07,2024-10,50.0,Starter,NA
C01420,2024-07,2024-11,50.0,Starter,NA
C01420,2024-07,2024-12,50.0,Starter,NA
C01421,2024-07,2024-07,50.0,Starter,NA
C01421,2024-07,2024-08,60.0,Starter,NA
C01421,2024-07,2024-09,72.0,Starter,NA
C01421,2024-07,2024-10,86.4,Starter,NA
C01421,2024-07,2024-11,86.4,Starter,NA
C01421,2024-07,2024-12,86.4,Starter,NA
C01422,2024-07,2024-07,200.0,Pro,EMEA
C01422,2024-07,2024-08,200.0,Pro,EMEA
C01422,2024-07,2024-09,200.0,Pro,EMEA
C01422,2024-07,2024-10,240.0,Pro,EMEA
C01422,2024-07,2024-11,240.0,Pro,EMEA
C01422,2024-07,2024-12,240.0,Pro,EMEA
C01423,2024-07,2024-07,200.0,Pro,NA
C01423,2024-07,2024-08,200.0,Pro,NA
C01423,2024-07,2024-09,170.0,Pro,NA
C01423,2024-07,2024-10,204.0,Pro,NA
C01423,2024-07,2024-11,204.0,Pro,NA
C01423,2024-07,2024-12,173.4,Pro,NA
C01424,2024-07,2024-07,50.0,Starter,NA
C01424,2024-07,2024-08,42.5,Starter,NA
C01424,2024-07,2024-09,51.0,Starter,NA
C01424,2024-07,2024-10,51.0,Starter,NA
C01424,2024-07,2024-11,51.0,Starter,NA
C01424,2024-07,2024-12,51.0,Starter,NA
C01425,2024-07,2024-07,200.0,Pro,NA
C01425,2024-07,2024-08,200.0,Pro,NA
C01425,2024-07,2024-09,200.0,Pro,NA
C01425,2024-07,2024-10,200.0,Pro,NA
C01425,2024-07,2024-11,200.0,Pro,NA
C01425,2024-07,2024-12,200.0,Pro,NA
C01426,2024-07,2024-07,50.0,Starter,EMEA
C01426,2024-07,2024-08,60.0,Starter,EMEA
C01426,2024-07,2024-09,60.0,Starter,EMEA
C01426,2024-07,2024-10,60.0,Starter,EMEA
C01426,2024-07,2024-11,60.0,Starter,EMEA
C01426,2024-07,2024-12,60.0,Starter,EMEA
C01427,2024-07,2024-07,50.0,Starter,NA
C01427,2024-07,2024-08,50.0,Starter,NA
C01427,2024-07,2024-09,50.0,Starter,NA
C01427,2024-07,2024-10,50.0,Starter,NA
C01427,2024-07,2024-11,60.0,Starter,NA
C01427,2024-07,2024-12,60.0,Starter,NA
C01428,2024-07,2024-07,50.0,Starter,APAC
C01428,2024-07,2024-08,50.0,Starter,APAC
C01428,2024-07,2024-09,50.0,Starter,APAC
C01428,2024-07,2024-10,50.0,Starter,APAC
C01428,2024-07,2024-11,50.0,Starter,APAC
C01428,2024-07,2024-12,50.0,Starter,APAC
C01429,2024-07,2024-07,50.0,Starter,EMEA
C01429,2024-07,2024-08,50.0,Starter,EMEA
C01429,2024-07,2024-09,50.0,Starter,EMEA
C01429,2024-07,2024-10,42.5,Starter,EMEA
C01429,2024-07,2024-11,36.12,Starter,EMEA
C01429,2024-07,2024-12,36.12,Starter,EMEA
C01430,2024-07,2024-07,200.0,Pro,NA
C01430,2024-07,2024-08,240.0,Pro,NA
C01430,2024-07,2024-09,240.0,Pro,NA
C01430,2024-07,2024-10,240.0,Pro,NA
C01430,2024-07,2024-11,240.0,Pro,NA
C01431,2024-07,2024-07,200.0,Pro,EMEA
C01431,2024-07,2024-08,170.0,Pro,EMEA
C01431,2024-07,2024-09,170.0,Pro,EMEA
C01431,2024-07,2024-10,144.5,Pro,EMEA
C01431,2024-07,2024-11,144.5,Pro,EMEA
C01431,2024-07,2024-12,144.5,Pro,EMEA
C01432,2024-07,2024-07,200.0,Pro,NA
C01432,2024-07,2024-08,200.0,Pro,NA
C01432,2024-07,2024-09,200.0,Pro,NA
C01432,2024-07,2024-10,200.0,Pro,NA
C01432,2024-07,2024-11,200.0,Pro,NA
C01432,2024-07,2024-12,200.0,Pro,NA
C01433,2024-07,2024-07,800.0,Enterprise,EMEA
C01433,2024-07,2024-08,800.0,Enterprise,EMEA
C01433,2024-07,2024-09,960.0,Enterprise,EMEA
C01433,2024-07,2024-10,960.0,Enterprise,EMEA
C01433,2024-07,2024-11,960.0,Enterprise,EMEA
C01433,2024-07,2024-12,1152.0,Enterprise,EMEA
C01434,2024-07,2024-07,50.0,Starter,EMEA
C01434,2024-07,2024-08,60.0,Starter,EMEA
C01434,2024-07,2024-09,60.0,Starter,EMEA
C01434,2024-07,2024-10,60.0,Starter,EMEA
C01434,2024-07,2024-11,60.0,Starter,EMEA
C01434,2024-07,2024-12,60.0,Starter,EMEA
C01435,2024-07,2024-07,50.0,Starter,LATAM
C01435,2024-07,2024-08,50.0,Starter,LATAM
C01435,2024-07,2024-09,50.0,Starter,LATAM
C01435,2024-07,2024-10,50.0,Starter,LATAM
C01435,2024-07,2024-11,50.0,Starter,LATAM
C01435,2024-07,2024-12,50.0,Starter,LATAM
C01436,2024-07,2024-07,50.0,Starter,EMEA
C01436,2024-07,2024-08,50.0,Starter,EMEA
C01436,2024-07,2024-09,50.0,Starter,EMEA
C01436,2024-07,2024-10,50.0,Starter,EMEA
C01436,2024-07,2024-11,60.0,Starter,EMEA
C01436,2024-07,2024-12,72.0,Starter,EMEA
C01437,2024-07,2024-07,50.0,Starter,LATAM
C01437,2024-07,2024-08,60.0,Starter,LATAM
C01437,2024-07,2024-09,60.0,Starter,LATAM
C01437,2024-07,2024-10,60.0,Starter,LATAM
C01437,2024-07,2024-11,60.0,Starter,LATAM
C01437,2024-07,2024-12,60.0,Starter,LATAM
C01438,2024-07,2024-07,50.0,Starter,NA
C01438,2024-07,2024-08,42.5,Starter,NA
C01438,2024-07,2024-09,51.0,Starter,NA
C01438,2024-07,2024-10,61.2,Starter,NA
C01438,2024-07,2024-11,61.2,Starter,NA
C01438,2024-07,2024-12,61.2,Starter,NA
C01439,2024-07,2024-07,50.0,Starter,APAC
C01439,2024-07,2024-08,42.5,Starter,APAC
C01439,2024-07,2024-09,42.5,Starter,APAC
C01439,2024-07,2024-10,42.5,Starter,APAC
C01439,2024-07,2024-11,42.5,Starter,APAC
C01439,2024-07,2024-12,42.5,Starter,APAC
C01440,2024-07,2024-07,200.0,Pro,NA
C01440,2024-07,2024-08,200.0,Pro,NA
C01440,2024-07,2024-09,200.0,Pro,NA
C01440,2024-07,2024-10,200.0,Pro,NA
C01440,2024-07,2024-11,200.0,Pro,NA
C01440,2024-07,2024-12,200.0,Pro,NA
C01441,2024-07,2024-07,50.0,Starter,EMEA
C01441,2024-07,2024-08,50.0,Starter,EMEA
C01441,2024-07,2024-09,50.0,Starter,EMEA
C01441,2024-07,2024-10,50.0,Starter,EMEA
C01441,2024-07,2024-11,50.0,Starter,EMEA
C01441,2024-07,2024-12,50.0,Starter,EMEA
C01442,2024-07,2024-07,200.0,Pro,NA
C01442,2024-07,2024-08,200.0,Pro,NA
C01442,2024-07,2024-09,200.0,Pro,NA
C01442,2024-07,2024-10,200.0,Pro,NA
C01442,2024-07,2024-11,200.0,Pro,NA
C01442,2024-07,2024-12,240.0,Pro,NA
C01443,2024-07,2024-07,50.0,Starter,APAC
C01443,2024-07,2024-08,50.0,Starter,APAC
C01443,2024-07,2024-09,50.0,Starter,APAC
C01443,2024-07,2024-10,42.5,Starter,APAC
C01443,2024-07,2024-11,42.5,Starter,APAC
C01443,2024-07,2024-12,51.0,Starter,APAC
C01444,2024-07,2024-07,200.0,Pro,LATAM
C01444,2024-07,2024-08,240.0,Pro,LATAM
C01444,2024-07,2024-09,240.0,Pro,LATAM
C01444,2024-07,2024-10,240.0,Pro,LATAM
C01444,2024-07,2024-11,240.0,Pro,LATAM
C01444,2024-07,2024-12,240.0,Pro,LATAM
C01445,2024-07,2024-07,200.0,Pro,NA
C01445,2024-07,2024-08,200.0,Pro,NA
C01445,2024-07,2024-09,200.0,Pro,NA
C01445,2024-07,2024-10,200.0,Pro,NA
C01445,2024-07,2024-11,200.0,Pro,NA
C01445,2024-07,2024-12,200.0,Pro,NA
C01446,2024-07,2024-07,50.0,Starter,APAC
C01446,2024-07,2024-08,50.0,Starter,APAC
C01446,2024-07,2024-09,50.0,Starter,APAC
C01446,2024-07,2024-10,42.5,Starter,APAC
C01446,2024-07,2024-11,42.5,Starter,APAC
C01446,2024-07,2024-12,42.5,Starter,APAC
C01447,2024-07,2024-07,50.0,Starter,NA
C01447,2024-07,2024-08,50.0,Starter,NA
C01447,2024-07,2024-09,50.0,Starter,NA
C01447,2024-07,2024-10,50.0,Starter,NA
C01447,2024-07,2024-11,50.0,Starter,NA
C01447,2024-07,2024-12,50.0,Starter,NA
C01448,2024-07,2024-07,50.0,Starter,EMEA
C01449,2024-07,2024-07,50.0,Starter,NA
C01449,2024-07,2024-08,50.0,Starter,NA
C01449,2024-07,2024-09,60.0,Starter,NA
C01449,2024-07,2024-10,60.0,Starter,NA
C01449,2024-07,2024-11,60.0,Starter,NA
C01449,2024-07,2024-12,60.0,Starter,NA
C01450,2024-07,2024-07,800.0,Enterprise,LATAM
C01450,2024-07,2024-08,800.0,Enterprise,LATAM
C01451,2024-07,2024-07,50.0,Starter,EMEA
C01451,2024-07,2024-08,50.0,Starter,EMEA
C01451,2024-07,2024-09,50.0,Starter,EMEA
C01451,2024-07,2024-10,50.0,Starter,EMEA
C01451,2024-07,2024-11,50.0,Starter,EMEA
C01451,2024-07,2024-12,50.0,Starter,EMEA
C01452,2024-07,2024-07,50.0,Starter,EMEA
C01452,2024-07,2024-08,50.0,Starter,EMEA
C01452,2024-07,2024-09,50.0,Starter,EMEA
C01452,2024-07,2024-10,60.0,Starter,EMEA
C01452,2024-07,2024-11,60.0,Starter,EMEA
C01452,2024-07,2024-12,72.0,Starter,EMEA
C01453,2024-07,2024-07,200.0,Pro,LATAM
C01453,2024-07,2024-08,200.0,Pro,LATAM
C01453,2024-07,2024-09,200.0,Pro,LATAM
C01453,2024-07,2024-10,200.0,Pro,LATAM
C01453,2024-07,2024-11,170.0,Pro,LATAM
C01453,2024-07,2024-12,170.0,Pro,LATAM
C01454,2024-07,2024-07,50.0,Starter,NA
C01454,2024-07,2024-08,50.0,Starter,NA
C01454,2024-07,2024-09,60.0,Starter,NA
C01454,2024-07,2024-10,60.0,Starter,NA
C01454,2024-07,2024-11,60.0,Starter,NA
C01454,2024-07,2024-12,60.0,Starter,NA
C01455,2024-07,2024-07,200.0,Pro,NA
C01455,2024-07,2024-08,200.0,Pro,NA
C01455,2024-07,2024-09,200.0,Pro,NA
C01455,2024-07,2024-10,240.0,Pro,NA
C01455,2024-07,2024-11,240.0,Pro,NA
C01455,2024-07,2024-12,288.0,Pro,NA
C01456,2024-07,2024-07,50.0,Starter,LATAM
C01456,2024-07,2024-08,50.0,Starter,LATAM
C01456,2024-07,2024-09,50.0,Starter,LATAM
C01456,2024-07,2024-10,50.0,Starter,LATAM
C01456,2024-07,2024-11,50.0,Starter,LATAM
C01456,2024-07,2024-12,50.0,Starter,LATAM
C01457,2024-07,2024-07,50.0,Starter,NA
C01457,2024-07,2024-08,60.0,Starter,NA
C01457,2024-07,2024-09,60.0,Starter,NA
C01457,2024-07,2024-10,60.0,Starter,NA
C01457,2024-07,2024-11,72.0,Starter,NA
C01457,2024-07,2024-12,72.0,Starter,NA
C01458,2024-07,2024-07,50.0,Starter,NA
C01458,2024-07,2024-08,50.0,Starter,NA
C01459,2024-07,2024-07,50.0,Starter,EMEA
C01459,2024-07,2024-08,50.0,Starter,EMEA
C01459,2024-07,2024-09,50.0,Starter,EMEA
C01459,2024-07,2024-10,50.0,Starter,EMEA
C01459,2024-07,2024-11,50.0,Starter,EMEA
C01459,2024-07,2024-12,50.0,Starter,EMEA
C01460,2024-07,2024-07,50.0,Starter,NA
C01460,2024-07,2024-08,50.0,Starter,NA
C01460,2024-07,2024-09,50.0,Starter,NA
C01460,2024-07,2024-10,50.0,Starter,NA
C01460,2024-07,2024-11,50.0,Starter,NA
C01460,2024-07,2024-12,60.0,Starter,NA
C01461,2024-07,2024-07,800.0,Enterprise,NA
C01461,2024-07,2024-08,960.0,Enterprise,NA
C01461,2024-07,2024-09,960.0,Enterprise,NA
C01461,2024-07,2024-10,1152.0,Enterprise,NA
C01461,2024-07,2024-11,1152.0,Enterprise,NA
C01461,2024-07,2024-12,1152.0,Enterprise,NA
C01462,2024-07,2024-07,800.0,Enterprise,NA
C01462,2024-07,2024-08,800.0,Enterprise,NA
C01463,2024-07,2024-07,200.0,Pro,EMEA
C01463,2024-07,2024-08,200.0,Pro,EMEA
C01463,2024-07,2024-09,200.0,Pro,EMEA
C01463,2024-07,2024-10,200.0,Pro,EMEA
C01463,2024-07,2024-11,200.0,Pro,EMEA
C01463,2024-07,2024-12,200.0,Pro,EMEA
C01464,2024-08,2024-08,50.0,Starter,APAC
C01464,2024-08,2024-09,60.0,Starter,APAC
C01464,2024-08,2024-10,60.0,Starter,APAC
C01464,2024-08,2024-11,60.0,Starter,APAC
C01464,2024-08,2024-12,60.0,Starter,APAC
C01465,2024-08,2024-08,50.0,Starter,NA
C01465,2024-08,2024-09,50.0,Starter,NA
C01465,2024-08,2024-10,50.0,Starter,NA
C01465,2024-08,2024-11,50.0,Starter,NA
C01465,2024-08,2024-12,60.0,Starter,NA
C01466,2024-08,2024-08,50.0,Starter,EMEA
C01466,2024-08,2024-09,50.0,Starter,EMEA
C01466,2024-08,2024-10,50.0,Starter,EMEA
C01466,2024-08,2024-11,50.0,Starter,EMEA
C01466,2024-08,2024-12,50.0,Starter,EMEA
C01467,2024-08,2024-08,50.0,Starter,APAC
C01467,2024-08,2024-09,50.0,Starter,APAC
C01467,2024-08,2024-10,50.0,Starter,APAC
C01467,2024-08,2024-11,50.0,Starter,APAC
C01468,2024-08,2024-08,200.0,Pro,NA
C01468,2024-08,2024-09,240.0,Pro,NA
C01468,2024-08,2024-10,240.0,Pro,NA
C01468,2024-08,2024-11,240.0,Pro,NA
C01468,2024-08,2024-12,240.0,Pro,NA
C01469,2024-08,2024-08,200.0,Pro,NA
C01469,2024-08,2024-09,200.0,Pro,NA
C01469,2024-08,2024-10,200.0,Pro,NA
C01469,2024-08,2024-11,200.0,Pro,NA
C01469,2024-08,2024-12,200.0,Pro,NA
C01470,2024-08,2024-08,50.0,Starter,APAC
C01470,2024-08,2024-09,60.0,Starter,APAC
C01470,2024-08,2024-10,60.0,Starter,APAC
C01470,2024-08,2024-11,60.0,Starter,APAC
C01470,2024-08,2024-12,60.0,Starter,APAC
C01471,2024-08,2024-08,50.0,Starter,LATAM
C01471,2024-08,2024-09,50.0,Starter,LATAM
C01471,2024-08,2024-10,42.5,Starter,LATAM
C01471,2024-08,2024-11,42.5,Starter,LATAM
C01471,2024-08,2024-12,42.5,Starter,LATAM
C01472,2024-08,2024-08,50.0,Starter,NA
C01473,2024-08,2024-08,50.0,Starter,NA
C01473,2024-08,2024-09,50.0,Starter,NA
C01473,2024-08,2024-10,50.0,Starter,NA
C01473,2024-08,2024-11,50.0,Starter,NA
C01473,2024-08,2024-12,50.0,Starter,NA
C01474,2024-08,2024-08,50.0,Starter,EMEA
C01474,2024-08,2024-09,50.0,Starter,EMEA
C01474,2024-08,2024-10,50.0,Starter,EMEA
C01474,2024-08,2024-11,50.0,Starter,EMEA
C01474,2024-08,2024-12,50.0,Starter,EMEA
C01475,2024-08,2024-08,50.0,Starter,LATAM
C01475,2024-08,2024-09,50.0,Starter,LATAM
C01475,2024-08,2024-10,60.0,Starter,LATAM
C01475,2024-08,2024-11,60.0,Starter,LATAM
C01475,2024-08,2024-12,72.0,Starter,LATAM
C01476,2024-08,2024-08,200.0,Pro,NA
C01476,2024-08,2024-09,200.0,Pro,NA
C01476,2024-08,2024-10,200.0,Pro,NA
C01476,2024-08,2024-11,200.0,Pro,NA
C01476,2024-08,2024-12,200.0,Pro,NA
C01477,2024-08,2024-08,200.0,Pro,NA
C01478,2024-08,2024-08,200.0,Pro,LATAM
C01478,2024-08,2024-09,200.0,Pro,LATAM
C01478,2024-08,2024-10,200.0,Pro,LATAM
C01478,2024-08,2024-11,200.0,Pro,LATAM
C01478,2024-08,2024-12,200.0,Pro,LATAM
C01479,2024-08,2024-08,800.0,Enterprise,EMEA
C01479,2024-08,2024-09,800.0,Enterprise,EMEA
C01479,2024-08,2024-10,800.0,Enterprise,EMEA
C01479,2024-08,2024-11,800.0,Enterprise,EMEA
C01479,2024-08,2024-12,960.0,Enterprise,EMEA
C01480,2024-08,2024-08,200.0,Pro,LATAM
C01480,2024-08,2024-09,200.0,Pro,LATAM
C01480,2024-08,2024-10,240.0,Pro,LATAM
C01481,2024-08,2024-08,200.0,Pro,NA
C01481,2024-08,2024-09,200.0,Pro,NA
C01481,2024-08,2024-10,200.0,Pro,NA
C01481,2024-08,2024-11,240.0,Pro,NA
C01481,2024-08,2024-12,288.0,Pro,NA
C01482,2024-08,2024-08,200.0,Pro,NA
C01482,2024-08,2024-09,200.0,Pro,NA
C01482,2024-08,2024-10,240.0,Pro,NA
C01482,2024-08,2024-11,204.0,Pro,NA
C01482,2024-08,2024-12,244.8,Pro,NA
C01483,2024-08,2024-08,200.0,Pro,EMEA
C01483,2024-08,2024-09,240.0,Pro,EMEA
C01483,2024-08,2024-10,288.0,Pro,EMEA
C01483,2024-08,2024-11,288.0,Pro,EMEA
C01483,2024-08,2024-12,288.0,Pro,EMEA
C01484,2024-08,2024-08,50.0,Starter,NA
C01484,2024-08,2024-09,60.0,Starter,NA
C01484,2024-08,2024-10,60.0,Starter,NA
C01484,2024-08,2024-11,60.0,Starter,NA
C01484,2024-08,2024-12,72.0,Starter,NA
C01485,2024-08,2024-08,50.0,Starter,NA
C01485,2024-08,2024-09,60.0,Starter,NA
C01485,2024-08,2024-10,60.0,Starter,NA
C01486,2024-08,2024-08,200.0,Pro,APAC
C01486,2024-08,2024-09,170.0,Pro,APAC
C01486,2024-08,2024-10,170.0,Pro,APAC
C01486,2024-08,2024-11,170.0,Pro,APAC
C01486,2024-08,2024-12,170.0,Pro,APAC
C01487,2024-08,2024-08,50.0,Starter,EMEA
C01487,2024-08,2024-09,50.0,Starter,EMEA
C01487,2024-08,2024-10,42.5,Starter,EMEA
C01487,2024-08,2024-11,42.5,Starter,EMEA
C01487,2024-08,2024-12,42.5,Starter,EMEA
C01488,2024-08,2024-08,50.0,Starter,EMEA
C01488,2024-08,2024-09,50.0,Starter,EMEA
C01489,2024-08,2024-08,200.0,Pro,EMEA
C01489,2024-08,2024-09,200.0,Pro,EMEA
C01489,2024-08,2024-10,200.0,Pro,EMEA
C01489,2024-08,2024-11,240.0,Pro,EMEA
C01489,2024-08,2024-12,288.0,Pro,EMEA
C01490,2024-08,2024-08,200.0,Pro,NA
C01490,2024-08,2024-09,200.0,Pro,NA
C01490,2024-08,2024-10,200.0,Pro,NA
C01490,2024-08,2024-11,240.0,Pro,NA
C01490,2024-08,2024-12,288.0,Pro,NA
C01491,2024-08,2024-08,50.0,Starter,NA
C01491,2024-08,2024-09,50.0,Starter,NA
C01491,2024-08,2024-10,50.0,Starter,NA
C01491,2024-08,2024-11,50.0,Starter,NA
C01491,2024-08,2024-12,50.0,Starter,NA
C01492,2024-08,2024-08,200.0,Pro,NA
C01492,2024-08,2024-09,200.0,Pro,NA
C01492,2024-08,2024-10,200.0,Pro,NA
C01492,2024-08,2024-11,200.0,Pro,NA
C01492,2024-08,2024-12,200.0,Pro,NA
C01493,2024-08,2024-08,200.0,Pro,LATAM
C01493,2024-08,2024-09,200.0,Pro,LATAM
C01493,2024-08,2024-10,240.0,Pro,LATAM
C01493,2024-08,2024-11,240.0,Pro,LATAM
C01493,2024-08,2024-12,240.0,Pro,LATAM
C01494,2024-08,2024-08,50.0,Starter,NA
C01494,2024-08,2024-09,60.0,Starter,NA
C01494,2024-08,2024-10,60.0,Starter,NA
C01494,2024-08,2024-11,60.0,Starter,NA
C01494,2024-08,2024-12,60.0,Starter,NA
C01495,2024-08,2024-08,200.0,Pro,NA
C01495,2024-08,2024-09,200.0,Pro,NA
C01495,2024-08,2024-10,200.0,Pro,NA
C01495,2024-08,2024-11,200.0,Pro,NA
C01495,2024-08,2024-12,200.0,Pro,NA
C01496,2024-08,2024-08,200.0,Pro,NA
C01496,2024-08,2024-09,200.0,Pro,NA
C01496,2024-08,2024-10,200.0,Pro,NA
C01496,2024-08,2024-11,200.0,Pro,NA
C01496,2024-08,2024-12,200.0,Pro,NA
C01497,2024-08,2024-08,200.0,Pro,NA
C01497,2024-08,2024-09,200.0,Pro,NA
C01497,2024-08,2024-10,200.0,Pro,NA
C01497,2024-08,2024-11,200.0,Pro,NA
C01497,2024-08,2024-12,240.0,Pro,NA
C01498,2024-08,2024-08,200.0,Pro,NA
C01498,2024-08,2024-09,200.0,Pro,NA
C01498,2024-08,2024-10,200.0,Pro,NA
C01498,2024-08,2024-11,240.0,Pro,NA
C01498,2024-08,2024-12,288.0,Pro,NA
C01499,2024-08,2024-08,200.0,Pro,EMEA
C01499,2024-08,2024-09,200.0,Pro,EMEA
C01499,2024-08,2024-10,200.0,Pro,EMEA
C01499,2024-08,2024-11,200.0,Pro,EMEA
C01499,2024-08,2024-12,240.0,Pro,EMEA
C01500,2024-08,2024-08,800.0,Enterprise,NA
C01500,2024-08,2024-09,960.0,Enterprise,NA
C01500,2024-08,2024-10,960.0,Enterprise,NA
C01500,2024-08,2024-11,960.0,Enterprise,NA
C01500,2024-08,2024-12,960.0,Enterprise,NA
C01501,2024-08,2024-08,50.0,Starter,NA
C01501,2024-08,2024-09,50.0,Starter,NA
C01501,2024-08,2024-10,50.0,Starter,NA
C01501,2024-08,2024-11,50.0,Starter,NA
C01501,2024-08,2024-12,50.0,Starter,NA
C01502,2024-08,2024-08,50.0,Starter,NA
C01502,2024-08,2024-09,60.0,Starter,NA
C01502,2024-08,2024-10,60.0,Starter,NA
C01502,2024-08,2024-11,60.0,Starter,NA
C01502,2024-08,2024-12,60.0,Starter,NA
C01503,2024-08,2024-08,800.0,Enterprise,APAC
C01503,2024-08,2024-09,800.0,Enterprise,APAC
C01503,2024-08,2024-10,800.0,Enterprise,APAC
C01503,2024-08,2024-11,800.0,Enterprise,APAC
C01503,2024-08,2024-12,800.0,Enterprise,APAC
C01504,2024-08,2024-08,200.0,Pro,NA
C01504,2024-08,2024-09,240.0,Pro,NA
C01504,2024-08,2024-10,240.0,Pro,NA
C01504,2024-08,2024-11,240.0,Pro,NA
C01504,2024-08,2024-12,288.0,Pro,NA
C01505,2024-08,2024-08,200.0,Pro,EMEA
C01505,2024-08,2024-09,240.0,Pro,EMEA
C01505,2024-08,2024-10,240.0,Pro,EMEA
C01505,2024-08,2024-11,240.0,Pro,EMEA
C01505,2024-08,2024-12,240.0,Pro,EMEA
C01506,2024-08,2024-08,200.0,Pro,APAC
C01506,2024-08,2024-09,200.0,Pro,APAC
C01506,2024-08,2024-10,240.0,Pro,APAC
C01506,2024-08,2024-11,240.0,Pro,APAC
C01506,2024-08,2024-12,240.0,Pro,APAC
C01507,2024-08,2024-08,50.0,Starter,NA
C01507,2024-08,2024-09,60.0,Starter,NA
C01507,2024-08,2024-10,72.0,Starter,NA
C01507,2024-08,2024-11,72.0,Starter,NA
C01507,2024-08,2024-12,72.0,Starter,NA
C01508,2024-08,2024-08,50.0,Starter,NA
C01508,2024-08,2024-09,50.0,Starter,NA
C01508,2024-08,2024-10,60.0,Starter,NA
C01508,2024-08,2024-11,60.0,Starter,NA
C01508,2024-08,2024-12,51.0,Starter,NA
C01509,2024-08,2024-08,50.0,Starter,EMEA
C01509,2024-08,2024-09,50.0,Starter,EMEA
C01509,2024-08,2024-10,50.0,Starter,EMEA
C01509,2024-08,2024-11,50.0,Starter,EMEA
C01509,2024-08,2024-12,50.0,Starter,EMEA
C01510,2024-08,2024-08,200.0,Pro,NA
C01510,2024-08,2024-09,200.0,Pro,NA
C01511,2024-08,2024-08,200.0,Pro,EMEA
C01511,2024-08,2024-09,200.0,Pro,EMEA
C01511,2024-08,2024-10,240.0,Pro,EMEA
C01511,2024-08,2024-11,240.0,Pro,EMEA
C01511,2024-08,2024-12,240.0,Pro,EMEA
C01512,2024-08,2024-08,200.0,Pro,NA
C01512,2024-08,2024-09,200.0,Pro,NA
C01513,2024-08,2024-08,50.0,Starter,NA
C01513,2024-08,2024-09,50.0,Starter,NA
C01513,2024-08,2024-10,50.0,Starter,NA
C01513,2024-08,2024-11,60.0,Starter,NA
C01513,2024-08,2024-12,72.0,Starter,NA
C01514,2024-08,2024-08,800.0,Enterprise,EMEA
C01514,2024-08,2024-09,800.0,Enterprise,EMEA
C01514,2024-08,2024-10,800.0,Enterprise,EMEA
C01514,2024-08,2024-11,800.0,Enterprise,EMEA
C01514,2024-08,2024-12,800.0,Enterprise,EMEA
C01515,2024-08,2024-08,50.0,Starter,EMEA
C01515,2024-08,2024-09,60.0,Starter,EMEA
C01515,2024-08,2024-10,60.0,Starter,EMEA
C01515,2024-08,2024-11,60.0,Starter,EMEA
C01515,2024-08,2024-12,60.0,Starter,EMEA
C01516,2024-08,2024-08,50.0,Starter,NA
C01517,2024-08,2024-08,200.0,Pro,NA
C01517,2024-08,2024-09,200.0,Pro,NA
C01517,2024-08,2024-10,240.0,Pro,NA
C01517,2024-08,2024-11,288.0,Pro,NA
C01517,2024-08,2024-12,288.0,Pro,NA
C01518,2024-08,2024-08,200.0,Pro,EMEA
C01518,2024-08,2024-09,200.0,Pro,EMEA
C01519,2024-08,2024-08,200.0,Pro,NA
C01519,2024-08,2024-09,200.0,Pro,NA
C01519,2024-08,2024-10,200.0,Pro,NA
C01519,2024-08,2024-11,200.0,Pro,NA
C01520,2024-08,2024-08,50.0,Starter,NA
C01520,2024-08,2024-09,50.0,Starter,NA
C01520,2024-08,2024-10,50.0,Starter,NA
C01520,2024-08,2024-11,50.0,Starter,NA
C01520,2024-08,2024-12,60.0,Starter,NA
C01521,2024-08,2024-08,50.0,Starter,LATAM
C01521,2024-08,2024-09,50.0,Starter,LATAM
C01521,2024-08,2024-10,50.0,Starter,LATAM
C01521,2024-08,2024-11,50.0,Starter,LATAM
C01521,2024-08,2024-12,50.0,Starter,LATAM
C01522,2024-08,2024-08,50.0,Starter,NA
C01522,2024-08,2024-09,50.0,Starter,NA
C01522,2024-08,2024-10,50.0,Starter,NA
C01522,2024-08,2024-11,50.0,Starter,NA
C01522,2024-08,2024-12,50.0,Starter,NA
C01523,2024-08,2024-08,50.0,Starter,APAC
C01523,2024-08,2024-09,60.0,Starter,APAC
C01523,2024-08,2024-10,60.0,Starter,APAC
C01523,2024-08,2024-11,60.0,Starter,APAC
C01523,2024-08,2024-12,60.0,Starter,APAC
C01524,2024-08,2024-08,200.0,Pro,EMEA
C01524,2024-08,2024-09,240.0,Pro,EMEA
C01524,2024-08,2024-10,240.0,Pro,EMEA
C01524,2024-08,2024-11,240.0,Pro,EMEA
C01524,2024-08,2024-12,240.0,Pro,EMEA
C01525,2024-08,2024-08,800.0,Enterprise,NA
C01525,2024-08,2024-09,800.0,Enterprise,NA
C01525,2024-08,2024-10,800.0,Enterprise,NA
C01525,2024-08,2024-11,800.0,Enterprise,NA
C01525,2024-08,2024-12,800.0,Enterprise,NA
C01526,2024-08,2024-08,50.0,Starter,NA
C01526,2024-08,2024-09,50.0,Starter,NA
C01526,2024-08,2024-10,50.0,Starter,NA
C01526,2024-08,2024-11,50.0,Starter,NA
C01526,2024-08,2024-12,42.5,Starter,NA
C01527,2024-08,2024-08,800.0,Enterprise,NA
C01527,2024-08,2024-09,800.0,Enterprise,NA
C01527,2024-08,2024-10,800.0,Enterprise,NA
C01527,2024-08,2024-11,800.0,Enterprise,NA
C01527,2024-08,2024-12,800.0,Enterprise,NA
C01528,2024-08,2024-08,50.0,Starter,APAC
C01528,2024-08,2024-09,50.0,Starter,APAC
C01528,2024-08,2024-10,50.0,Starter,APAC
C01528,2024-08,2024-11,60.0,Starter,APAC
C01528,2024-08,2024-12,72.0,Starter,APAC
C01529,2024-08,2024-08,200.0,Pro,APAC
C01529,2024-08,2024-09,200.0,Pro,APAC
C01529,2024-08,2024-10,200.0,Pro,APAC
C01529,2024-08,2024-11,200.0,Pro,APAC
C01529,2024-08,2024-12,200.0,Pro,APAC
C01530,2024-08,2024-08,50.0,Starter,NA
C01530,2024-08,2024-09,50.0,Starter,NA
C01530,2024-08,2024-10,42.5,Starter,NA
C01530,2024-08,2024-11,42.5,Starter,NA
C01530,2024-08,2024-12,42.5,Starter,NA
C01531,2024-08,2024-08,50.0,Starter,EMEA
C01531,2024-08,2024-09,50.0,Starter,EMEA
C01531,2024-08,2024-10,50.0,Starter,EMEA
C01531,2024-08,2024-11,50.0,Starter,EMEA
C01531,2024-08,2024-12,50.0,Starter,EMEA
C01532,2024-08,2024-08,50.0,Starter,NA
C01532,2024-08,2024-09,42.5,Starter,NA
C01532,2024-08,2024-10,42.5,Starter,NA
C01532,2024-08,2024-11,42.5,Starter,NA
C01532,2024-08,2024-12,42.5,Starter,NA
C01533,2024-08,2024-08,50.0,Starter,NA
C01533,2024-08,2024-09,50.0,Starter,NA
C01533,2024-08,2024-10,50.0,Starter,NA
C01533,2024-08,2024-11,50.0,Starter,NA
C01533,2024-08,2024-12,50.0,Starter,NA
C01534,2024-08,2024-08,200.0,Pro,NA
C01534,2024-08,2024-09,240.0,Pro,NA
C01534,2024-08,2024-10,240.0,Pro,NA
C01534,2024-08,2024-11,240.0,Pro,NA
C01534,2024-08,2024-12,288.0,Pro,NA
C01535,2024-08,2024-08,50.0,Starter,NA
C01536,2024-08,2024-08,50.0,Starter,LATAM
C01536,2024-08,2024-09,50.0,Starter,LATAM
C01536,2024-08,2024-10,50.0,Starter,LATAM
C01536,2024-08,2024-11,50.0,Starter,LATAM
C01536,2024-08,2024-12,50.0,Starter,LATAM
C01537,2024-08,2024-08,800.0,Enterprise,NA
C01537,2024-08,2024-09,800.0,Enterprise,NA
C01537,2024-08,2024-10,800.0,Enterprise,NA
C01537,2024-08,2024-11,800.0,Enterprise,NA
C01537,2024-08,2024-12,800.0,Enterprise,NA
C01538,2024-08,2024-08,50.0,Starter,LATAM
C01538,2024-08,2024-09,50.0,Starter,LATAM
C01539,2024-08,2024-08,50.0,Starter,APAC
C01539,2024-08,2024-09,50.0,Starter,APAC
C01539,2024-08,2024-10,50.0,Starter,APAC
C01539,2024-08,2024-11,50.0,Starter,APAC
C01539,2024-08,2024-12,50.0,Starter,APAC
C01540,2024-08,2024-08,50.0,Starter,APAC
C01540,2024-08,2024-09,60.0,Starter,APAC
C01540,2024-08,2024-10,60.0,Starter,APAC
C01540,2024-08,2024-11,51.0,Starter,APAC
C01540,2024-08,2024-12,51.0,Starter,APAC
C01541,2024-08,2024-08,200.0,Pro,EMEA
C01541,2024-08,2024-09,200.0,Pro,EMEA
C01541,2024-08,2024-10,200.0,Pro,EMEA
C01541,2024-08,2024-11,200.0,Pro,EMEA
C01541,2024-08,2024-12,240.0,Pro,EMEA
C01542,2024-08,2024-08,50.0,Starter,EMEA
C01542,2024-08,2024-09,60.0,Starter,EMEA
C01542,2024-08,2024-10,60.0,Starter,EMEA
C01542,2024-08,2024-11,60.0,Starter,EMEA
C01542,2024-08,2024-12,72.0,Starter,EMEA
C01543,2024-08,2024-08,50.0,Starter,NA
C01543,2024-08,2024-09,50.0,Starter,NA
C01543,2024-08,2024-10,50.0,Starter,NA
C01543,2024-08,2024-11,50.0,Starter,NA
C01543,2024-08,2024-12,50.0,Starter,NA
C01544,2024-08,2024-08,50.0,Starter,NA
C01544,2024-08,2024-09,50.0,Starter,NA
C01544,2024-08,2024-10,60.0,Starter,NA
C01544,2024-08,2024-11,60.0,Starter,NA
C01544,2024-08,2024-12,60.0,Starter,NA
C01545,2024-08,2024-08,800.0,Enterprise,NA
C01545,2024-08,2024-09,800.0,Enterprise,NA
C01545,2024-08,2024-10,960.0,Enterprise,NA
C01545,2024-08,2024-11,960.0,Enterprise,NA
C01545,2024-08,2024-12,1152.0,Enterprise,NA
C01546,2024-08,2024-08,800.0,Enterprise,EMEA
C01546,2024-08,2024-09,800.0,Enterprise,EMEA
C01546,2024-08,2024-10,960.0,Enterprise,EMEA
C01546,2024-08,2024-11,960.0,Enterprise,EMEA
C01546,2024-08,2024-12,960.0,Enterprise,EMEA
C01547,2024-08,2024-08,200.0,Pro,EMEA
C01547,2024-08,2024-09,200.0,Pro,EMEA
C01547,2024-08,2024-10,200.0,Pro,EMEA
C01547,2024-08,2024-11,240.0,Pro,EMEA
C01547,2024-08,2024-12,240.0,Pro,EMEA
C01548,2024-08,2024-08,800.0,Enterprise,NA
C01548,2024-08,2024-09,800.0,Enterprise,NA
C01548,2024-08,2024-10,800.0,Enterprise,NA
C01548,2024-08,2024-11,800.0,Enterprise,NA
C01548,2024-08,2024-12,960.0,Enterprise,NA
C01549,2024-08,2024-08,200.0,Pro,EMEA
C01549,2024-08,2024-09,200.0,Pro,EMEA
C01549,2024-08,2024-10,200.0,Pro,EMEA
C01549,2024-08,2024-11,200.0,Pro,EMEA
C01549,2024-08,2024-12,240.0,Pro,EMEA
C01550,2024-08,2024-08,50.0,Starter,LATAM
C01550,2024-08,2024-09,50.0,Starter,LATAM
C01550,2024-08,2024-10,50.0,Starter,LATAM
C01550,2024-08,2024-11,50.0,Starter,LATAM
C01550,2024-08,2024-12,50.0,Starter,LATAM
C01551,2024-08,2024-08,200.0,Pro,NA
C01551,2024-08,2024-09,240.0,Pro,NA
C01551,2024-08,2024-10,288.0,Pro,NA
C01551,2024-08,2024-11,288.0,Pro,NA
C01551,2024-08,2024-12,288.0,Pro,NA
C01552,2024-08,2024-08,200.0,Pro,NA
C01552,2024-08,2024-09,200.0,Pro,NA
C01552,2024-08,2024-10,200.0,Pro,NA
C01552,2024-08,2024-11,200.0,Pro,NA
C01552,2024-08,2024-12,200.0,Pro,NA
C01553,2024-08,2024-08,200.0,Pro,NA
C01553,2024-08,2024-09,240.0,Pro,NA
C01553,2024-08,2024-10,240.0,Pro,NA
C01553,2024-08,2024-11,240.0,Pro,NA
C01553,2024-08,2024-12,240.0,Pro,NA
C01554,2024-08,2024-08,200.0,Pro,NA
C01554,2024-08,2024-09,200.0,Pro,NA
C01554,2024-08,2024-10,200.0,Pro,NA
C01554,2024-08,2024-11,200.0,Pro,NA
C01554,2024-08,2024-12,200.0,Pro,NA
C01555,2024-08,2024-08,50.0,Starter,NA
C01555,2024-08,2024-09,50.0,Starter,NA
C01555,2024-08,2024-10,50.0,Starter,NA
C01555,2024-08,2024-11,50.0,Starter,NA
C01555,2024-08,2024-12,50.0,Starter,NA
C01556,2024-08,2024-08,200.0,Pro,NA
C01556,2024-08,2024-09,200.0,Pro,NA
C01556,2024-08,2024-10,200.0,Pro,NA
C01556,2024-08,2024-11,240.0,Pro,NA
C01556,2024-08,2024-12,240.0,Pro,NA
C01557,2024-08,2024-08,200.0,Pro,EMEA
C01557,2024-08,2024-09,200.0,Pro,EMEA
C01557,2024-08,2024-10,200.0,Pro,EMEA
C01557,2024-08,2024-11,240.0,Pro,EMEA
C01557,2024-08,2024-12,240.0,Pro,EMEA
C01558,2024-08,2024-08,200.0,Pro,NA
C01558,2024-08,2024-09,200.0,Pro,NA
C01558,2024-08,2024-10,200.0,Pro,NA
C01558,2024-08,2024-11,170.0,Pro,NA
C01558,2024-08,2024-12,170.0,Pro,NA
C01559,2024-08,2024-08,50.0,Starter,EMEA
C01559,2024-08,2024-09,50.0,Starter,EMEA
C01559,2024-08,2024-10,50.0,Starter,EMEA
C01559,2024-08,2024-11,50.0,Starter,EMEA
C01559,2024-08,2024-12,50.0,Starter,EMEA
C01560,2024-08,2024-08,200.0,Pro,EMEA
C01560,2024-08,2024-09,200.0,Pro,EMEA
C01560,2024-08,2024-10,240.0,Pro,EMEA
C01560,2024-08,2024-11,288.0,Pro,EMEA
C01560,2024-08,2024-12,345.6,Pro,EMEA
C01561,2024-08,2024-08,50.0,Starter,APAC
C01562,2024-08,2024-08,50.0,Starter,NA
C01562,2024-08,2024-09,60.0,Starter,NA
C01562,2024-08,2024-10,60.0,Starter,NA
C01562,2024-08,2024-11,60.0,Starter,NA
C01562,2024-08,2024-12,60.0,Starter,NA
C01563,2024-08,2024-08,50.0,Starter,NA
C01563,2024-08,2024-09,50.0,Starter,NA
C01563,2024-08,2024-10,50.0,Starter,NA
C01563,2024-08,2024-11,50.0,Starter,NA
C01563,2024-08,2024-12,60.0,Starter,NA
C01564,2024-08,2024-08,50.0,Starter,NA
C01564,2024-08,2024-09,50.0,Starter,NA
C01564,2024-08,2024-10,50.0,Starter,NA
C01564,2024-08,2024-11,50.0,Starter,NA
C01564,2024-08,2024-12,50.0,Starter,NA
C01565,2024-08,2024-08,200.0,Pro,EMEA
C01565,2024-08,2024-09,200.0,Pro,EMEA
C01565,2024-08,2024-10,200.0,Pro,EMEA
C01565,2024-08,2024-11,200.0,Pro,EMEA
C01565,2024-08,2024-12,170.0,Pro,EMEA
C01566,2024-08,2024-08,50.0,Starter,APAC
C01566,2024-08,2024-09,60.0,Starter,APAC
C01566,2024-08,2024-10,72.0,Starter,APAC
C01566,2024-08,2024-11,86.4,Starter,APAC
C01566,2024-08,2024-12,86.4,Starter,APAC
C01567,2024-08,2024-08,50.0,Starter,LATAM
C01567,2024-08,2024-09,50.0,Starter,LATAM
C01567,2024-08,2024-10,50.0,Starter,LATAM
C01567,2024-08,2024-11,50.0,Starter,LATAM
C01567,2024-08,2024-12,50.0,Starter,LATAM
C01568,2024-08,2024-08,800.0,Enterprise,LATAM
C01568,2024-08,2024-09,800.0,Enterprise,LATAM
C01568,2024-08,2024-10,680.0,Enterprise,LATAM
C01568,2024-08,2024-11,680.0,Enterprise,LATAM
C01568,2024-08,2024-12,680.0,Enterprise,LATAM
C01569,2024-08,2024-08,200.0,Pro,LATAM
C01569,2024-08,2024-09,200.0,Pro,LATAM
C01569,2024-08,2024-10,200.0,Pro,LATAM
C01569,2024-08,2024-11,240.0,Pro,LATAM
C01569,2024-08,2024-12,240.0,Pro,LATAM
C01570,2024-08,2024-08,50.0,Starter,NA
C01570,2024-08,2024-09,50.0,Starter,NA
C01570,2024-08,2024-10,50.0,Starter,NA
C01570,2024-08,2024-11,50.0,Starter,NA
C01570,2024-08,2024-12,50.0,Starter,NA
C01571,2024-08,2024-08,50.0,Starter,APAC
C01571,2024-08,2024-09,50.0,Starter,APAC
C01571,2024-08,2024-10,42.5,Starter,APAC
C01571,2024-08,2024-11,42.5,Starter,APAC
C01571,2024-08,2024-12,42.5,Starter,APAC
C01572,2024-09,2024-09,200.0,Pro,APAC
C01572,2024-09,2024-10,200.0,Pro,APAC
C01572,2024-09,2024-11,200.0,Pro,APAC
C01572,2024-09,2024-12,240.0,Pro,APAC
C01573,2024-09,2024-09,200.0,Pro,NA
C01573,2024-09,2024-10,200.0,Pro,NA
C01573,2024-09,2024-11,200.0,Pro,NA
C01573,2024-09,2024-12,200.0,Pro,NA
C01574,2024-09,2024-09,200.0,Pro,APAC
C01574,2024-09,2024-10,240.0,Pro,APAC
C01574,2024-09,2024-11,240.0,Pro,APAC
C01574,2024-09,2024-12,240.0,Pro,APAC
C01575,2024-09,2024-09,50.0,Starter,LATAM
C01575,2024-09,2024-10,50.0,Starter,LATAM
C01575,2024-09,2024-11,50.0,Starter,LATAM
C01575,2024-09,2024-12,50.0,Starter,LATAM
C01576,2024-09,2024-09,50.0,Starter,NA
C01576,2024-09,2024-10,50.0,Starter,NA
C01577,2024-09,2024-09,50.0,Starter,LATAM
C01577,2024-09,2024-10,50.0,Starter,LATAM
C01577,2024-09,2024-11,50.0,Starter,LATAM
C01577,2024-09,2024-12,50.0,Starter,LATAM
C01578,2024-09,2024-09,50.0,Starter,NA
C01578,2024-09,2024-10,50.0,Starter,NA
C01578,2024-09,2024-11,50.0,Starter,NA
C01578,2024-09,2024-12,50.0,Starter,NA
C01579,2024-09,2024-09,200.0,Pro,APAC
C01579,2024-09,2024-10,170.0,Pro,APAC
C01579,2024-09,2024-11,204.0,Pro,APAC
C01579,2024-09,2024-12,204.0,Pro,APAC
C01580,2024-09,2024-09,200.0,Pro,LATAM
C01580,2024-09,2024-10,200.0,Pro,LATAM
C01580,2024-09,2024-11,200.0,Pro,LATAM
C01580,2024-09,2024-12,170.0,Pro,LATAM
C01581,2024-09,2024-09,200.0,Pro,NA
C01581,2024-09,2024-10,200.0,Pro,NA
C01581,2024-09,2024-11,200.0,Pro,NA
C01581,2024-09,2024-12,240.0,Pro,NA
C01582,2024-09,2024-09,200.0,Pro,NA
C01582,2024-09,2024-10,200.0,Pro,NA
C01582,2024-09,2024-11,200.0,Pro,NA
C01582,2024-09,2024-12,200.0,Pro,NA
C01583,2024-09,2024-09,200.0,Pro,NA
C01583,2024-09,2024-10,200.0,Pro,NA
C01583,2024-09,2024-11,200.0,Pro,NA
C01583,2024-09,2024-12,200.0,Pro,NA
C01584,2024-09,2024-09,50.0,Starter,NA
C01584,2024-09,2024-10,50.0,Starter,NA
C01584,2024-09,2024-11,50.0,Starter,NA
C01584,2024-09,2024-12,50.0,Starter,NA
C01585,2024-09,2024-09,200.0,Pro,NA
C01585,2024-09,2024-10,240.0,Pro,NA
C01585,2024-09,2024-11,288.0,Pro,NA
C01585,2024-09,2024-12,345.6,Pro,NA
C01586,2024-09,2024-09,50.0,Starter,NA
C01586,2024-09,2024-10,50.0,Starter,NA
C01586,2024-09,2024-11,50.0,Starter,NA
C01586,2024-09,2024-12,60.0,Starter,NA
C01587,2024-09,2024-09,50.0,Starter,NA
C01587,2024-09,2024-10,50.0,Starter,NA
C01587,2024-09,2024-11,50.0,Starter,NA
C01587,2024-09,2024-12,50.0,Starter,NA
C01588,2024-09,2024-09,50.0,Starter,NA
C01588,2024-09,2024-10,60.0,Starter,NA
C01588,2024-09,2024-11,60.0,Starter,NA
C01588,2024-09,2024-12,72.0,Starter,NA
C01589,2024-09,2024-09,50.0,Starter,LATAM
C01589,2024-09,2024-10,50.0,Starter,LATAM
C01589,2024-09,2024-11,50.0,Starter,LATAM
C01589,2024-09,2024-12,50.0,Starter,LATAM
C01590,2024-09,2024-09,50.0,Starter,NA
C01590,2024-09,2024-10,50.0,Starter,NA
C01590,2024-09,2024-11,50.0,Starter,NA
C01590,2024-09,2024-12,50.0,Starter,NA
C01591,2024-09,2024-09,200.0,Pro,EMEA
C01591,2024-09,2024-10,200.0,Pro,EMEA
C01591,2024-09,2024-11,200.0,Pro,EMEA
C01591,2024-09,2024-12,200.0,Pro,EMEA
C01592,2024-09,2024-09,50.0,Starter,NA
C01592,2024-09,2024-10,50.0,Starter,NA
C01592,2024-09,2024-11,60.0,Starter,NA
C01592,2024-09,2024-12,60.0,Starter,NA
C01593,2024-09,2024-09,800.0,Enterprise,EMEA
C01593,2024-09,2024-10,800.0,Enterprise,EMEA
C01593,2024-09,2024-11,800.0,Enterprise,EMEA
C01593,2024-09,2024-12,800.0,Enterprise,EMEA
C01594,2024-09,2024-09,200.0,Pro,NA
C01594,2024-09,2024-10,200.0,Pro,NA
C01594,2024-09,2024-11,200.0,Pro,NA
C01594,2024-09,2024-12,200.0,Pro,NA
C01595,2024-09,2024-09,50.0,Starter,EMEA
C01595,2024-09,2024-10,50.0,Starter,EMEA
C01595,2024-09,2024-11,50.0,Starter,EMEA
C01595,2024-09,2024-12,50.0,Starter,EMEA
C01596,2024-09,2024-09,50.0,Starter,LATAM
C01596,2024-09,2024-10,50.0,Starter,LATAM
C01596,2024-09,2024-11,50.0,Starter,LATAM
C01596,2024-09,2024-12,42.5,Starter,LATAM
C01597,2024-09,2024-09,200.0,Pro,NA
C01597,2024-09,2024-10,200.0,Pro,NA
C01597,2024-09,2024-11,200.0,Pro,NA
C01597,2024-09,2024-12,200.0,Pro,NA
C01598,2024-09,2024-09,200.0,Pro,NA
C01598,2024-09,2024-10,200.0,Pro,NA
C01599,2024-09,2024-09,50.0,Starter,LATAM
C01599,2024-09,2024-10,50.0,Starter,LATAM
C01599,2024-09,2024-11,50.0,Starter,LATAM
C01599,2024-09,2024-12,50.0,Starter,LATAM
C01600,2024-09,2024-09,50.0,Starter,EMEA
C01600,2024-09,2024-10,50.0,Starter,EMEA
C01600,2024-09,2024-11,50.0,Starter,EMEA
C01600,2024-09,2024-12,50.0,Starter,EMEA
C01601,2024-09,2024-09,50.0,Starter,EMEA
C01601,2024-09,2024-10,50.0,Starter,EMEA
C01601,2024-09,2024-11,60.0,Starter,EMEA
C01601,2024-09,2024-12,60.0,Starter,EMEA
C01602,2024-09,2024-09,200.0,Pro,NA
C01602,2024-09,2024-10,200.0,Pro,NA
C01603,2024-09,2024-09,200.0,Pro,APAC
C01603,2024-09,2024-10,240.0,Pro,APAC
C01603,2024-09,2024-11,240.0,Pro,APAC
C01603,2024-09,2024-12,240.0,Pro,APAC
C01604,2024-09,2024-09,50.0,Starter,APAC
C01604,2024-09,2024-10,50.0,Starter,APAC
C01604,2024-09,2024-11,50.0,Starter,APAC
C01604,2024-09,2024-12,50.0,Starter,APAC
C01605,2024-09,2024-09,200.0,Pro,EMEA
C01605,2024-09,2024-10,240.0,Pro,EMEA
C01605,2024-09,2024-11,240.0,Pro,EMEA
C01605,2024-09,2024-12,240.0,Pro,EMEA
C01606,2024-09,2024-09,800.0,Enterprise,EMEA
C01606,2024-09,2024-10,800.0,Enterprise,EMEA
C01606,2024-09,2024-11,800.0,Enterprise,EMEA
C01606,2024-09,2024-12,800.0,Enterprise,EMEA
C01607,2024-09,2024-09,50.0,Starter,NA
C01608,2024-09,2024-09,50.0,Starter,APAC
C01608,2024-09,2024-10,60.0,Starter,APAC
C01608,2024-09,2024-11,60.0,Starter,APAC
C01608,2024-09,2024-12,60.0,Starter,APAC
C01609,2024-09,2024-09,50.0,Starter,LATAM
C01609,2024-09,2024-10,50.0,Starter,LATAM
C01609,2024-09,2024-11,50.0,Starter,LATAM
C01609,2024-09,2024-12,50.0,Starter,LATAM
C01610,2024-09,2024-09,50.0,Starter,EMEA
C01610,2024-09,2024-10,50.0,Starter,EMEA
C01610,2024-09,2024-11,50.0,Starter,EMEA
C01610,2024-09,2024-12,50.0,Starter,EMEA
C01611,2024-09,2024-09,800.0,Enterprise,NA
C01611,2024-09,2024-10,800.0,Enterprise,NA
C01611,2024-09,2024-11,960.0,Enterprise,NA
C01611,2024-09,2024-12,816.0,Enterprise,NA
C01612,2024-09,2024-09,50.0,Starter,LATAM
C01612,2024-09,2024-10,50.0,Starter,LATAM
C01612,2024-09,2024-11,60.0,Starter,LATAM
C01612,2024-09,2024-12,60.0,Starter,LATAM
C01613,2024-09,2024-09,50.0,Starter,NA
C01613,2024-09,2024-10,50.0,Starter,NA
C01613,2024-09,2024-11,50.0,Starter,NA
C01613,2024-09,2024-12,50.0,Starter,NA
C01614,2024-09,2024-09,200.0,Pro,LATAM
C01614,2024-09,2024-10,200.0,Pro,LATAM
C01614,2024-09,2024-11,240.0,Pro,LATAM
C01614,2024-09,2024-12,240.0,Pro,LATAM
C01615,2024-09,2024-09,200.0,Pro,EMEA
C01615,2024-09,2024-10,200.0,Pro,EMEA
C01615,2024-09,2024-11,200.0,Pro,EMEA
C01615,2024-09,2024-12,240.0,Pro,EMEA
C01616,2024-09,2024-09,800.0,Enterprise,NA
C01616,2024-09,2024-10,960.0,Enterprise,NA
C01616,2024-09,2024-11,1152.0,Enterprise,NA
C01616,2024-09,2024-12,1152.0,Enterprise,NA
C01617,2024-09,2024-09,200.0,Pro,NA
C01617,2024-09,2024-10,240.0,Pro,NA
C01617,2024-09,2024-11,288.0,Pro,NA
C01617,2024-09,2024-12,288.0,Pro,NA
C01618,2024-09,2024-09,200.0,Pro,EMEA
C01618,2024-09,2024-10,170.0,Pro,EMEA
C01618,2024-09,2024-11,170.0,Pro,EMEA
C01618,2024-09,2024-12,170.0,Pro,EMEA
C01619,2024-09,2024-09,50.0,Starter,EMEA
C01619,2024-09,2024-10,60.0,Starter,EMEA
C01619,2024-09,2024-11,60.0,Starter,EMEA
C01619,2024-09,2024-12,60.0,Starter,EMEA
C01620,2024-09,2024-09,50.0,Starter,NA
C01620,2024-09,2024-10,50.0,Starter,NA
C01620,2024-09,2024-11,50.0,Starter,NA
C01620,2024-09,2024-12,50.0,Starter,NA
C01621,2024-09,2024-09,50.0,Starter,EMEA
C01621,2024-09,2024-10,50.0,Starter,EMEA
C01621,2024-09,2024-11,60.0,Starter,EMEA
C01621,2024-09,2024-12,60.0,Starter,EMEA
C01622,2024-09,2024-09,200.0,Pro,APAC
C01622,2024-09,2024-10,200.0,Pro,APAC
C01622,2024-09,2024-11,200.0,Pro,APAC
C01622,2024-09,2024-12,200.0,Pro,APAC
C01623,2024-09,2024-09,50.0,Starter,APAC
C01623,2024-09,2024-10,50.0,Starter,APAC
C01623,2024-09,2024-11,50.0,Starter,APAC
C01623,2024-09,2024-12,60.0,Starter,APAC
C01624,2024-09,2024-09,200.0,Pro,LATAM
C01624,2024-09,2024-10,240.0,Pro,LATAM
C01624,2024-09,2024-11,240.0,Pro,LATAM
C01624,2024-09,2024-12,240.0,Pro,LATAM
C01625,2024-09,2024-09,50.0,Starter,EMEA
C01625,2024-09,2024-10,50.0,Starter,EMEA
C01625,2024-09,2024-11,50.0,Starter,EMEA
C01626,2024-09,2024-09,200.0,Pro,APAC
C01626,2024-09,2024-10,200.0,Pro,APAC
C01626,2024-09,2024-11,200.0,Pro,APAC
C01626,2024-09,2024-12,240.0,Pro,APAC
C01627,2024-09,2024-09,50.0,Starter,EMEA
C01627,2024-09,2024-10,50.0,Starter,EMEA
C01627,2024-09,2024-11,50.0,Starter,EMEA
C01627,2024-09,2024-12,50.0,Starter,EMEA
C01628,2024-09,2024-09,200.0,Pro,LATAM
C01628,2024-09,2024-10,200.0,Pro,LATAM
C01628,2024-09,2024-11,200.0,Pro,LATAM
C01628,2024-09,2024-12,200.0,Pro,LATAM
C01629,2024-09,2024-09,800.0,Enterprise,EMEA
C01629,2024-09,2024-10,800.0,Enterprise,EMEA
C01629,2024-09,2024-11,800.0,Enterprise,EMEA
C01629,2024-09,2024-12,800.0,Enterprise,EMEA
C01630,2024-09,2024-09,50.0,Starter,LATAM
C01630,2024-09,2024-10,42.5,Starter,LATAM
C01630,2024-09,2024-11,42.5,Starter,LATAM
C01630,2024-09,2024-12,51.0,Starter,LATAM
C01631,2024-09,2024-09,50.0,Starter,NA
C01631,2024-09,2024-10,50.0,Starter,NA
C01631,2024-09,2024-11,60.0,Starter,NA
C01631,2024-09,2024-12,60.0,Starter,NA
C01632,2024-09,2024-09,200.0,Pro,NA
C01632,2024-09,2024-10,200.0,Pro,NA
C01632,2024-09,2024-11,200.0,Pro,NA
C01632,2024-09,2024-12,200.0,Pro,NA
C01633,2024-09,2024-09,200.0,Pro,EMEA
C01633,2024-09,2024-10,200.0,Pro,EMEA
C01633,2024-09,2024-11,200.0,Pro,EMEA
C01633,2024-09,2024-12,200.0,Pro,EMEA
C01634,2024-09,2024-09,50.0,Starter,NA
C01634,2024-09,2024-10,60.0,Starter,NA
C01634,2024-09,2024-11,60.0,Starter,NA
C01634,2024-09,2024-12,60.0,Starter,NA
C01635,2024-09,2024-09,50.0,Starter,NA
C01635,2024-09,2024-10,42.5,Starter,NA
C01635,2024-09,2024-11,42.5,Starter,NA
C01635,2024-09,2024-12,42.5,Starter,NA
C01636,2024-09,2024-09,50.0,Starter,APAC
C01636,2024-09,2024-10,50.0,Starter,APAC
C01636,2024-09,2024-11,50.0,Starter,APAC
C01636,2024-09,2024-12,50.0,Starter,APAC
C01637,2024-09,2024-09,50.0,Starter,APAC
C01637,2024-09,2024-10,50.0,Starter,APAC
C01637,2024-09,2024-11,50.0,Starter,APAC
C01637,2024-09,2024-12,50.0,Starter,APAC
C01638,2024-09,2024-09,50.0,Starter,EMEA
C01638,2024-09,2024-10,50.0,Starter,EMEA
C01638,2024-09,2024-11,60.0,Starter,EMEA
C01638,2024-09,2024-12,60.0,Starter,EMEA
C01639,2024-09,2024-09,200.0,Pro,NA
C01639,2024-09,2024-10,240.0,Pro,NA
C01639,2024-09,2024-11,240.0,Pro,NA
C01639,2024-09,2024-12,288.0,Pro,NA
C01640,2024-09,2024-09,50.0,Starter,EMEA
C01640,2024-09,2024-10,50.0,Starter,EMEA
C01640,2024-09,2024-11,50.0,Starter,EMEA
C01640,2024-09,2024-12,50.0,Starter,EMEA
C01641,2024-09,2024-09,200.0,Pro,APAC
C01641,2024-09,2024-10,200.0,Pro,APAC
C01641,2024-09,2024-11,200.0,Pro,APAC
C01641,2024-09,2024-12,200.0,Pro,APAC
C01642,2024-09,2024-09,50.0,Starter,NA
C01642,2024-09,2024-10,50.0,Starter,NA
C01642,2024-09,2024-11,50.0,Starter,NA
C01642,2024-09,2024-12,50.0,Starter,NA
C01643,2024-09,2024-09,50.0,Starter,EMEA
C01644,2024-09,2024-09,200.0,Pro,LATAM
C01644,2024-09,2024-10,200.0,Pro,LATAM
C01644,2024-09,2024-11,200.0,Pro,LATAM
C01644,2024-09,2024-12,200.0,Pro,LATAM
C01645,2024-09,2024-09,50.0,Starter,EMEA
C01645,2024-09,2024-10,50.0,Starter,EMEA
C01645,2024-09,2024-11,50.0,Starter,EMEA
C01645,2024-09,2024-12,50.0,Starter,EMEA
C01646,2024-09,2024-09,50.0,Starter,NA
C01646,2024-09,2024-10,50.0,Starter,NA
C01646,2024-09,2024-11,50.0,Starter,NA
C01646,2024-09,2024-12,50.0,Starter,NA
C01647,2024-09,2024-09,200.0,Pro,NA
C01647,2024-09,2024-10,240.0,Pro,NA
C01647,2024-09,2024-11,240.0,Pro,NA
C01647,2024-09,2024-12,288.0,Pro,NA
C01648,2024-09,2024-09,200.0,Pro,NA
C01648,2024-09,2024-10,200.0,Pro,NA
C01648,2024-09,2024-11,240.0,Pro,NA
C01648,2024-09,2024-12,240.0,Pro,NA
C01649,2024-09,2024-09,200.0,Pro,APAC
C01649,2024-09,2024-10,200.0,Pro,APAC
C01649,2024-09,2024-11,200.0,Pro,APAC
C01649,2024-09,2024-12,200.0,Pro,APAC
C01650,2024-09,2024-09,50.0,Starter,NA
C01650,2024-09,2024-10,50.0,Starter,NA
C01650,2024-09,2024-11,50.0,Starter,NA
C01650,2024-09,2024-12,60.0,Starter,NA
C01651,2024-09,2024-09,200.0,Pro,APAC
C01651,2024-09,2024-10,200.0,Pro,APAC
C01651,2024-09,2024-11,200.0,Pro,APAC
C01651,2024-09,2024-12,240.0,Pro,APAC
C01652,2024-09,2024-09,800.0,Enterprise,NA
C01652,2024-09,2024-10,800.0,Enterprise,NA
C01652,2024-09,2024-11,800.0,Enterprise,NA
C01652,2024-09,2024-12,960.0,Enterprise,NA
C01653,2024-09,2024-09,800.0,Enterprise,EMEA
C01653,2024-09,2024-10,680.0,Enterprise,EMEA
C01653,2024-09,2024-11,680.0,Enterprise,EMEA
C01653,2024-09,2024-12,680.0,Enterprise,EMEA
C01654,2024-09,2024-09,800.0,Enterprise,LATAM
C01654,2024-09,2024-10,960.0,Enterprise,LATAM
C01654,2024-09,2024-11,960.0,Enterprise,LATAM
C01654,2024-09,2024-12,1152.0,Enterprise,LATAM
C01655,2024-09,2024-09,800.0,Enterprise,LATAM
C01655,2024-09,2024-10,800.0,Enterprise,LATAM
C01655,2024-09,2024-11,960.0,Enterprise,LATAM
C01655,2024-09,2024-12,960.0,Enterprise,LATAM
C01656,2024-09,2024-09,800.0,Enterprise,EMEA
C01656,2024-09,2024-10,800.0,Enterprise,EMEA
C01656,2024-09,2024-11,800.0,Enterprise,EMEA
C01656,2024-09,2024-12,960.0,Enterprise,EMEA
C01657,2024-09,2024-09,200.0,Pro,NA
C01657,2024-09,2024-10,200.0,Pro,NA
C01657,2024-09,2024-11,200.0,Pro,NA
C01657,2024-09,2024-12,200.0,Pro,NA
C01658,2024-09,2024-09,50.0,Starter,NA
C01658,2024-09,2024-10,50.0,Starter,NA
C01658,2024-09,2024-11,50.0,Starter,NA
C01658,2024-09,2024-12,50.0,Starter,NA
C01659,2024-09,2024-09,50.0,Starter,EMEA
C01659,2024-09,2024-10,50.0,Starter,EMEA
C01659,2024-09,2024-11,50.0,Starter,EMEA
C01659,2024-09,2024-12,42.5,Starter,EMEA
C01660,2024-09,2024-09,50.0,Starter,APAC
C01660,2024-09,2024-10,50.0,Starter,APAC
C01660,2024-09,2024-11,50.0,Starter,APAC
C01660,2024-09,2024-12,50.0,Starter,APAC
C01661,2024-09,2024-09,50.0,Starter,NA
C01661,2024-09,2024-10,50.0,Starter,NA
C01661,2024-09,2024-11,50.0,Starter,NA
C01661,2024-09,2024-12,50.0,Starter,NA
C01662,2024-09,2024-09,200.0,Pro,LATAM
C01662,2024-09,2024-10,200.0,Pro,LATAM
C01662,2024-09,2024-11,240.0,Pro,LATAM
C01662,2024-09,2024-12,240.0,Pro,LATAM
C01663,2024-09,2024-09,800.0,Enterprise,NA
C01663,2024-09,2024-10,800.0,Enterprise,NA
C01663,2024-09,2024-11,800.0,Enterprise,NA
C01663,2024-09,2024-12,800.0,Enterprise,NA
C01664,2024-09,2024-09,50.0,Starter,EMEA
C01664,2024-09,2024-10,50.0,Starter,EMEA
C01664,2024-09,2024-11,50.0,Starter,EMEA
C01664,2024-09,2024-12,50.0,Starter,EMEA
C01665,2024-09,2024-09,200.0,Pro,NA
C01665,2024-09,2024-10,200.0,Pro,NA
C01665,2024-09,2024-11,200.0,Pro,NA
C01665,2024-09,2024-12,240.0,Pro,NA
C01666,2024-09,2024-09,800.0,Enterprise,EMEA
C01667,2024-09,2024-09,200.0,Pro,EMEA
C01667,2024-09,2024-10,200.0,Pro,EMEA
C01667,2024-09,2024-11,240.0,Pro,EMEA
C01667,2024-09,2024-12,240.0,Pro,EMEA
C01668,2024-09,2024-09,200.0,Pro,EMEA
C01668,2024-09,2024-10,240.0,Pro,EMEA
C01669,2024-09,2024-09,200.0,Pro,NA
C01669,2024-09,2024-10,200.0,Pro,NA
C01669,2024-09,2024-11,240.0,Pro,NA
C01669,2024-09,2024-12,240.0,Pro,NA
C01670,2024-09,2024-09,200.0,Pro,NA
C01670,2024-09,2024-10,200.0,Pro,NA
C01670,2024-09,2024-11,200.0,Pro,NA
C01670,2024-09,2024-12,240.0,Pro,NA
C01671,2024-09,2024-09,800.0,Enterprise,EMEA
C01671,2024-09,2024-10,960.0,Enterprise,EMEA
C01671,2024-09,2024-11,816.0,Enterprise,EMEA
C01671,2024-09,2024-12,816.0,Enterprise,EMEA
C01672,2024-09,2024-09,200.0,Pro,APAC
C01672,2024-09,2024-10,200.0,Pro,APAC
C01672,2024-09,2024-11,200.0,Pro,APAC
C01672,2024-09,2024-12,200.0,Pro,APAC
C01673,2024-09,2024-09,800.0,Enterprise,NA
C01673,2024-09,2024-10,800.0,Enterprise,NA
C01674,2024-09,2024-09,200.0,Pro,EMEA
C01674,2024-09,2024-10,240.0,Pro,EMEA
C01674,2024-09,2024-11,240.0,Pro,EMEA
C01674,2024-09,2024-12,240.0,Pro,EMEA
C01675,2024-09,2024-09,200.0,Pro,NA
C01675,2024-09,2024-10,200.0,Pro,NA
C01675,2024-09,2024-11,200.0,Pro,NA
C01675,2024-09,2024-12,200.0,Pro,NA
C01676,2024-09,2024-09,50.0,Starter,NA
C01676,2024-09,2024-10,50.0,Starter,NA
C01676,2024-09,2024-11,60.0,Starter,NA
C01676,2024-09,2024-12,60.0,Starter,NA
C01677,2024-09,2024-09,800.0,Enterprise,NA
C01677,2024-09,2024-10,800.0,Enterprise,NA
C01677,2024-09,2024-11,680.0,Enterprise,NA
C01677,2024-09,2024-12,816.0,Enterprise,NA
C01678,2024-09,2024-09,50.0,Starter,EMEA
C01678,2024-09,2024-10,60.0,Starter,EMEA
C01678,2024-09,2024-11,72.0,Starter,EMEA
C01678,2024-09,2024-12,61.2,Starter,EMEA
C01679,2024-10,2024-10,200.0,Pro,NA
C01679,2024-10,2024-11,200.0,Pro,NA
C01679,2024-10,2024-12,200.0,Pro,NA
C01680,2024-10,2024-10,50.0,Starter,EMEA
C01680,2024-10,2024-11,60.0,Starter,EMEA
C01680,2024-10,2024-12,60.0,Starter,EMEA
C01681,2024-10,2024-10,200.0,Pro,APAC
C01681,2024-10,2024-11,200.0,Pro,APAC
C01681,2024-10,2024-12,200.0,Pro,APAC
C01682,2024-10,2024-10,50.0,Starter,NA
C01682,2024-10,2024-11,60.0,Starter,NA
C01683,2024-10,2024-10,800.0,Enterprise,NA
C01684,2024-10,2024-10,200.0,Pro,LATAM
C01684,2024-10,2024-11,240.0,Pro,LATAM
C01684,2024-10,2024-12,240.0,Pro,LATAM
C01685,2024-10,2024-10,50.0,Starter,NA
C01685,2024-10,2024-11,50.0,Starter,NA
C01685,2024-10,2024-12,50.0,Starter,NA
C01686,2024-10,2024-10,200.0,Pro,NA
C01686,2024-10,2024-11,170.0,Pro,NA
C01686,2024-10,2024-12,170.0,Pro,NA
C01687,2024-10,2024-10,50.0,Starter,NA
C01687,2024-10,2024-11,50.0,Starter,NA
C01687,2024-10,2024-12,50.0,Starter,NA
C01688,2024-10,2024-10,50.0,Starter,EMEA
C01688,2024-10,2024-11,50.0,Starter,EMEA
C01689,2024-10,2024-10,200.0,Pro,EMEA
C01689,2024-10,2024-11,200.0,Pro,EMEA
C01689,2024-10,2024-12,170.0,Pro,EMEA
C01690,2024-10,2024-10,200.0,Pro,APAC
C01690,2024-10,2024-11,200.0,Pro,APAC
C01690,2024-10,2024-12,200.0,Pro,APAC
C01691,2024-10,2024-10,800.0,Enterprise,EMEA
C01691,2024-10,2024-11,800.0,Enterprise,EMEA
C01691,2024-10,2024-12,680.0,Enterprise,EMEA
C01692,2024-10,2024-10,50.0,Starter,EMEA
C01692,2024-10,2024-11,60.0,Starter,EMEA
C01692,2024-10,2024-12,51.0,Starter,EMEA
C01693,2024-10,2024-10,50.0,Starter,EMEA
C01693,2024-10,2024-11,60.0,Starter,EMEA
C01693,2024-10,2024-12,72.0,Starter,EMEA
C01694,2024-10,2024-10,200.0,Pro,EMEA
C01694,2024-10,2024-11,200.0,Pro,EMEA
C01694,2024-10,2024-12,200.0,Pro,EMEA
C01695,2024-10,2024-10,50.0,Starter,NA
C01695,2024-10,2024-11,50.0,Starter,NA
C01695,2024-10,2024-12,50.0,Starter,NA
C01696,2024-10,2024-10,50.0,Starter,NA
C01696,2024-10,2024-11,60.0,Starter,NA
C01696,2024-10,2024-12,60.0,Starter,NA
C01697,2024-10,2024-10,200.0,Pro,NA
C01697,2024-10,2024-11,200.0,Pro,NA
C01697,2024-10,2024-12,200.0,Pro,NA
C01698,2024-10,2024-10,200.0,Pro,NA
C01698,2024-10,2024-11,200.0,Pro,NA
C01698,2024-10,2024-12,240.0,Pro,NA
C01699,2024-10,2024-10,200.0,Pro,APAC
C01699,2024-10,2024-11,240.0,Pro,APAC
C01699,2024-10,2024-12,240.0,Pro,APAC
C01700,2024-10,2024-10,200.0,Pro,NA
C01700,2024-10,2024-11,200.0,Pro,NA
C01700,2024-10,2024-12,200.0,Pro,NA
C01701,2024-10,2024-10,800.0,Enterprise,NA
C01701,2024-10,2024-11,960.0,Enterprise,NA
C01701,2024-10,2024-12,816.0,Enterprise,NA
C01702,2024-10,2024-10,200.0,Pro,EMEA
C01702,2024-10,2024-11,200.0,Pro,EMEA
C01702,2024-10,2024-12,240.0,Pro,EMEA
C01703,2024-10,2024-10,50.0,Starter,EMEA
C01704,2024-10,2024-10,50.0,Starter,NA
C01704,2024-10,2024-11,50.0,Starter,NA
C01704,2024-10,2024-12,50.0,Starter,NA
C01705,2024-10,2024-10,50.0,Starter,NA
C01705,2024-10,2024-11,42.5,Starter,NA
C01705,2024-10,2024-12,51.0,Starter,NA
C01706,2024-10,2024-10,200.0,Pro,APAC
C01706,2024-10,2024-11,170.0,Pro,APAC
C01707,2024-10,2024-10,800.0,Enterprise,EMEA
C01707,2024-10,2024-11,800.0,Enterprise,EMEA
C01707,2024-10,2024-12,800.0,Enterprise,EMEA
C01708,2024-10,2024-10,800.0,Enterprise,EMEA
C01708,2024-10,2024-11,800.0,Enterprise,EMEA
C01708,2024-10,2024-12,800.0,Enterprise,EMEA
C01709,2024-10,2024-10,50.0,Starter,EMEA
C01709,2024-10,2024-11,50.0,Starter,EMEA
C01709,2024-10,2024-12,50.0,Starter,EMEA
C01710,2024-10,2024-10,200.0,Pro,LATAM
C01710,2024-10,2024-11,200.0,Pro,LATAM
C01710,2024-10,2024-12,200.0,Pro,LATAM
C01711,2024-10,2024-10,50.0,Starter,APAC
C01711,2024-10,2024-11,50.0,Starter,APAC
C01711,2024-10,2024-12,60.0,Starter,APAC
C01712,2024-10,2024-10,50.0,Starter,EMEA
C01712,2024-10,2024-11,50.0,Starter,EMEA
C01712,2024-10,2024-12,50.0,Starter,EMEA
C01713,2024-10,2024-10,200.0,Pro,NA
C01713,2024-10,2024-11,200.0,Pro,NA
C01713,2024-10,2024-12,200.0,Pro,NA
C01714,2024-10,2024-10,50.0,Starter,NA
C01714,2024-10,2024-11,50.0,Starter,NA
C01714,2024-10,2024-12,50.0,Starter,NA
C01715,2024-10,2024-10,200.0,Pro,EMEA
C01715,2024-10,2024-11,200.0,Pro,EMEA
C01715,2024-10,2024-12,200.0,Pro,EMEA
C01716,2024-10,2024-10,200.0,Pro,NA
C01716,2024-10,2024-11,200.0,Pro,NA
C01716,2024-10,2024-12,200.0,Pro,NA
C01717,2024-10,2024-10,200.0,Pro,LATAM
C01718,2024-10,2024-10,50.0,Starter,NA
C01719,2024-10,2024-10,800.0,Enterprise,EMEA
C01719,2024-10,2024-11,800.0,Enterprise,EMEA
C01719,2024-10,2024-12,800.0,Enterprise,EMEA
C01720,2024-10,2024-10,800.0,Enterprise,EMEA
C01720,2024-10,2024-11,800.0,Enterprise,EMEA
C01720,2024-10,2024-12,800.0,Enterprise,EMEA
C01721,2024-10,2024-10,50.0,Starter,LATAM
C01721,2024-10,2024-11,60.0,Starter,LATAM
C01721,2024-10,2024-12,60.0,Starter,LATAM
C01722,2024-10,2024-10,200.0,Pro,APAC
C01722,2024-10,2024-11,200.0,Pro,APAC
C01722,2024-10,2024-12,170.0,Pro,APAC
C01723,2024-10,2024-10,200.0,Pro,NA
C01723,2024-10,2024-11,200.0,Pro,NA
C01723,2024-10,2024-12,200.0,Pro,NA
C01724,2024-10,2024-10,50.0,Starter,NA
C01724,2024-10,2024-11,50.0,Starter,NA
C01724,2024-10,2024-12,50.0,Starter,NA
C01725,2024-10,2024-10,800.0,Enterprise,LATAM
C01725,2024-10,2024-11,800.0,Enterprise,LATAM
C01725,2024-10,2024-12,800.0,Enterprise,LATAM
C01726,2024-10,2024-10,200.0,Pro,APAC
C01726,2024-10,2024-11,200.0,Pro,APAC
C01726,2024-10,2024-12,200.0,Pro,APAC
C01727,2024-10,2024-10,200.0,Pro,EMEA
C01727,2024-10,2024-11,200.0,Pro,EMEA
C01727,2024-10,2024-12,200.0,Pro,EMEA
C01728,2024-10,2024-10,50.0,Starter,EMEA
C01728,2024-10,2024-11,50.0,Starter,EMEA
C01728,2024-10,2024-12,50.0,Starter,EMEA
C01729,2024-10,2024-10,200.0,Pro,EMEA
C01729,2024-10,2024-11,200.0,Pro,EMEA
C01729,2024-10,2024-12,200.0,Pro,EMEA
C01730,2024-10,2024-10,200.0,Pro,EMEA
C01730,2024-10,2024-11,200.0,Pro,EMEA
C01730,2024-10,2024-12,200.0,Pro,EMEA
C01731,2024-10,2024-10,200.0,Pro,EMEA
C01731,2024-10,2024-11,170.0,Pro,EMEA
C01731,2024-10,2024-12,170.0,Pro,EMEA
C01732,2024-10,2024-10,50.0,Starter,NA
C01732,2024-10,2024-11,50.0,Starter,NA
C01732,2024-10,2024-12,60.0,Starter,NA
C01733,2024-10,2024-10,200.0,Pro,NA
C01733,2024-10,2024-11,200.0,Pro,NA
C01733,2024-10,2024-12,200.0,Pro,NA
C01734,2024-10,2024-10,50.0,Starter,NA
C01734,2024-10,2024-11,50.0,Starter,NA
C01734,2024-10,2024-12,50.0,Starter,NA
C01735,2024-10,2024-10,50.0,Starter,EMEA
C01736,2024-10,2024-10,200.0,Pro,NA
C01736,2024-10,2024-11,200.0,Pro,NA
C01736,2024-10,2024-12,200.0,Pro,NA
C01737,2024-10,2024-10,800.0,Enterprise,EMEA
C01737,2024-10,2024-11,800.0,Enterprise,EMEA
C01737,2024-10,2024-12,680.0,Enterprise,EMEA
C01738,2024-10,2024-10,200.0,Pro,LATAM
C01738,2024-10,2024-11,200.0,Pro,LATAM
C01738,2024-10,2024-12,200.0,Pro,LATAM
C01739,2024-10,2024-10,200.0,Pro,APAC
C01740,2024-10,2024-10,200.0,Pro,EMEA
C01740,2024-10,2024-11,170.0,Pro,EMEA
C01740,2024-10,2024-12,204.0,Pro,EMEA
C01741,2024-10,2024-10,200.0,Pro,EMEA
C01741,2024-10,2024-11,200.0,Pro,EMEA
C01741,2024-10,2024-12,200.0,Pro,EMEA
C01742,2024-10,2024-10,50.0,Starter,EMEA
C01742,2024-10,2024-11,50.0,Starter,EMEA
C01742,2024-10,2024-12,50.0,Starter,EMEA
C01743,2024-10,2024-10,200.0,Pro,APAC
C01743,2024-10,2024-11,240.0,Pro,APAC
C01743,2024-10,2024-12,240.0,Pro,APAC
C01744,2024-10,2024-10,50.0,Starter,NA
C01744,2024-10,2024-11,42.5,Starter,NA
C01744,2024-10,2024-12,42.5,Starter,NA
C01745,2024-10,2024-10,50.0,Starter,EMEA
C01745,2024-10,2024-11,50.0,Starter,EMEA
C01745,2024-10,2024-12,50.0,Starter,EMEA
C01746,2024-10,2024-10,200.0,Pro,EMEA
C01746,2024-10,2024-11,200.0,Pro,EMEA
C01746,2024-10,2024-12,200.0,Pro,EMEA
C01747,2024-10,2024-10,50.0,Starter,NA
C01747,2024-10,2024-11,60.0,Starter,NA
C01747,2024-10,2024-12,72.0,Starter,NA
C01748,2024-10,2024-10,50.0,Starter,APAC
C01748,2024-10,2024-11,50.0,Starter,APAC
C01748,2024-10,2024-12,50.0,Starter,APAC
C01749,2024-10,2024-10,200.0,Pro,NA
C01749,2024-10,2024-11,200.0,Pro,NA
C01749,2024-10,2024-12,200.0,Pro,NA
C01750,2024-10,2024-10,50.0,Starter,APAC
C01750,2024-10,2024-11,50.0,Starter,APAC
C01750,2024-10,2024-12,50.0,Starter,APAC
C01751,2024-10,2024-10,50.0,Starter,NA
C01751,2024-10,2024-11,50.0,Starter,NA
C01751,2024-10,2024-12,50.0,Starter,NA
C01752,2024-10,2024-10,50.0,Starter,NA
C01752,2024-10,2024-11,50.0,Starter,NA
C01752,2024-10,2024-12,60.0,Starter,NA
C01753,2024-10,2024-10,50.0,Starter,EMEA
C01753,2024-10,2024-11,60.0,Starter,EMEA
C01753,2024-10,2024-12,72.0,Starter,EMEA
C01754,2024-10,2024-10,50.0,Starter,APAC
C01754,2024-10,2024-11,50.0,Starter,APAC
C01754,2024-10,2024-12,50.0,Starter,APAC
C01755,2024-10,2024-10,200.0,Pro,EMEA
C01755,2024-10,2024-11,200.0,Pro,EMEA
C01755,2024-10,2024-12,200.0,Pro,EMEA
C01756,2024-10,2024-10,800.0,Enterprise,APAC
C01756,2024-10,2024-11,800.0,Enterprise,APAC
C01756,2024-10,2024-12,800.0,Enterprise,APAC
C01757,2024-10,2024-10,50.0,Starter,NA
C01757,2024-10,2024-11,50.0,Starter,NA
C01757,2024-10,2024-12,50.0,Starter,NA
C01758,2024-10,2024-10,50.0,Starter,EMEA
C01758,2024-10,2024-11,50.0,Starter,EMEA
C01758,2024-10,2024-12,50.0,Starter,EMEA
C01759,2024-10,2024-10,200.0,Pro,EMEA
C01759,2024-10,2024-11,200.0,Pro,EMEA
C01759,2024-10,2024-12,200.0,Pro,EMEA
C01760,2024-10,2024-10,50.0,Starter,EMEA
C01760,2024-10,2024-11,50.0,Starter,EMEA
C01760,2024-10,2024-12,42.5,Starter,EMEA
C01761,2024-10,2024-10,200.0,Pro,NA
C01761,2024-10,2024-11,200.0,Pro,NA
C01761,2024-10,2024-12,200.0,Pro,NA
C01762,2024-10,2024-10,50.0,Starter,NA
C01762,2024-10,2024-11,50.0,Starter,NA
C01762,2024-10,2024-12,50.0,Starter,NA
C01763,2024-10,2024-10,50.0,Starter,EMEA
C01763,2024-10,2024-11,50.0,Starter,EMEA
C01763,2024-10,2024-12,50.0,Starter,EMEA
C01764,2024-10,2024-10,200.0,Pro,EMEA
C01764,2024-10,2024-11,200.0,Pro,EMEA
C01764,2024-10,2024-12,200.0,Pro,EMEA
C01765,2024-10,2024-10,50.0,Starter,APAC
C01765,2024-10,2024-11,50.0,Starter,APAC
C01765,2024-10,2024-12,50.0,Starter,APAC
C01766,2024-10,2024-10,50.0,Starter,NA
C01766,2024-10,2024-11,50.0,Starter,NA
C01766,2024-10,2024-12,42.5,Starter,NA
C01767,2024-10,2024-10,200.0,Pro,EMEA
C01767,2024-10,2024-11,200.0,Pro,EMEA
C01767,2024-10,2024-12,240.0,Pro,EMEA
C01768,2024-10,2024-10,50.0,Starter,APAC
C01768,2024-10,2024-11,50.0,Starter,APAC
C01768,2024-10,2024-12,60.0,Starter,APAC
C01769,2024-10,2024-10,50.0,Starter,NA
C01770,2024-10,2024-10,50.0,Starter,EMEA
C01770,2024-10,2024-11,50.0,Starter,EMEA
C01770,2024-10,2024-12,60.0,Starter,EMEA
C01771,2024-10,2024-10,800.0,Enterprise,NA
C01771,2024-10,2024-11,800.0,Enterprise,NA
C01771,2024-10,2024-12,800.0,Enterprise,NA
C01772,2024-10,2024-10,50.0,Starter,NA
C01772,2024-10,2024-11,50.0,Starter,NA
C01772,2024-10,2024-12,50.0,Starter,NA
C01773,2024-10,2024-10,200.0,Pro,NA
C01773,2024-10,2024-11,240.0,Pro,NA
C01773,2024-10,2024-12,240.0,Pro,NA
C01774,2024-10,2024-10,200.0,Pro,APAC
C01774,2024-10,2024-11,240.0,Pro,APAC
C01774,2024-10,2024-12,288.0,Pro,APAC
C01775,2024-10,2024-10,200.0,Pro,NA
C01775,2024-10,2024-11,200.0,Pro,NA
C01775,2024-10,2024-12,200.0,Pro,NA
C01776,2024-10,2024-10,50.0,Starter,LATAM
C01776,2024-10,2024-11,50.0,Starter,LATAM
C01776,2024-10,2024-12,50.0,Starter,LATAM
C01777,2024-10,2024-10,50.0,Starter,EMEA
C01777,2024-10,2024-11,50.0,Starter,EMEA
C01777,2024-10,2024-12,60.0,Starter,EMEA
C01778,2024-10,2024-10,200.0,Pro,NA
C01778,2024-10,2024-11,200.0,Pro,NA
C01778,2024-10,2024-12,240.0,Pro,NA
C01779,2024-10,2024-10,50.0,Starter,NA
C01779,2024-10,2024-11,60.0,Starter,NA
C01779,2024-10,2024-12,72.0,Starter,NA
C01780,2024-10,2024-10,50.0,Starter,EMEA
C01780,2024-10,2024-11,50.0,Starter,EMEA
C01780,2024-10,2024-12,50.0,Starter,EMEA
C01781,2024-10,2024-10,200.0,Pro,EMEA
C01781,2024-10,2024-11,240.0,Pro,EMEA
C01781,2024-10,2024-12,240.0,Pro,EMEA
C01782,2024-10,2024-10,50.0,Starter,LATAM
C01782,2024-10,2024-11,50.0,Starter,LATAM
C01782,2024-10,2024-12,50.0,Starter,LATAM
C01783,2024-10,2024-10,50.0,Starter,EMEA
C01783,2024-10,2024-11,50.0,Starter,EMEA
C01783,2024-10,2024-12,50.0,Starter,EMEA
C01784,2024-10,2024-10,50.0,Starter,EMEA
C01784,2024-10,2024-11,50.0,Starter,EMEA
C01784,2024-10,2024-12,50.0,Starter,EMEA
C01785,2024-10,2024-10,200.0,Pro,NA
C01785,2024-10,2024-11,200.0,Pro,NA
C01785,2024-10,2024-12,200.0,Pro,NA
C01786,2024-11,2024-11,200.0,Pro,NA
C01786,2024-11,2024-12,240.0,Pro,NA
C01787,2024-11,2024-11,50.0,Starter,NA
C01787,2024-11,2024-12,50.0,Starter,NA
C01788,2024-11,2024-11,200.0,Pro,EMEA
C01788,2024-11,2024-12,200.0,Pro,EMEA
C01789,2024-11,2024-11,200.0,Pro,NA
C01790,2024-11,2024-11,50.0,Starter,APAC
C01790,2024-11,2024-12,50.0,Starter,APAC
C01791,2024-11,2024-11,50.0,Starter,EMEA
C01791,2024-11,2024-12,50.0,Starter,EMEA
C01792,2024-11,2024-11,50.0,Starter,APAC
C01792,2024-11,2024-12,50.0,Starter,APAC
C01793,2024-11,2024-11,200.0,Pro,NA
C01793,2024-11,2024-12,200.0,Pro,NA
C01794,2024-11,2024-11,800.0,Enterprise,NA
C01794,2024-11,2024-12,800.0,Enterprise,NA
C01795,2024-11,2024-11,800.0,Enterprise,NA
C01795,2024-11,2024-12,800.0,Enterprise,NA
C01796,2024-11,2024-11,50.0,Starter,EMEA
C01796,2024-11,2024-12,50.0,Starter,EMEA
C01797,2024-11,2024-11,50.0,Starter,NA
C01797,2024-11,2024-12,50.0,Starter,NA
C01798,2024-11,2024-11,200.0,Pro,EMEA
C01798,2024-11,2024-12,200.0,Pro,EMEA
C01799,2024-11,2024-11,50.0,Starter,APAC
C01799,2024-11,2024-12,50.0,Starter,APAC
C01800,2024-11,2024-11,200.0,Pro,NA
C01800,2024-11,2024-12,200.0,Pro,NA
C01801,2024-11,2024-11,800.0,Enterprise,APAC
C01801,2024-11,2024-12,800.0,Enterprise,APAC
C01802,2024-11,2024-11,50.0,Starter,APAC
C01802,2024-11,2024-12,50.0,Starter,APAC
C01803,2024-11,2024-11,50.0,Starter,EMEA
C01803,2024-11,2024-12,60.0,Starter,EMEA
C01804,2024-11,2024-11,50.0,Starter,EMEA
C01804,2024-11,2024-12,50.0,Starter,EMEA
C01805,2024-11,2024-11,200.0,Pro,LATAM
C01805,2024-11,2024-12,200.0,Pro,LATAM
C01806,2024-11,2024-11,50.0,Starter,NA
C01806,2024-11,2024-12,50.0,Starter,NA
C01807,2024-11,2024-11,50.0,Starter,APAC
C01807,2024-11,2024-12,50.0,Starter,APAC
C01808,2024-11,2024-11,200.0,Pro,APAC
C01809,2024-11,2024-11,50.0,Starter,NA
C01809,2024-11,2024-12,50.0,Starter,NA
C01810,2024-11,2024-11,800.0,Enterprise,NA
C01810,2024-11,2024-12,800.0,Enterprise,NA
C01811,2024-11,2024-11,200.0,Pro,NA
C01811,2024-11,2024-12,200.0,Pro,NA
C01812,2024-11,2024-11,200.0,Pro,NA
C01812,2024-11,2024-12,200.0,Pro,NA
C01813,2024-11,2024-11,800.0,Enterprise,NA
C01813,2024-11,2024-12,960.0,Enterprise,NA
C01814,2024-11,2024-11,800.0,Enterprise,EMEA
C01814,2024-11,2024-12,800.0,Enterprise,EMEA
C01815,2024-11,2024-11,50.0,Starter,NA
C01815,2024-11,2024-12,60.0,Starter,NA
C01816,2024-11,2024-11,50.0,Starter,NA
C01817,2024-11,2024-11,200.0,Pro,NA
C01817,2024-11,2024-12,200.0,Pro,NA
C01818,2024-11,2024-11,50.0,Starter,EMEA
C01818,2024-11,2024-12,50.0,Starter,EMEA
C01819,2024-11,2024-11,50.0,Starter,APAC
C01819,2024-11,2024-12,50.0,Starter,APAC
C01820,2024-11,2024-11,200.0,Pro,NA
C01820,2024-11,2024-12,200.0,Pro,NA
C01821,2024-11,2024-11,50.0,Starter,EMEA
C01821,2024-11,2024-12,50.0,Starter,EMEA
C01822,2024-11,2024-11,50.0,Starter,EMEA
C01822,2024-11,2024-12,50.0,Starter,EMEA
C01823,2024-11,2024-11,200.0,Pro,EMEA
C01823,2024-11,2024-12,200.0,Pro,EMEA
C01824,2024-11,2024-11,50.0,Starter,EMEA
C01824,2024-11,2024-12,50.0,Starter,EMEA
C01825,2024-11,2024-11,50.0,Starter,EMEA
C01825,2024-11,2024-12,50.0,Starter,EMEA
C01826,2024-11,2024-11,200.0,Pro,NA
C01826,2024-11,2024-12,240.0,Pro,NA
C01827,2024-11,2024-11,50.0,Starter,LATAM
C01827,2024-11,2024-12,50.0,Starter,LATAM
C01828,2024-11,2024-11,200.0,Pro,EMEA
C01828,2024-11,2024-12,200.0,Pro,EMEA
C01829,2024-11,2024-11,50.0,Starter,NA
C01830,2024-11,2024-11,800.0,Enterprise,EMEA
C01830,2024-11,2024-12,800.0,Enterprise,EMEA
C01831,2024-11,2024-11,800.0,Enterprise,NA
C01831,2024-11,2024-12,960.0,Enterprise,NA
C01832,2024-11,2024-11,200.0,Pro,NA
C01832,2024-11,2024-12,200.0,Pro,NA
C01833,2024-11,2024-11,50.0,Starter,LATAM
C01833,2024-11,2024-12,50.0,Starter,LATAM
C01834,2024-11,2024-11,50.0,Starter,EMEA
C01834,2024-11,2024-12,60.0,Starter,EMEA
C01835,2024-11,2024-11,50.0,Starter,EMEA
C01836,2024-11,2024-11,50.0,Starter,LATAM
C01836,2024-11,2024-12,60.0,Starter,LATAM
C01837,2024-11,2024-11,800.0,Enterprise,APAC
C01837,2024-11,2024-12,800.0,Enterprise,APAC
C01838,2024-11,2024-11,50.0,Starter,APAC
C01838,2024-11,2024-12,50.0,Starter,APAC
C01839,2024-11,2024-11,50.0,Starter,NA
C01839,2024-11,2024-12,50.0,Starter,NA
C01840,2024-11,2024-11,50.0,Starter,NA
C01841,2024-11,2024-11,800.0,Enterprise,NA
C01841,2024-11,2024-12,960.0,Enterprise,NA
C01842,2024-11,2024-11,50.0,Starter,NA
C01842,2024-11,2024-12,60.0,Starter,NA
C01843,2024-11,2024-11,200.0,Pro,NA
C01843,2024-11,2024-12,200.0,Pro,NA
C01844,2024-11,2024-11,200.0,Pro,APAC
C01844,2024-11,2024-12,200.0,Pro,APAC
C01845,2024-11,2024-11,200.0,Pro,EMEA
C01846,2024-11,2024-11,200.0,Pro,APAC
C01846,2024-11,2024-12,200.0,Pro,APAC
C01847,2024-11,2024-11,800.0,Enterprise,EMEA
C01847,2024-11,2024-12,800.0,Enterprise,EMEA
C01848,2024-11,2024-11,50.0,Starter,APAC
C01848,2024-11,2024-12,50.0,Starter,APAC
C01849,2024-11,2024-11,800.0,Enterprise,NA
C01849,2024-11,2024-12,800.0,Enterprise,NA
C01850,2024-11,2024-11,50.0,Starter,EMEA
C01851,2024-11,2024-11,200.0,Pro,NA
C01851,2024-11,2024-12,200.0,Pro,NA
C01852,2024-11,2024-11,800.0,Enterprise,APAC
C01852,2024-11,2024-12,800.0,Enterprise,APAC
C01853,2024-11,2024-11,50.0,Starter,EMEA
C01853,2024-11,2024-12,50.0,Starter,EMEA
C01854,2024-11,2024-11,50.0,Starter,LATAM
C01854,2024-11,2024-12,50.0,Starter,LATAM
C01855,2024-11,2024-11,50.0,Starter,NA
C01855,2024-11,2024-12,50.0,Starter,NA
C01856,2024-11,2024-11,200.0,Pro,NA
C01856,2024-11,2024-12,240.0,Pro,NA
C01857,2024-11,2024-11,200.0,Pro,EMEA
C01857,2024-11,2024-12,200.0,Pro,EMEA
C01858,2024-11,2024-11,50.0,Starter,EMEA
C01858,2024-11,2024-12,50.0,Starter,EMEA
C01859,2024-11,2024-11,50.0,Starter,LATAM
C01859,2024-11,2024-12,60.0,Starter,LATAM
C01860,2024-11,2024-11,200.0,Pro,APAC
C01860,2024-11,2024-12,200.0,Pro,APAC
C01861,2024-11,2024-11,50.0,Starter,EMEA
C01861,2024-11,2024-12,50.0,Starter,EMEA
C01862,2024-11,2024-11,50.0,Starter,EMEA
C01862,2024-11,2024-12,50.0,Starter,EMEA
C01863,2024-11,2024-11,50.0,Starter,APAC
C01863,2024-11,2024-12,50.0,Starter,APAC
C01864,2024-11,2024-11,50.0,Starter,EMEA
C01864,2024-11,2024-12,50.0,Starter,EMEA
C01865,2024-11,2024-11,200.0,Pro,NA
C01865,2024-11,2024-12,200.0,Pro,NA
C01866,2024-11,2024-11,50.0,Starter,NA
C01866,2024-11,2024-12,50.0,Starter,NA
C01867,2024-11,2024-11,200.0,Pro,NA
C01867,2024-11,2024-12,200.0,Pro,NA
C01868,2024-11,2024-11,800.0,Enterprise,EMEA
C01868,2024-11,2024-12,800.0,Enterprise,EMEA
C01869,2024-11,2024-11,200.0,Pro,EMEA
C01869,2024-11,2024-12,200.0,Pro,EMEA
C01870,2024-11,2024-11,50.0,Starter,NA
C01870,2024-11,2024-12,50.0,Starter,NA
C01871,2024-11,2024-11,50.0,Starter,APAC
C01871,2024-11,2024-12,50.0,Starter,APAC
C01872,2024-11,2024-11,50.0,Starter,NA
C01872,2024-11,2024-12,50.0,Starter,NA
C01873,2024-11,2024-11,200.0,Pro,NA
C01873,2024-11,2024-12,200.0,Pro,NA
C01874,2024-11,2024-11,50.0,Starter,APAC
C01874,2024-11,2024-12,50.0,Starter,APAC
C01875,2024-11,2024-11,50.0,Starter,NA
C01875,2024-11,2024-12,50.0,Starter,NA
C01876,2024-11,2024-11,200.0,Pro,NA
C01876,2024-11,2024-12,170.0,Pro,NA
C01877,2024-11,2024-11,50.0,Starter,LATAM
C01877,2024-11,2024-12,60.0,Starter,LATAM
C01878,2024-11,2024-11,200.0,Pro,NA
C01879,2024-11,2024-11,200.0,Pro,NA
C01879,2024-11,2024-12,240.0,Pro,NA
C01880,2024-11,2024-11,200.0,Pro,EMEA
C01880,2024-11,2024-12,200.0,Pro,EMEA
C01881,2024-11,2024-11,200.0,Pro,NA
C01881,2024-11,2024-12,200.0,Pro,NA
C01882,2024-11,2024-11,50.0,Starter,NA
C01882,2024-11,2024-12,60.0,Starter,NA
C01883,2024-11,2024-11,200.0,Pro,NA
C01883,2024-11,2024-12,200.0,Pro,NA
C01884,2024-11,2024-11,200.0,Pro,LATAM
C01884,2024-11,2024-12,200.0,Pro,LATAM
C01885,2024-12,2024-12,200.0,Pro,EMEA
C01886,2024-12,2024-12,50.0,Starter,NA
C01887,2024-12,2024-12,200.0,Pro,NA
C01888,2024-12,2024-12,50.0,Starter,EMEA
C01889,2024-12,2024-12,50.0,Starter,EMEA
C01890,2024-12,2024-12,50.0,Starter,NA
C01891,2024-12,2024-12,50.0,Starter,APAC
C01892,2024-12,2024-12,50.0,Starter,LATAM
C01893,2024-12,2024-12,200.0,Pro,NA
C01894,2024-12,2024-12,50.0,Starter,EMEA
C01895,2024-12,2024-12,50.0,Starter,EMEA
C01896,2024-12,2024-12,200.0,Pro,EMEA
C01897,2024-12,2024-12,200.0,Pro,LATAM
C01898,2024-12,2024-12,50.0,Starter,EMEA
C01899,2024-12,2024-12,50.0,Starter,APAC
C01900,2024-12,2024-12,200.0,Pro,NA
C01901,2024-12,2024-12,200.0,Pro,EMEA
C01902,2024-12,2024-12,200.0,Pro,NA
C01903,2024-12,2024-12,200.0,Pro,APAC
C01904,2024-12,2024-12,50.0,Starter,NA
C01905,2024-12,2024-12,200.0,Pro,EMEA
C01906,2024-12,2024-12,50.0,Starter,NA
C01907,2024-12,2024-12,200.0,Pro,NA
C01908,2024-12,2024-12,50.0,Starter,NA
C01909,2024-12,2024-12,200.0,Pro,EMEA
C01910,2024-12,2024-12,50.0,Starter,NA
C01911,2024-12,2024-12,50.0,Starter,NA
C01912,2024-12,2024-12,200.0,Pro,APAC
C01913,2024-12,2024-12,200.0,Pro,APAC
C01914,2024-12,2024-12,50.0,Starter,NA
C01915,2024-12,2024-12,50.0,Starter,LATAM
C01916,2024-12,2024-12,50.0,Starter,APAC
C01917,2024-12,2024-12,50.0,Starter,APAC
C01918,2024-12,2024-12,200.0,Pro,NA
C01919,2024-12,2024-12,50.0,Starter,EMEA
C01920,2024-12,2024-12,200.0,Pro,NA
C01921,2024-12,2024-12,200.0,Pro,NA
C01922,2024-12,2024-12,200.0,Pro,EMEA
C01923,2024-12,2024-12,200.0,Pro,APAC
C01924,2024-12,2024-12,50.0,Starter,APAC
C01925,2024-12,2024-12,50.0,Starter,NA
C01926,2024-12,2024-12,50.0,Starter,EMEA
C01927,2024-12,2024-12,50.0,Starter,NA
C01928,2024-12,2024-12,200.0,Pro,EMEA
C01929,2024-12,2024-12,50.0,Starter,EMEA
C01930,2024-12,2024-12,50.0,Starter,EMEA
C01931,2024-12,2024-12,50.0,Starter,APAC
C01932,2024-12,2024-12,50.0,Starter,NA
C01933,2024-12,2024-12,50.0,Starter,NA
C01934,2024-12,2024-12,50.0,Starter,NA
C01935,2024-12,2024-12,800.0,Enterprise,NA
C01936,2024-12,2024-12,200.0,Pro,APAC
C01937,2024-12,2024-12,50.0,Starter,LATAM
C01938,2024-12,2024-12,200.0,Pro,EMEA
C01939,2024-12,2024-12,800.0,Enterprise,EMEA
C01940,2024-12,2024-12,200.0,Pro,EMEA
C01941,2024-12,2024-12,50.0,Starter,NA
C01942,2024-12,2024-12,200.0,Pro,NA
C01943,2024-12,2024-12,800.0,Enterprise,NA
C01944,2024-12,2024-12,200.0,Pro,NA
C01945,2024-12,2024-12,50.0,Starter,APAC
C01946,2024-12,2024-12,50.0,Starter,NA
C01947,2024-12,2024-12,200.0,Pro,EMEA
C01948,2024-12,2024-12,50.0,Starter,NA
C01949,2024-12,2024-12,50.0,Starter,NA
C01950,2024-12,2024-12,200.0,Pro,APAC
C01951,2024-12,2024-12,50.0,Starter,NA
C01952,2024-12,2024-12,800.0,Enterprise,EMEA
C01953,2024-12,2024-12,200.0,Pro,EMEA
C01954,2024-12,2024-12,50.0,Starter,EMEA
C01955,2024-12,2024-12,50.0,Starter,LATAM
C01956,2024-12,2024-12,50.0,Starter,APAC
C01957,2024-12,2024-12,50.0,Starter,LATAM
C01958,2024-12,2024-12,50.0,Starter,NA
C01959,2024-12,2024-12,50.0,Starter,NA
C01960,2024-12,2024-12,200.0,Pro,LATAM
C01961,2024-12,2024-12,800.0,Enterprise,LATAM
C01962,2024-12,2024-12,50.0,Starter,NA
C01963,2024-12,2024-12,50.0,Starter,EMEA
C01964,2024-12,2024-12,200.0,Pro,NA
C01965,2024-12,2024-12,200.0,Pro,APAC
C01966,2024-12,2024-12,200.0,Pro,NA
C01967,2024-12,2024-12,800.0,Enterprise,EMEA
C01968,2024-12,2024-12,50.0,Starter,EMEA
C01969,2024-12,2024-12,50.0,Starter,LATAM
C01970,2024-12,2024-12,50.0,Starter,LATAM
C01971,2024-12,2024-12,200.0,Pro,NA
C01972,2024-12,2024-12,50.0,Starter,NA
C01973,2024-12,2024-12,200.0,Pro,APAC
C01974,2024-12,2024-12,200.0,Pro,NA
C01975,2024-12,2024-12,200.0,Pro,LATAM
C01976,2024-12,2024-12,50.0,Starter,APAC
C01977,2024-12,2024-12,50.0,Starter,APAC
C01978,2024-12,2024-12,800.0,Enterprise,NA
C01979,2024-12,2024-12,50.0,Starter,NA
C01980,2024-12,2024-12,50.0,Starter,EMEA
C01981,2024-12,2024-12,50.0,Starter,EMEA
C01982,2024-12,2024-12,200.0,Pro,NA
C01983,2024-12,2024-12,200.0,Pro,EMEA
C01984,2024-12,2024-12,800.0,Enterprise,APAC
C01985,2024-12,2024-12,50.0,Starter,EMEA
C01986,2024-12,2024-12,50.0,Starter,EMEA
C01987,2024-12,2024-12,50.0,Starter,LATAM
C01988,2024-12,2024-12,50.0,Starter,NA
C01989,2024-12,2024-12,50.0,Starter,NA
C01990,2024-12,2024-12,200.0,Pro,NA
C01991,2024-12,2024-12,50.0,Starter,APAC
C01992,2024-12,2024-12,50.0,Starter,APAC
C01993,2024-12,2024-12,800.0,Enterprise,NA
C01994,2024-12,2024-12,800.0,Enterprise,APAC
C01995,2024-12,2024-12,50.0,Starter,APAC
C01996,2024-12,2024-12,50.0,Starter,NA
C01997,2024-12,2024-12,50.0,Starter,APAC
C01998,2024-12,2024-12,200.0,Pro,NA
C01999,2024-12,2024-12,800.0,Enterprise,APAC
C02000,2024-12,2024-12,50.0,Starter,NA
